0000	7b 0d 0a 20 20 22 70 6f  69 6e 74 73 22 3a 20 5b   {..  "points": [
0010	0d 0a 20 20 20 20 7b 0d  0a 20 20 20 20 20 20 22   ..    {..      "
0020	69 64 22 3a 20 37 2c 0d  0a 20 20 20 20 20 20 22   id": 7,..      "
0030	76 65 63 74 6f 72 22 3a  20 7b 0d 0a 20 20 20 20   vector": {..    
0040	20 20 20 20 22 64 65 6e  73 65 22 3a 20 5b 0d 0a       "dense": [..
0050	20 20 20 20 20 20 20 20  20 20 2d 30 2e 30 35 30             -0.050
0060	30 38 37 32 37 33 31 32  30 38 38 30 31 33 2c 0d   08727312088013,.
0070	0a 20 20 20 20 20 20 20  20 20 20 2d 30 2e 30 32   .          -0.02
0080	30 34 37 36 39 33 35 34  33 31 33 36 31 32 2c 0d   04769354313612,.
0090	0a 20 20 20 20 20 20 20  20 20 20 30 2e 30 32 34   .          0.024
00a0	37 35 30 37 33 30 30 32  32 37 38 38 30 34 38 2c   750730022788048,
00b0	0d 0a 20 20 20 20 20 20  20 20 20 20 2d 30 2e 30   ..          -0.0
00c0	32 37 34 32 36 38 34 32  36 30 30 31 30 37 31 39   2742684260010719
00d0	33 2c 0d 0a 20 20 20 20  20 20 20 20 20 20 2d 30   3,..          -0
00e0	2e 30 30 36 32 37 34 32  32 33 33 32 37 36 33 36   .006274223327636
00f0	37 31 39 2c 0d 0a 20 20  20 20 20 20 20 20 20 20   719,..          
0100	30 2e 30 32 31 33 35 35  36 35 38 37 36 39 36 30   0.02135565876960
0110	37 35 34 34 2c 0d 0a 20  20 20 20 20 20 20 20 20   7544,..         
0120	20 30 2e 30 37 38 32 33  33 30 37 30 36 37 31 35    0.0782330706715
0130	35 38 33 38 2c 0d 0a 20  20 20 20 20 20 20 20 20   5838,..         
0140	20 2d 30 2e 30 30 32 39  31 32 34 33 37 37 37 36    -0.002912437776
0150	31 30 33 36 31 35 38 2c  0d 0a 20 20 20 20 20 20   1036158,..      
0160	20 20 20 20 30 2e 30 30  37 36 38 32 31 37 39 31       0.0076821791
0170	30 30 38 31 31 34 38 31  35 2c 0d 0a 20 20 20 20   008114815,..    
0180	20 20 20 20 20 20 2d 30  2e 30 33 38 38 35 30 32         -0.0388502
0190	35 35 33 31 30 35 33 35  34 33 2c 0d 0a 20 20 20   5531053543,..   
01a0	20 20 20 20 20 20 20 2d  30 2e 30 31 39 39 38 34          -0.019984
01b0	33 31 36 30 38 30 38 30  38 36 34 2c 0d 0a 20 20   31608080864,..  
01c0	20 20 20 20 20 20 20 20  2d 30 2e 30 35 35 30 36           -0.05506
01d0	36 37 31 32 32 30 30 36  34 31 36 33 2c 0d 0a 20   671220064163,.. 
01e0	20 20 20 20 20 20 20 20  20 30 2e 30 35 36 32 39            0.05629
01f0	31 35 39 38 38 32 36 36  34 36 38 30 35 2c 0d 0a   1598826646805,..
0200	20 20 20 20 20 20 20 20  20 20 30 2e 30 32 31 39             0.0219
0210	36 38 31 30 32 30 38 32  36 31 30 31 33 2c 0d 0a   6810208261013,..
0220	20 20 20 20 20 20 20 20  20 20 30 2e 30 34 33 34             0.0434
0230	35 36 39 30 30 38 36 34  38 33 39 35 35 34 2c 0d   56900864839554,.
0240	0a 20 20 20 20 20 20 20  20 20 20 2d 30 2e 30 34   .          -0.04
0250	33 32 37 30 35 30 35 39  36 34 37 35 36 30 31 2c   327050596475601,
0260	0d 0a 20 20 20 20 20 20  20 20 20 20 2d 30 2e 30   ..          -0.0
0270	30 30 38 34 31 36 39 34  35 33 34 37 35 36 32 34   0084169453475624
0280	33 32 2c 0d 0a 20 20 20  20 20 20 20 20 20 20 30   32,..          0
0290	2e 30 30 39 38 39 38 39  36 30 35 39 30 33 36 32   .009898960590362
02a0	35 34 39 2c 0d 0a 20 20  20 20 20 20 20 20 20 20   549,..          
02b0	30 2e 30 31 39 34 32 35  31 32 37 36 35 35 32 36   0.01942512765526
02c0	37 37 31 35 2c 0d 0a 20  20 20 20 20 20 20 20 20   7715,..         
02d0	20 2d 30 2e 30 30 38 37  35 33 39 35 36 32 39 35    -0.008753956295
02e0	35 34 39 38 37 2c 0d 0a  20 20 20 20 20 20 20 20   54987,..        
02f0	20 20 30 2e 30 30 33 31  35 30 34 32 35 36 31 38     0.003150425618
0300	35 31 34 34 31 38 36 2c  0d 0a 20 20 20 20 20 20   5144186,..      
0310	20 20 20 20 2d 30 2e 30  31 35 31 35 31 33 33 33       -0.015151333
0320	39 39 35 31 36 33 34 34  2c 0d 0a 20 20 20 20 20   99516344,..     
0330	20 20 20 20 20 2d 30 2e  30 35 33 39 34 38 33 33        -0.05394833
0340	35 33 34 39 35 35 39 37  38 34 2c 0d 0a 20 20 20   5349559784,..   
0350	20 20 20 20 20 20 20 30  2e 30 31 36 37 33 35 37          0.0167357
0360	30 30 38 39 30 34 32 31  38 36 37 2c 0d 0a 20 20   00890421867,..  
0370	20 20 20 20 20 20 20 20  2d 30 2e 30 31 39 35 35           -0.01955
0380	38 32 36 37 36 36 37 38  38 39 35 39 35 2c 0d 0a   8267667889595,..
0390	20 20 20 20 20 20 20 20  20 20 2d 30 2e 30 31 32             -0.012
03a0	39 35 34 35 32 33 37 38  36 39 30 32 34 32 38 2c   954523786902428,
03b0	0d 0a 20 20 20 20 20 20  20 20 20 20 30 2e 30 32   ..          0.02
03c0	30 32 33 37 32 38 31 39  31 38 35 32 35 36 39 36   0237281918525696
03d0	2c 0d 0a 20 20 20 20 20  20 20 20 20 20 2d 30 2e   ,..          -0.
03e0	30 31 35 39 36 33 34 38  37 33 32 37 30 39 38 38   0159634873270988
03f0	34 36 2c 0d 0a 20 20 20  20 20 20 20 20 20 20 30   46,..          0
0400	2e 30 30 31 35 33 32 37  37 34 34 31 38 35 39 32   .001532774418592
0410	34 35 33 2c 0d 0a 20 20  20 20 20 20 20 20 20 20   453,..          
0420	2d 30 2e 30 39 36 38 31  39 34 32 33 31 33 39 30   -0.0968194231390
0430	39 35 33 2c 0d 0a 20 20  20 20 20 20 20 20 20 20   953,..          
0440	30 2e 30 30 32 33 35 34  39 31 34 30 38 39 36 36   0.00235491408966
0450	34 38 31 37 2c 0d 0a 20  20 20 20 20 20 20 20 20   4817,..         
0460	20 30 2e 30 31 31 30 30  34 30 32 32 33 32 32 35    0.0110040223225
0470	39 35 31 32 2c 0d 0a 20  20 20 20 20 20 20 20 20   9512,..         
0480	20 2d 30 2e 30 37 31 35  32 32 38 31 37 30 31 35    -0.071522817015
0490	36 34 37 38 39 2c 0d 0a  20 20 20 20 20 20 20 20   64789,..        
04a0	20 20 30 2e 30 32 34 37  35 30 37 33 30 30 32 32     0.024750730022
04b0	37 38 38 30 34 38 2c 0d  0a 20 20 20 20 20 20 20   788048,..       
04c0	20 20 20 30 2e 30 33 35  36 32 38 32 37 30 33 35      0.03562827035
04d0	37 38 34 37 32 31 34 2c  0d 0a 20 20 20 20 20 20   7847214,..      
04e0	20 20 20 20 2d 30 2e 30  33 37 31 34 36 30 36 35       -0.037146065
04f0	33 38 34 31 34 39 35 35  2c 0d 0a 20 20 20 20 20   38414955,..     
0500	20 20 20 20 20 30 2e 30  30 35 32 30 35 37 37 34        0.005205774
0510	36 37 39 37 38 30 30 30  36 2c 0d 0a 20 20 20 20   679780006,..    
0520	20 20 20 20 20 20 2d 30  2e 30 32 38 36 32 35 31         -0.0286251
0530	30 32 37 31 33 37 30 34  31 31 2c 0d 0a 20 20 20   0271370411,..   
0540	20 20 20 20 20 20 20 30  2e 30 30 33 30 36 35 35          0.0030655
0550	34 38 38 33 37 31 38 34  39 30 36 2c 0d 0a 20 20   48837184906,..  
0560	20 20 20 20 20 20 20 20  30 2e 30 35 30 34 38 36           0.050486
0570	36 39 35 30 32 31 33 39  30 39 31 35 2c 0d 0a 20   695021390915,.. 
0580	20 20 20 20 20 20 20 20  20 30 2e 30 32 31 38 34            0.02184
0590	38 32 37 36 32 35 37 35  31 34 39 35 34 2c 0d 0a   8276257514954,..
05a0	20 20 20 20 20 20 20 20  20 20 30 2e 30 31 36 38             0.0168
05b0	39 35 34 36 37 34 31 35  34 35 32 30 30 33 2c 0d   95467415452003,.
05c0	0a 20 20 20 20 20 20 20  20 20 20 2d 30 2e 30 36   .          -0.06
05d0	30 39 37 38 31 32 39 35  30 36 31 31 31 31 34 35   0978129506111145
05e0	2c 0d 0a 20 20 20 20 20  20 20 20 20 20 2d 30 2e   ,..          -0.
05f0	30 33 37 32 35 32 35 37  35 31 35 39 30 37 32 38   0372525751590728
0600	37 36 2c 0d 0a 20 20 20  20 20 20 20 20 20 20 30   76,..          0
0610	2e 30 39 30 39 36 31 32  36 32 35 38 33 37 33 32   .090961262583732
0620	36 2c 0d 0a 20 20 20 20  20 20 20 20 20 20 2d 30   6,..          -0
0630	2e 30 33 37 39 34 34 39  30 35 34 35 39 38 38 30   .037944905459880
0640	38 33 2c 0d 0a 20 20 20  20 20 20 20 20 20 20 30   83,..          0
0650	2e 30 33 33 31 32 35 32  33 36 36 33 30 34 33 39   .033125236630439
0660	37 36 2c 0d 0a 20 20 20  20 20 20 20 20 20 20 2d   76,..          -
0670	30 2e 30 31 37 34 30 31  34 30 30 39 35 33 35 33   0.01740140095353
0680	31 32 36 35 2c 0d 0a 20  20 20 20 20 20 20 20 20   1265,..         
0690	20 30 2e 30 34 36 34 39  32 34 39 34 36 34 32 37    0.0464924946427
06a0	33 34 35 33 2c 0d 0a 20  20 20 20 20 20 20 20 20   3453,..         
06b0	20 30 2e 30 33 35 32 35  35 34 37 36 38 33 32 33    0.0352554768323
06c0	38 39 38 33 2c 0d 0a 20  20 20 20 20 20 20 20 20   8983,..         
06d0	20 30 2e 30 30 39 35 39  39 33 39 35 30 39 36 33    0.0095993950963
06e0	30 32 30 33 32 2c 0d 0a  20 20 20 20 20 20 20 20   02032,..        
06f0	20 20 30 2e 30 35 32 38  30 33 33 33 30 31 32 33     0.052803330123
0700	34 32 34 35 33 2c 0d 0a  20 20 20 20 20 20 20 20   42453,..        
0710	20 20 30 2e 30 30 39 33  32 36 34 35 37 39 37 37     0.009326457977
0720	32 39 34 39 32 32 2c 0d  0a 20 20 20 20 20 20 20   294922,..       
0730	20 20 20 30 2e 30 31 35  31 39 31 32 37 35 36 32      0.01519127562
0740	36 34 32 30 39 37 35 2c  0d 0a 20 20 20 20 20 20   6420975,..      
0750	20 20 20 20 2d 30 2e 30  35 33 34 36 39 30 33 32       -0.053469032
0760	30 34 39 31 37 39 30 38  2c 0d 0a 20 20 20 20 20   04917908,..     
0770	20 20 20 20 20 30 2e 30  33 37 34 33 38 39 37 33        0.037438973
0780	37 38 34 34 34 36 37 31  36 2c 0d 0a 20 20 20 20   784446716,..    
0790	20 20 20 20 20 20 30 2e  30 31 35 36 33 30 36 33         0.01563063
07a0	38 32 32 36 38 36 36 37  32 32 2c 0d 0a 20 20 20   8226866722,..   
07b0	20 20 20 20 20 20 20 30  2e 30 30 36 39 36 39 38          0.0069698
07c0	37 39 38 34 37 30 31 39  39 31 31 2c 0d 0a 20 20   79847019911,..  
07d0	20 20 20 20 20 20 20 20  30 2e 30 36 39 34 34 35           0.069445
07e0	38 33 33 35 36 33 38 30  34 36 33 2c 0d 0a 20 20   83356380463,..  
07f0	20 20 20 20 20 20 20 20  2d 30 2e 30 32 30 33 34           -0.02034
0800	33 37 39 35 34 31 38 37  33 39 33 32 2c 0d 0a 20   379541873932,.. 
0810	20 20 20 20 20 20 20 20  20 30 2e 30 33 31 38 34            0.03184
0820	37 30 39 33 32 35 34 33  32 37 37 37 34 2c 0d 0a   7093254327774,..
0830	20 20 20 20 20 20 20 20  20 20 30 2e 30 32 32 33             0.0223
0840	34 30 38 39 35 36 30 38  30 36 37 35 31 33 2c 0d   40895608067513,.
0850	0a 20 20 20 20 20 20 20  20 20 20 2d 30 2e 31 39   .          -0.19
0860	34 35 39 37 34 35 32 38  37 38 39 35 32 30 33 2c   459745287895203,
0870	0d 0a 20 20 20 20 20 20  20 20 20 20 30 2e 30 30   ..          0.00
0880	30 34 37 31 38 31 34 39  34 33 30 31 31 38 35 30   0471814943011850
0890	31 2c 0d 0a 20 20 20 20  20 20 20 20 20 20 2d 30   1,..          -0
08a0	2e 30 34 38 32 34 39 39  34 31 33 31 39 32 32 37   .048249941319227
08b0	32 32 2c 0d 0a 20 20 20  20 20 20 20 20 20 20 30   22,..          0
08c0	2e 30 30 31 31 34 37 35  30 30 34 37 32 31 34 33   .001147500472143
08d0	32 39 32 34 2c 0d 0a 20  20 20 20 20 20 20 20 20   2924,..         
08e0	20 30 2e 30 32 36 32 35  35 32 31 30 38 36 31 35    0.0262552108615
08f0	36 33 36 38 33 2c 0d 0a  20 20 20 20 20 20 20 20   63683,..        
0900	20 20 30 2e 30 34 32 34  34 35 30 33 37 35 31 33     0.042445037513
0910	39 37 31 33 33 2c 0d 0a  20 20 20 20 20 20 20 20   97133,..        
0920	20 20 2d 30 2e 30 33 35  33 36 31 39 38 36 36 30     -0.03536198660
0930	37 33 31 33 31 35 36 2c  0d 0a 20 20 20 20 20 20   7313156,..      
0940	20 20 20 20 30 2e 30 32  38 32 32 35 36 38 32 36       0.0282256826
0950	37 35 38 33 38 34 37 2c  0d 0a 20 20 20 20 20 20   7583847,..      
0960	20 20 20 20 30 2e 30 30  30 39 38 37 37 33 32 35       0.0009877325
0970	35 30 31 32 39 32 39 34  34 2c 0d 0a 20 20 20 20   501292944,..    
0980	20 20 20 20 20 20 2d 30  2e 30 33 39 37 32 38 39         -0.0397289
0990	38 30 35 31 31 34 32 36  39 32 36 2c 0d 0a 20 20   80511426926,..  
09a0	20 20 20 20 20 20 20 20  2d 30 2e 30 31 33 38 38           -0.01388
09b0	36 35 30 33 38 37 35 32  35 35 35 38 35 2c 0d 0a   6503875255585,..
09c0	20 20 20 20 20 20 20 20  20 20 30 2e 30 35 32 30             0.0520
09d0	38 34 33 37 35 31 37 32  38 35 33 34 37 2c 0d 0a   8437517285347,..
09e0	20 20 20 20 20 20 20 20  20 20 30 2e 30 31 39 30             0.0190
09f0	35 32 33 33 35 39 39 32  34 35 35 34 38 32 2c 0d   52335992455482,.
0a00	0a 20 20 20 20 20 20 20  20 20 20 2d 30 2e 30 31   .          -0.01
0a10	33 39 32 36 34 34 35 35  30 36 35 31 33 31 31 39   3926445506513119
0a20	2c 0d 0a 20 20 20 20 20  20 20 20 20 20 2d 30 2e   ,..          -0.
0a30	30 32 33 33 39 32 37 30  31 35 32 31 35 31 35 38   0233927015215158
0a40	34 36 2c 0d 0a 20 20 20  20 20 20 20 20 20 20 30   46,..          0
0a50	2e 30 32 31 31 32 39 33  32 31 33 30 36 39 34 33   .021129321306943
0a60	38 39 33 2c 0d 0a 20 20  20 20 20 20 20 20 20 20   893,..          
0a70	2d 30 2e 30 36 33 39 30  37 32 30 36 30 35 38 35   -0.0639072060585
0a80	30 32 32 2c 0d 0a 20 20  20 20 20 20 20 20 20 20   022,..          
0a90	30 2e 30 31 30 35 39 31  32 38 38 30 39 37 32 30   0.01059128809720
0aa0	32 37 37 38 2c 0d 0a 20  20 20 20 20 20 20 20 20   2778,..         
0ab0	20 30 2e 30 31 35 36 31  37 33 32 34 30 33 39 33    0.0156173240393
0ac0	34 30 30 32 2c 0d 0a 20  20 20 20 20 20 20 20 20   4002,..         
0ad0	20 30 2e 30 36 31 30 38  34 36 33 39 32 38 31 30    0.0610846392810
0ae0	33 34 34 37 2c 0d 0a 20  20 20 20 20 20 20 20 20   3447,..         
0af0	20 2d 30 2e 30 34 39 38  34 37 36 32 31 34 37 30    -0.049847621470
0b00	36 38 39 37 37 34 2c 0d  0a 20 20 20 20 20 20 20   689774,..       
0b10	20 20 20 2d 30 2e 30 33  39 39 31 35 33 37 35 34      -0.0399153754
0b20	31 31 35 31 30 34 37 2c  0d 0a 20 20 20 20 20 20   1151047,..      
0b30	20 20 20 20 30 2e 30 32  33 36 31 39 30 33 38 39       0.0236190389
0b40	38 34 31 37 39 34 39 37  2c 0d 0a 20 20 20 20 20   84179497,..     
0b50	20 20 20 20 20 2d 30 2e  30 33 39 35 31 35 39 35        -0.03951595
0b60	37 32 33 36 32 38 39 39  38 2c 0d 0a 20 20 20 20   723628998,..    
0b70	20 20 20 20 20 20 2d 30  2e 30 32 31 34 34 38 38         -0.0214488
0b80	35 36 32 31 39 36 34 39  33 31 35 2c 0d 0a 20 20   56219649315,..  
0b90	20 20 20 20 20 20 20 20  30 2e 30 33 31 36 33 34           0.031634
0ba0	30 36 36 32 35 33 39 30  30 35 33 2c 0d 0a 20 20   06625390053,..  
0bb0	20 20 20 20 20 20 20 20  2d 30 2e 30 35 34 35 33           -0.05453
0bc0	34 31 35 32 31 35 30 31  35 34 31 31 34 2c 0d 0a   4152150154114,..
0bd0	20 20 20 20 20 20 20 20  20 20 2d 30 2e 30 31 34             -0.014
0be0	33 37 39 31 32 31 33 36  33 31 36 32 39 39 34 2c   379121363162994,
0bf0	0d 0a 20 20 20 20 20 20  20 20 20 20 30 2e 30 34   ..          0.04
0c00	36 32 37 39 34 37 31 33  36 37 35 39 37 35 38 2c   627947136759758,
0c10	0d 0a 20 20 20 20 20 20  20 20 20 20 30 2e 30 30   ..          0.00
0c20	38 30 30 31 37 31 34 39  34 34 38 33 39 34 37 38   8001714944839478
0c30	2c 0d 0a 20 20 20 20 20  20 20 20 20 20 30 2e 30   ,..          0.0
0c40	30 38 33 31 34 35 39 33  36 39 35 31 30 34 31 32   0831459369510412
0c50	32 2c 0d 0a 20 20 20 20  20 20 20 20 20 20 30 2e   2,..          0.
0c60	30 33 32 34 33 32 39 30  36 33 32 39 36 33 31 38   0324329063296318
0c70	30 35 2c 0d 0a 20 20 20  20 20 20 20 20 20 20 2d   05,..          -
0c80	30 2e 30 33 33 37 31 31  30 35 33 34 33 31 30 33   0.03371105343103
0c90	34 30 39 2c 0d 0a 20 20  20 20 20 20 20 20 20 20   409,..          
0ca0	2d 30 2e 30 33 32 36 31  39 33 30 34 39 35 35 30   -0.0326193049550
0cb0	30 35 36 34 36 2c 0d 0a  20 20 20 20 20 20 20 20   05646,..        
0cc0	20 20 30 2e 30 34 31 39  36 35 37 33 34 32 31 33     0.041965734213
0cd0	35 39 30 36 32 2c 0d 0a  20 20 20 20 20 20 20 20   59062,..        
0ce0	20 20 2d 30 2e 30 32 33  39 35 31 38 38 39 39 34     -0.02395188994
0cf0	37 30 35 36 37 37 2c 0d  0a 20 20 20 20 20 20 20   705677,..       
0d00	20 20 20 30 2e 30 30 35  32 38 38 39 38 36 39 35      0.00528898695
0d10	34 38 33 38 30 33 37 35  2c 0d 0a 20 20 20 20 20   48380375,..     
0d20	20 20 20 20 20 30 2e 34  34 37 37 37 36 34 39 36        0.447776496
0d30	34 31 30 33 36 39 39 2c  0d 0a 20 20 20 20 20 20   4103699,..      
0d40	20 20 20 20 30 2e 30 35  34 33 34 37 37 35 33 35       0.0543477535
0d50	32 34 37 38 30 32 37 2c  0d 0a 20 20 20 20 20 20   2478027,..      
0d60	20 20 20 20 30 2e 30 34  31 35 36 36 33 31 32 33       0.0415663123
0d70	31 33 30 37 39 38 33 34  2c 0d 0a 20 20 20 20 20   13079834,..     
0d80	20 20 20 20 20 2d 30 2e  30 35 37 31 39 36 39 35        -0.05719695
0d90	32 34 30 32 35 39 31 37  30 35 2c 0d 0a 20 20 20   2402591705,..   
0da0	20 20 20 20 20 20 20 30  2e 30 31 38 38 35 32 36          0.0188526
0db0	32 36 39 30 34 38 34 35  32 33 38 2c 0d 0a 20 20   26904845238,..  
0dc0	20 20 20 20 20 20 20 20  30 2e 30 32 31 31 36 39           0.021169
0dd0	32 36 32 30 30 36 38 37  38 38 35 33 2c 0d 0a 20   262006878853,.. 
0de0	20 20 20 20 20 20 20 20  20 30 2e 30 30 35 31 33            0.00513
0df0	39 32 30 34 36 37 33 34  36 39 30 36 37 2c 0d 0a   9204673469067,..
0e00	20 20 20 20 20 20 20 20  20 20 30 2e 30 33 33 32             0.0332
0e10	38 35 30 30 33 31 35 35  34 36 39 38 39 34 2c 0d   85003155469894,.
0e20	0a 20 20 20 20 20 20 20  20 20 20 2d 30 2e 30 32   .          -0.02
0e30	30 35 37 30 31 33 32 38  38 31 34 30 32 39 37 2c   057013288140297,
0e40	0d 0a 20 20 20 20 20 20  20 20 20 20 30 2e 30 31   ..          0.01
0e50	32 36 32 38 33 33 30 38  34 39 31 31 31 30 38 2c   262833084911108,
0e60	0d 0a 20 20 20 20 20 20  20 20 20 20 30 2e 30 30   ..          0.00
0e70	37 37 36 32 30 36 32 38  32 38 39 38 37 38 33 37   7762062828987837
0e80	2c 0d 0a 20 20 20 20 20  20 20 20 20 20 2d 30 2e   ,..          -0.
0e90	30 31 33 37 32 36 37 33  35 34 38 37 35 38 30 33   0137267354875803
0ea0	2c 0d 0a 20 20 20 20 20  20 20 20 20 20 30 2e 30   ,..          0.0
0eb0	30 30 33 33 36 38 30 32  36 32 32 37 36 39 30 32   0033680262276902
0ec0	37 39 35 2c 0d 0a 20 20  20 20 20 20 20 20 20 20   795,..          
0ed0	30 2e 30 35 39 38 30 36  34 39 35 39 30 34 39 32   0.05980649590492
0ee0	32 34 38 35 2c 0d 0a 20  20 20 20 20 20 20 20 20   2485,..         
0ef0	20 2d 30 2e 30 34 34 38  31 34 39 32 39 33 36 36    -0.044814929366
0f00	31 31 31 37 35 35 2c 0d  0a 20 20 20 20 20 20 20   111755,..       
0f10	20 20 20 2d 30 2e 30 36  36 36 32 33 32 36 33 30      -0.0666232630
0f20	36 31 30 34 36 36 2c 0d  0a 20 20 20 20 20 20 20   610466,..       
0f30	20 20 20 30 2e 30 38 35  32 30 39 36 30 38 30 37      0.08520960807
0f40	38 30 30 32 39 33 2c 0d  0a 20 20 20 20 20 20 20   800293,..       
0f50	20 20 20 30 2e 30 31 37  35 32 31 32 32 36 37 37      0.01752122677
0f60	38 36 32 36 34 34 32 2c  0d 0a 20 20 20 20 20 20   8626442,..      
0f70	20 20 20 20 2d 30 2e 30  30 35 33 33 35 35 38 36       -0.005335586
0f80	31 34 35 35 32 30 32 31  2c 0d 0a 20 20 20 20 20   14552021,..     
0f90	20 20 20 20 20 30 2e 30  31 31 31 37 30 34 34 37        0.011170447
0fa0	38 30 34 30 33 33 37 35  36 2c 0d 0a 20 20 20 20   804033756,..    
0fb0	20 20 20 20 20 20 30 2e  30 30 30 37 30 33 35 36         0.00070356
0fc0	31 37 36 30 30 31 39 35  31 31 2c 0d 0a 20 20 20   1760019511,..   
0fd0	20 20 20 20 20 20 20 2d  30 2e 30 32 39 33 31 37          -0.029317
0fe0	34 33 31 31 35 31 38 36  36 39 31 33 2c 0d 0a 20   431151866913,.. 
0ff0	20 20 20 20 20 20 20 20  20 2d 30 2e 30 31 33 36            -0.0136
1000	36 30 31 36 35 34 38 31  32 36 39 33 36 2c 0d 0a   6016548126936,..
1010	20 20 20 20 20 20 20 20  20 20 2d 30 2e 30 31 39             -0.019
1020	34 33 38 34 34 31 38 34  32 37 39 34 34 32 2c 0d   43844184279442,.
1030	0a 20 20 20 20 20 20 20  20 20 20 2d 30 2e 30 35   .          -0.05
1040	31 33 36 35 34 32 30 32  32 32 32 38 32 34 31 2c   136542022228241,
1050	0d 0a 20 20 20 20 20 20  20 20 20 20 30 2e 30 32   ..          0.02
1060	36 32 39 35 31 35 33 34  32 34 31 34 33 37 39 2c   629515342414379,
1070	0d 0a 20 20 20 20 20 20  20 20 20 20 2d 30 2e 30   ..          -0.0
1080	34 38 30 33 36 39 31 38  30 34 34 30 39 30 32 37   4803691804409027
1090	2c 0d 0a 20 20 20 20 20  20 20 20 20 20 30 2e 30   ,..          0.0
10a0	33 38 38 37 36 38 38 33  36 38 35 35 38 38 38 34   3887688368558884
10b0	2c 0d 0a 20 20 20 20 20  20 20 20 20 20 30 2e 30   ,..          0.0
10c0	34 38 35 39 36 31 30 36  34 36 39 36 33 31 31 39   4859610646963119
10d0	35 2c 0d 0a 20 20 20 20  20 20 20 20 20 20 2d 30   5,..          -0
10e0	2e 30 32 32 36 36 30 34  33 30 35 32 30 37 37 32   .022660430520772
10f0	39 33 34 2c 0d 0a 20 20  20 20 20 20 20 20 20 20   934,..          
1100	30 2e 30 34 31 31 39 33  35 32 32 35 31 32 39 31   0.04119352251291
1110	32 37 35 2c 0d 0a 20 20  20 20 20 20 20 20 20 20   275,..          
1120	30 2e 30 37 36 37 34 31  39 30 34 30 32 30 33 30   0.07674190402030
1130	39 34 35 2c 0d 0a 20 20  20 20 20 20 20 20 20 20   945,..          
1140	2d 30 2e 30 38 33 38 37  38 32 31 31 36 37 37 30   -0.0838782116770
1150	37 34 34 33 2c 0d 0a 20  20 20 20 20 20 20 20 20   7443,..         
1160	20 2d 30 2e 30 30 33 39  39 37 35 32 38 39 32 35    -0.003997528925
1170	35 33 38 30 36 33 2c 0d  0a 20 20 20 20 20 20 20   538063,..       
1180	20 20 20 2d 30 2e 30 33  35 37 33 34 37 38 30 31      -0.0357347801
1190	33 32 37 37 30 35 34 2c  0d 0a 20 20 20 20 20 20   3277054,..      
11a0	20 20 20 20 30 2e 30 30  32 30 35 35 33 34 39 30       0.0020553490
11b0	36 31 32 36 35 35 38 38  2c 0d 0a 20 20 20 20 20   61265588,..     
11c0	20 20 20 20 20 2d 30 2e  30 34 32 33 33 38 35 32        -0.04233852
11d0	34 30 31 33 37 35 37 37  30 36 2c 0d 0a 20 20 20   4013757706,..   
11e0	20 20 20 20 20 20 20 2d  30 2e 30 31 36 38 31 35          -0.016815
11f0	35 38 34 31 35 32 39 33  36 39 33 35 2c 0d 0a 20   584152936935,.. 
1200	20 20 20 20 20 20 20 20  20 2d 30 2e 30 31 30 36            -0.0106
1210	30 34 36 30 32 32 38 34  37 32 39 34 38 2c 0d 0a   0460228472948,..
1220	20 20 20 20 20 20 20 20  20 20 30 2e 30 30 32 35             0.0025
1230	38 36 32 34 34 38 33 38  33 31 32 32 36 38 33 2c   862448383122683,
1240	0d 0a 20 20 20 20 20 20  20 20 20 20 2d 30 2e 30   ..          -0.0
1250	34 31 35 39 32 39 34 30  36 38 38 31 33 33 32 34   4159294068813324
1260	2c 0d 0a 20 20 20 20 20  20 20 20 20 20 30 2e 30   ,..          0.0
1270	32 33 38 37 32 30 30 34  38 32 31 38 39 36 35 35   2387200482189655
1280	33 2c 0d 0a 20 20 20 20  20 20 20 20 20 20 2d 30   3,..          -0
1290	2e 30 37 31 36 32 39 33  33 30 35 31 35 38 36 31   .071629330515861
12a0	35 31 2c 0d 0a 20 20 20  20 20 20 20 20 20 20 30   51,..          0
12b0	2e 30 31 33 37 32 36 37  33 35 34 38 37 35 38 30   .013726735487580
12c0	33 2c 0d 0a 20 20 20 20  20 20 20 20 20 20 2d 30   3,..          -0
12d0	2e 30 36 35 39 38 34 31  38 39 35 31 30 33 34 35   .065984189510345
12e0	34 36 2c 0d 0a 20 20 20  20 20 20 20 20 20 20 2d   46,..          -
12f0	30 2e 30 37 32 34 38 31  34 32 33 36 31 36 34 30   0.07248142361640
1300	39 33 2c 0d 0a 20 20 20  20 20 20 20 20 20 20 2d   93,..          -
1310	30 2e 30 30 31 32 34 39  30 31 39 37 35 35 30 35   0.00124901975505
1320	30 35 34 2c 0d 0a 20 20  20 20 20 20 20 20 20 20   054,..          
1330	2d 30 2e 30 33 32 31 36  36 36 32 36 33 30 34 33   -0.0321666263043
1340	38 38 30 34 36 2c 0d 0a  20 20 20 20 20 20 20 20   88046,..        
1350	20 20 30 2e 30 31 36 32  35 36 33 39 35 37 32 37     0.016256395727
1360	33 39 36 30 31 2c 0d 0a  20 20 20 20 20 20 20 20   39601,..        
1370	20 20 2d 30 2e 30 35 32  33 32 34 30 32 36 38 32     -0.05232402682
1380	33 30 34 33 38 32 2c 0d  0a 20 20 20 20 20 20 20   304382,..       
1390	20 20 20 30 2e 30 30 34  38 33 32 39 38 32 35 35      0.00483298255
13a0	31 33 30 36 34 38 36 2c  0d 0a 20 20 20 20 20 20   1306486,..      
13b0	20 20 20 20 2d 30 2e 30  30 36 34 38 33 39 31 38       -0.006483918
13c0	39 38 37 32 31 34 35 36  35 2c 0d 0a 20 20 20 20   987214565,..    
13d0	20 20 20 20 20 20 2d 30  2e 30 33 33 35 37 37 39         -0.0335779
13e0	31 31 35 35 35 37 36 37  30 36 2c 0d 0a 20 20 20   1155576706,..   
13f0	20 20 20 20 20 20 20 30  2e 30 31 32 39 30 31 32          0.0129012
1400	36 37 39 36 38 31 31 38  31 39 2c 0d 0a 20 20 20   6796811819,..   
1410	20 20 20 20 20 20 20 2d  30 2e 30 36 31 35 36 33          -0.061563
1420	39 34 32 35 38 31 34 31  35 31 37 36 2c 0d 0a 20   942581415176,.. 
1430	20 20 20 20 20 20 20 20  20 2d 30 2e 30 31 31 35            -0.0115
1440	30 39 39 35 33 39 39 38  30 32 39 32 33 32 2c 0d   09953998029232,.
1450	0a 20 20 20 20 20 20 20  20 20 20 30 2e 30 33 37   .          0.037
1460	39 31 38 32 37 37 30 38  34 38 32 37 34 32 2c 0d   91827708482742,.
1470	0a 20 20 20 20 20 20 20  20 20 20 30 2e 30 37 34   .          0.074
1480	36 31 31 36 36 33 38 31  38 33 35 39 33 38 2c 0d   61166381835938,.
1490	0a 20 20 20 20 20 20 20  20 20 20 30 2e 30 34 36   .          0.046
14a0	36 32 35 36 33 32 37 39  32 37 31 31 32 36 2c 0d   62563279271126,.
14b0	0a 20 20 20 20 20 20 20  20 20 20 2d 30 2e 30 33   .          -0.03
14c0	36 31 30 37 35 37 33 36  35 38 32 32 37 39 32 2c   610757365822792,
14d0	0d 0a 20 20 20 20 20 20  20 20 20 20 30 2e 30 30   ..          0.00
14e0	36 39 36 39 38 37 39 38  34 37 30 31 39 39 31 31   6969879847019911
14f0	2c 0d 0a 20 20 20 20 20  20 20 20 20 20 30 2e 30   ,..          0.0
1500	32 35 39 34 38 39 39 30  31 33 36 33 38 34 39 36   2594899013638496
1510	34 2c 0d 0a 20 20 20 20  20 20 20 20 20 20 2d 30   4,..          -0
1520	2e 30 35 32 35 31 30 34  32 31 37 32 33 31 32 37   .052510421723127
1530	33 36 35 2c 0d 0a 20 20  20 20 20 20 20 20 20 20   365,..          
1540	2d 30 2e 30 32 30 33 34  33 37 39 35 34 31 38 37   -0.0203437954187
1550	33 39 33 32 2c 0d 0a 20  20 20 20 20 20 20 20 20   3932,..         
1560	20 30 2e 31 32 38 30 32  37 34 33 39 31 31 37 34    0.1280274391174
1570	33 31 36 34 2c 0d 0a 20  20 20 20 20 20 20 20 20   3164,..         
1580	20 30 2e 30 30 34 36 34  36 35 38 36 37 31 39 39    0.0046465867199
1590	30 30 33 37 2c 0d 0a 20  20 20 20 20 20 20 20 20   0037,..         
15a0	20 2d 30 2e 30 39 36 30  37 33 38 33 36 30 38 38    -0.096073836088
15b0	31 38 30 35 34 2c 0d 0a  20 20 20 20 20 20 20 20   18054,..        
15c0	20 20 30 2e 30 32 38 33  38 35 34 35 31 30 36 33     0.028385451063
15d0	35 31 33 37 35 36 2c 0d  0a 20 20 20 20 20 20 20   513756,..       
15e0	20 20 20 2d 30 2e 30 30  38 33 39 34 34 37 37 38      -0.0083944778
15f0	38 38 39 34 31 37 36 35  2c 0d 0a 20 20 20 20 20   88941765,..     
1600	20 20 20 20 20 30 2e 30  33 35 30 34 32 34 35 33        0.035042453
1610	35 35 37 32 35 32 38 38  34 2c 0d 0a 20 20 20 20   557252884,..    
1620	20 20 20 20 20 20 2d 30  2e 30 35 31 38 34 34 37         -0.0518447
1630	32 33 35 32 32 36 36 33  31 31 36 2c 0d 0a 20 20   23522663116,..  
1640	20 20 20 20 20 20 20 20  2d 30 2e 30 31 36 32 31           -0.01621
1650	36 34 35 33 31 36 34 38  31 35 39 30 33 2c 0d 0a   6453164815903,..
1660	20 20 20 20 20 20 20 20  20 20 30 2e 30 35 32 34             0.0524
1670	35 37 31 36 34 39 37 33  30 32 30 35 35 34 2c 0d   57164973020554,.
1680	0a 20 20 20 20 20 20 20  20 20 20 2d 30 2e 30 39   .          -0.09
1690	34 34 37 36 31 35 35 39  33 36 37 31 37 39 39 2c   447615593671799,
16a0	0d 0a 20 20 20 20 20 20  20 20 20 20 30 2e 30 30   ..          0.00
16b0	31 36 33 30 31 33 33 31  33 34 33 31 32 39 32 37   1630133134312927
16c0	37 2c 0d 0a 20 20 20 20  20 20 20 20 20 20 30 2e   7,..          0.
16d0	30 39 31 36 35 33 35 38  35 34 33 33 39 35 39 39   0916535854339599
16e0	36 2c 0d 0a 20 20 20 20  20 20 20 20 20 20 2d 30   6,..          -0
16f0	2e 30 30 30 37 30 38 31  33 38 34 35 33 37 37 34   .000708138453774
1700	31 35 34 32 2c 0d 0a 20  20 20 20 20 20 20 20 20   1542,..         
1710	20 30 2e 30 35 39 34 33  33 37 30 32 33 37 39 34    0.0594337023794
1720	36 35 31 2c 0d 0a 20 20  20 20 20 20 20 20 20 20   651,..          
1730	2d 30 2e 30 30 36 38 39  36 36 35 32 37 34 36 39   -0.0068966527469
1740	34 35 36 32 2c 0d 0a 20  20 20 20 20 20 20 20 20   4562,..         
1750	20 2d 30 2e 30 34 33 39  38 39 34 36 30 39 31 35    -0.043989460915
1760	33 32 37 30 37 2c 0d 0a  20 20 20 20 20 20 20 20   32707,..        
1770	20 20 2d 30 2e 30 30 39  33 36 36 34 30 30 35 33     -0.00936640053
1780	39 38 37 35 30 33 2c 0d  0a 20 20 20 20 20 20 20   987503,..       
1790	20 20 20 2d 30 2e 30 33  36 32 31 34 30 38 33 34      -0.0362140834
17a0	33 33 31 35 31 32 34 35  2c 0d 0a 20 20 20 20 20   33151245,..     
17b0	20 20 20 20 20 2d 30 2e  30 33 33 38 34 34 31 39        -0.03384419
17c0	31 35 38 31 30 31 30 38  32 2c 0d 0a 20 20 20 20   158101082,..    
17d0	20 20 20 20 20 20 2d 30  2e 30 33 32 34 38 36 31         -0.0324861
17e0	36 33 30 37 39 37 33 38  36 32 2c 0d 0a 20 20 20   6307973862,..   
17f0	20 20 20 20 20 20 20 30  2e 30 34 34 31 34 39 32          0.0441492
1800	33 31 31 36 35 36 34 37  35 31 2c 0d 0a 20 20 20   3116564751,..   
1810	20 20 20 20 20 20 20 30  2e 30 34 39 31 38 31 39          0.0491819
1820	32 33 32 37 30 32 32 35  35 32 35 2c 0d 0a 20 20   23270225525,..  
1830	20 20 20 20 20 20 20 20  2d 30 2e 30 32 31 36 37           -0.02167
1840	35 31 39 35 35 34 34 39  35 38 31 31 35 2c 0d 0a   5195544958115,..
1850	20 20 20 20 20 20 20 20  20 20 2d 30 2e 30 32 34             -0.024
1860	31 39 31 35 34 31 35 39  37 32 34 37 31 32 34 2c   191541597247124,
1870	0d 0a 20 20 20 20 20 20  20 20 20 20 2d 30 2e 30   ..          -0.0
1880	34 31 39 31 32 34 37 37  34 36 33 34 38 33 38 31   4191247746348381
1890	2c 0d 0a 20 20 20 20 20  20 20 20 20 20 2d 30 2e   ,..          -0.
18a0	30 31 30 30 35 32 30 37  30 39 35 32 39 35 31 39   0100520709529519
18b0	30 38 2c 0d 0a 20 20 20  20 20 20 20 20 20 20 30   08,..          0
18c0	2e 30 30 34 38 39 39 35  35 32 35 35 37 36 31 37   .004899552557617
18d0	34 32 36 2c 0d 0a 20 20  20 20 20 20 20 20 20 20   426,..          
18e0	2d 30 2e 30 32 32 38 37  33 34 35 35 36 35 38 35   -0.0228734556585
18f0	35 35 30 33 2c 0d 0a 20  20 20 20 20 20 20 20 20   5503,..         
1900	20 30 2e 30 34 39 31 35  35 32 39 34 38 39 35 31    0.0491552948951
1910	37 32 31 32 2c 0d 0a 20  20 20 20 20 20 20 20 20   7212,..         
1920	20 2d 30 2e 30 33 32 35  39 32 36 37 36 35 37 39    -0.032592676579
1930	39 35 32 32 34 2c 0d 0a  20 20 20 20 20 20 20 20   95224,..        
1940	20 20 2d 30 2e 30 31 39  32 33 38 37 33 32 37 35     -0.01923873275
1950	35 31 38 34 31 37 34 2c  0d 0a 20 20 20 20 20 20   5184174,..      
1960	20 20 20 20 2d 30 2e 30  34 37 37 39 37 32 36 36       -0.047797266
1970	33 39 33 38 39 39 39 32  2c 0d 0a 20 20 20 20 20   39389992,..     
1980	20 20 20 20 20 2d 30 2e  30 30 35 30 38 32 36 32        -0.00508262
1990	30 33 30 37 38 30 33 31  35 34 2c 0d 0a 20 20 20   0307803154,..   
19a0	20 20 20 20 20 20 20 2d  30 2e 30 35 33 37 38 38          -0.053788
19b0	35 36 35 30 39 39 32 33  39 33 35 2c 0d 0a 20 20   56509923935,..  
19c0	20 20 20 20 20 20 20 20  2d 30 2e 31 31 31 31 39           -0.11119
19d0	38 35 34 34 35 30 32 32  35 38 33 2c 0d 0a 20 20   85445022583,..  
19e0	20 20 20 20 20 20 20 20  30 2e 30 32 33 39 35 31           0.023951
19f0	38 38 39 39 34 37 30 35  36 37 37 2c 0d 0a 20 20   88994705677,..  
1a00	20 20 20 20 20 20 20 20  30 2e 30 30 33 30 36 30           0.003060
1a10	35 35 36 32 34 39 36 39  33 30 33 36 2c 0d 0a 20   556249693036,.. 
1a20	20 20 20 20 20 20 20 20  20 30 2e 30 32 37 36 39            0.02769
1a30	33 31 32 32 36 32 35 33  35 30 39 35 32 2c 0d 0a   3122625350952,..
1a40	20 20 20 20 20 20 20 20  20 20 2d 30 2e 30 33 35             -0.035
1a50	36 38 31 35 32 33 33 38  32 36 36 33 37 33 2c 0d   68152338266373,.
1a60	0a 20 20 20 20 20 20 20  20 20 20 2d 30 2e 30 38   .          -0.08
1a70	33 39 33 31 34 36 38 34  32 37 31 38 31 32 34 2c   393146842718124,
1a80	0d 0a 20 20 20 20 20 20  20 20 20 20 30 2e 30 33   ..          0.03
1a90	37 38 39 31 36 34 38 37  30 39 37 37 34 30 32 2c   789164870977402,
1aa0	0d 0a 20 20 20 20 20 20  20 20 20 20 30 2e 30 34   ..          0.04
1ab0	34 36 30 31 39 30 36 30  39 30 39 37 34 38 31 2c   460190609097481,
1ac0	0d 0a 20 20 20 20 20 20  20 20 20 20 30 2e 30 30   ..          0.00
1ad0	37 34 36 39 31 35 34 38  39 34 33 35 31 39 35 39   7469154894351959
1ae0	2c 0d 0a 20 20 20 20 20  20 20 20 20 20 2d 30 2e   ,..          -0.
1af0	30 34 33 37 32 33 31 38  30 38 39 30 30 38 33 33   0437231808900833
1b00	31 2c 0d 0a 20 20 20 20  20 20 20 20 20 20 2d 30   1,..          -0
1b10	2e 30 33 35 35 32 31 37  35 36 38 35 37 36 33 33   .035521756857633
1b20	35 39 2c 0d 0a 20 20 20  20 20 20 20 20 20 20 2d   59,..          -
1b30	30 2e 30 35 36 38 32 34  31 35 38 38 37 37 31 33   0.05682415887713
1b40	34 33 32 2c 0d 0a 20 20  20 20 20 20 20 20 20 20   432,..          
1b50	2d 30 2e 30 31 30 37 30  34 34 35 37 37 35 39 38   -0.0107044577598
1b60	35 37 31 37 38 2c 0d 0a  20 20 20 20 20 20 20 20   57178,..        
1b70	20 20 2d 30 2e 30 30 36  37 32 33 35 37 30 36 33     -0.00672357063
1b80	37 34 30 34 39 31 39 2c  0d 0a 20 20 20 20 20 20   7404919,..      
1b90	20 20 20 20 2d 30 2e 30  30 38 38 31 33 38 36 39       -0.008813869
1ba0	32 30 38 30 39 37 34 35  38 2c 0d 0a 20 20 20 20   208097458,..    
1bb0	20 20 20 20 20 20 30 2e  30 36 31 32 34 34 34 30         0.06124440
1bc0	39 35 33 31 33 35 34 39  30 34 2c 0d 0a 20 20 20   9531354904,..   
1bd0	20 20 20 20 20 20 20 30  2e 30 30 38 34 35 34 33          0.0084543
1be0	39 30 38 30 31 34 38 39  33 35 33 2c 0d 0a 20 20   90801489353,..  
1bf0	20 20 20 20 20 20 20 20  2d 30 2e 30 30 32 34 30           -0.00240
1c00	31 35 31 33 30 34 37 35  31 36 33 34 36 2c 0d 0a   1513047516346,..
1c10	20 20 20 20 20 20 20 20  20 20 30 2e 30 33 39 38             0.0398
1c20	36 32 31 32 32 33 38 36  36 39 33 39 35 34 2c 0d   62122386693954,.
1c30	0a 20 20 20 20 20 20 20  20 20 20 30 2e 30 33 37   .          0.037
1c40	35 37 32 31 31 31 39 33  34 34 32 33 34 35 2c 0d   57211193442345,.
1c50	0a 20 20 20 20 20 20 20  20 20 20 30 2e 30 39 32   .          0.092
1c60	34 35 32 34 32 39 32 33  34 39 38 31 35 34 2c 0d   45242923498154,.
1c70	0a 20 20 20 20 20 20 20  20 20 20 30 2e 30 30 39   .          0.009
1c80	32 35 39 38 38 37 39 37  30 39 38 33 39 38 32 2c   259887970983982,
1c90	0d 0a 20 20 20 20 20 20  20 20 20 20 2d 30 2e 30   ..          -0.0
1ca0	33 32 38 38 35 35 38 34  39 38 30 32 34 39 34 30   3288558498024940
1cb0	35 2c 0d 0a 20 20 20 20  20 20 20 20 20 20 2d 30   5,..          -0
1cc0	2e 30 31 34 33 35 32 34  39 33 39 31 39 34 33 32   .014352493919432
1cd0	31 36 33 2c 0d 0a 20 20  20 20 20 20 20 20 20 20   163,..          
1ce0	30 2e 30 39 32 33 39 39  31 37 32 34 38 34 38 37   0.09239917248487
1cf0	34 37 33 2c 0d 0a 20 20  20 20 20 20 20 20 20 20   473,..          
1d00	30 2e 30 30 32 30 39 35  32 39 30 39 32 35 33 35   0.00209529092535
1d10	33 37 36 35 35 2c 0d 0a  20 20 20 20 20 20 20 20   37655,..        
1d20	20 20 2d 30 2e 33 30 36  37 35 34 35 38 39 30 38     -0.30675458908
1d30	30 38 31 30 35 35 2c 0d  0a 20 20 20 20 20 20 20   081055,..       
1d40	20 20 20 2d 30 2e 30 30  36 32 32 30 39 36 37 35      -0.0062209675
1d50	30 38 38 35 32 34 38 32  2c 0d 0a 20 20 20 20 20   08852482,..     
1d60	20 20 20 20 20 2d 30 2e  30 32 35 35 32 32 39 34        -0.02552294
1d70	31 37 32 33 34 36 35 39  32 2c 0d 0a 20 20 20 20   172346592,..    
1d80	20 20 20 20 20 20 2d 30  2e 30 32 34 37 37 37 33         -0.0247773
1d90	35 36 35 33 35 31 39 36  33 30 34 2c 0d 0a 20 20   56535196304,..  
1da0	20 20 20 20 20 20 20 20  30 2e 30 30 31 33 31 30           0.001310
1db0	35 39 37 30 35 37 34 35  34 32 38 38 2c 0d 0a 20   597057454288,.. 
1dc0	20 20 20 20 20 20 20 20  20 2d 30 2e 30 30 31 37            -0.0017
1dd0	38 30 37 34 37 36 36 38  38 31 37 36 33 39 34 2c   807476688176394,
1de0	0d 0a 20 20 20 20 20 20  20 20 20 20 2d 30 2e 30   ..          -0.0
1df0	32 34 38 33 30 36 31 33  32 38 35 33 30 33 31 31   2483061328530311
1e00	36 2c 0d 0a 20 20 20 20  20 20 20 20 20 20 2d 30   6,..          -0
1e10	2e 30 31 31 32 34 33 36  37 33 39 37 32 37 38 35   .011243673972785
1e20	34 37 33 2c 0d 0a 20 20  20 20 20 20 20 20 20 20   473,..          
1e30	30 2e 30 36 36 30 33 37  34 34 36 32 36 30 34 35   0.06603744626045
1e40	32 32 37 2c 0d 0a 20 20  20 20 20 20 20 20 20 20   227,..          
1e50	30 2e 30 33 34 38 30 32  38 30 31 39 30 37 30 36   0.03480280190706
1e60	32 35 33 2c 0d 0a 20 20  20 20 20 20 20 20 20 20   253,..          
1e70	30 2e 30 34 36 39 39 38  34 32 36 33 31 38 31 36   0.04699842631816
1e80	38 36 34 2c 0d 0a 20 20  20 20 20 20 20 20 20 20   864,..          
1e90	30 2e 30 33 33 32 30 35  31 32 31 37 35 35 35 39   0.03320512175559
1ea0	39 39 37 36 2c 0d 0a 20  20 20 20 20 20 20 20 20   9976,..         
1eb0	20 2d 30 2e 30 31 32 36  32 31 36 37 33 37 35 35    -0.012621673755
1ec0	33 34 37 37 32 39 2c 0d  0a 20 20 20 20 20 20 20   347729,..       
1ed0	20 20 20 30 2e 30 37 35  31 39 37 34 38 30 36 31      0.07519748061
1ee0	38 39 35 33 37 2c 0d 0a  20 20 20 20 20 20 20 20   89537,..        
1ef0	20 20 30 2e 30 31 39 34  35 31 37 35 36 30 33 30     0.019451756030
1f00	33 32 31 31 32 2c 0d 0a  20 20 20 20 20 20 20 20   32112,..        
1f10	20 20 30 2e 30 30 37 33  30 32 37 32 39 38 37 38     0.007302729878
1f20	35 37 34 36 31 2c 0d 0a  20 20 20 20 20 20 20 20   57461,..        
1f30	20 20 2d 30 2e 30 30 39  34 37 32 39 31 32 31 37     -0.00947291217
1f40	37 34 34 33 35 30 34 2c  0d 0a 20 20 20 20 20 20   7443504,..      
1f50	20 20 20 20 30 2e 30 31  36 31 33 36 35 36 39 39       0.0161365699
1f60	30 32 33 30 30 38 33 35  2c 0d 0a 20 20 20 20 20   02300835,..     
1f70	20 20 20 20 20 30 2e 30  38 37 30 37 33 35 37 31        0.087073571
1f80	39 37 39 39 39 39 35 34  2c 0d 0a 20 20 20 20 20   97999954,..     
1f90	20 20 20 20 20 30 2e 30  30 39 37 33 39 31 39 32        0.009739192
1fa0	32 30 32 36 38 37 32 36  33 2c 0d 0a 20 20 20 20   202687263,..    
1fb0	20 20 20 20 20 20 2d 30  2e 30 34 39 34 37 34 38         -0.0494748
1fc0	33 31 36 37 30 35 32 32  36 39 2c 0d 0a 20 20 20   3167052269,..   
1fd0	20 20 20 20 20 20 20 30  2e 30 37 33 32 32 37 30          0.0732270
1fe0	31 30 36 36 37 33 32 34  30 37 2c 0d 0a 20 20 20   1066732407,..   
1ff0	20 20 20 20 20 20 20 2d  30 2e 30 36 34 35 39 39          -0.064599
2000	35 33 36 33 35 39 33 31  30 31 35 2c 0d 0a 20 20   53635931015,..  
2010	20 20 20 20 20 20 20 20  2d 30 2e 30 35 31 31 37           -0.05117
2020	39 30 32 31 35 39 36 39  30 38 35 37 2c 0d 0a 20   902159690857,.. 
2030	20 20 20 20 20 20 20 20  20 30 2e 30 30 31 37 30            0.00170
2040	35 38 35 36 34 31 31 37  31 37 38 33 32 2c 0d 0a   5856411717832,..
2050	20 20 20 20 20 20 20 20  20 20 30 2e 30 31 30 35             0.0105
2060	39 31 32 38 38 30 39 37  32 30 32 37 37 38 2c 0d   91288097202778,.
2070	0a 20 20 20 20 20 20 20  20 20 20 30 2e 31 32 34   .          0.124
2080	30 38 36 34 39 39 32 31  34 31 37 32 33 36 2c 0d   08649921417236,.
2090	0a 20 20 20 20 20 20 20  20 20 20 2d 30 2e 30 30   .          -0.00
20a0	37 36 37 35 35 32 32 30  30 37 30 34 38 31 33 2c   767552200704813,
20b0	0d 0a 20 20 20 20 20 20  20 20 20 20 2d 30 2e 30   ..          -0.0
20c0	30 31 37 37 34 30 39 30  36 39 31 34 36 39 36 30   0177409069146960
20d0	39 37 2c 0d 0a 20 20 20  20 20 20 20 20 20 20 2d   97,..          -
20e0	30 2e 30 33 31 36 38 37  33 32 33 30 30 34 30 30   0.03168732300400
20f0	37 33 34 2c 0d 0a 20 20  20 20 20 20 20 20 20 20   734,..          
2100	30 2e 30 33 33 30 31 38  37 32 33 31 33 30 32 32   0.03301872313022
2110	36 31 33 35 2c 0d 0a 20  20 20 20 20 20 20 20 20   6135,..         
2120	20 2d 30 2e 30 32 34 34  31 37 38 37 39 30 35 39    -0.024417879059
2130	39 31 30 37 37 34 2c 0d  0a 20 20 20 20 20 20 20   910774,..       
2140	20 20 20 2d 30 2e 30 34  30 31 32 38 34 30 32 34      -0.0401284024
2150	31 31 39 33 37 37 31 34  2c 0d 0a 20 20 20 20 20   11937714,..     
2160	20 20 20 20 20 2d 30 2e  30 39 30 30 35 35 39 30        -0.09005590
2170	35 32 38 32 34 39 37 34  2c 0d 0a 20 20 20 20 20   52824974,..     
2180	20 20 20 20 20 30 2e 30  36 30 32 33 32 35 34 32        0.060232542
2190	34 35 35 31 39 36 33 38  2c 0d 0a 20 20 20 20 20   45519638,..     
21a0	20 20 20 20 20 30 2e 30  36 39 31 37 39 35 34 39        0.069179549
21b0	38 31 33 32 37 30 35 37  2c 0d 0a 20 20 20 20 20   81327057,..     
21c0	20 20 20 20 20 2d 30 2e  30 33 34 37 37 36 31 37        -0.03477617
21d0	33 35 33 32 30 30 39 31  32 35 2c 0d 0a 20 20 20   3532009125,..   
21e0	20 20 20 20 20 20 20 2d  30 2e 30 31 30 36 37 37          -0.010677
21f0	38 32 39 33 38 34 38 30  33 37 37 32 2c 0d 0a 20   829384803772,.. 
2200	20 20 20 20 20 20 20 20  20 30 2e 30 32 32 31 36            0.02216
2210	37 38 31 33 30 33 32 38  36 35 35 32 34 2c 0d 0a   7813032865524,..
2220	20 20 20 20 20 20 20 20  20 20 2d 30 2e 30 37 34             -0.074
2230	39 38 34 34 36 31 30 36  39 31 30 37 30 36 2c 0d   98446106910706,.
2240	0a 20 20 20 20 20 20 20  20 20 20 30 2e 30 37 34   .          0.074
2250	33 34 35 33 38 37 35 31  38 34 30 35 39 31 2c 0d   34538751840591,.
2260	0a 20 20 20 20 20 20 20  20 20 20 30 2e 30 30 38   .          0.008
2270	36 34 30 37 38 36 36 33  32 38 39 35 34 37 2c 0d   64078663289547,.
2280	0a 20 20 20 20 20 20 20  20 20 20 2d 30 2e 30 34   .          -0.04
2290	34 37 38 38 33 30 30 39  39 31 30 35 38 33 35 2c   478830099105835,
22a0	0d 0a 20 20 20 20 20 20  20 20 20 20 2d 30 2e 30   ..          -0.0
22b0	30 37 33 38 32 36 31 34  30 37 32 34 31 32 32 35   0738261407241225
22c0	32 2c 0d 0a 20 20 20 20  20 20 20 20 20 20 30 2e   2,..          0.
22d0	30 31 37 38 35 34 30 37  35 38 37 38 38 35 38 35   0178540758788585
22e0	36 36 2c 0d 0a 20 20 20  20 20 20 20 20 20 20 2d   66,..          -
22f0	30 2e 30 30 30 33 30 38  30 39 34 33 31 33 33 36   0.00030809431336
2300	38 32 30 31 32 36 2c 0d  0a 20 20 20 20 20 20 20   820126,..       
2310	20 20 20 2d 30 2e 30 32  32 39 31 33 33 39 36 33      -0.0229133963
2320	35 38 34 38 39 39 39 2c  0d 0a 20 20 20 20 20 20   5848999,..      
2330	20 20 20 20 30 2e 30 31  39 38 31 31 32 33 35 33       0.0198112353
2340	36 38 32 35 31 38 2c 0d  0a 20 20 20 20 20 20 20   682518,..       
2350	20 20 20 2d 30 2e 30 35  30 34 38 36 36 39 35 30      -0.0504866950
2360	32 31 33 39 30 39 31 35  2c 0d 0a 20 20 20 20 20   21390915,..     
2370	20 20 20 20 20 30 2e 30  34 37 37 39 37 32 36 36        0.047797266
2380	33 39 33 38 39 39 39 32  2c 0d 0a 20 20 20 20 20   39389992,..     
2390	20 20 20 20 20 30 2e 30  31 30 32 31 31 38 33 39        0.010211839
23a0	33 34 30 36 32 37 31 39  33 2c 0d 0a 20 20 20 20   340627193,..    
23b0	20 20 20 20 20 20 2d 30  2e 30 32 38 36 32 35 31         -0.0286251
23c0	30 32 37 31 33 37 30 34  31 31 2c 0d 0a 20 20 20   0271370411,..   
23d0	20 20 20 20 20 20 20 30  2e 30 30 33 36 39 37 39          0.0036979
23e0	36 33 38 39 37 31 33 38  38 33 34 2c 0d 0a 20 20   63897138834,..  
23f0	20 20 20 20 20 20 20 20  30 2e 30 36 34 34 33 39           0.064439
2400	37 36 36 31 30 38 39 38  39 37 32 2c 0d 0a 20 20   76610898972,..  
2410	20 20 20 20 20 20 20 20  30 2e 30 36 32 30 34 33           0.062043
2420	32 34 39 36 30 37 30 38  36 31 38 2c 0d 0a 20 20   24960708618,..  
2430	20 20 20 20 20 20 20 20  2d 30 2e 30 31 35 34 30           -0.01540
2440	34 32 39 39 38 33 32 38  38 30 34 39 37 2c 0d 0a   4299832880497,..
2450	20 20 20 20 20 20 20 20  20 20 30 2e 30 30 33 30             0.0030
2460	35 33 38 39 39 31 35 35  39 32 39 36 38 34 36 2c   538991559296846,
2470	0d 0a 20 20 20 20 20 20  20 20 20 20 2d 30 2e 30   ..          -0.0
2480	31 39 33 33 31 39 33 30  32 30 35 32 32 35 39 34   1933193020522594
2490	35 2c 0d 0a 20 20 20 20  20 20 20 20 20 20 30 2e   5,..          0.
24a0	30 30 33 35 37 38 31 33  37 38 33 39 32 31 33 30   0035781378392130
24b0	31 33 36 2c 0d 0a 20 20  20 20 20 20 20 20 20 20   136,..          
24c0	30 2e 30 37 35 30 39 30  39 36 37 31 31 38 37 34   0.07509096711874
24d0	30 30 38 2c 0d 0a 20 20  20 20 20 20 20 20 20 20   008,..          
24e0	2d 30 2e 30 32 39 36 36  33 35 39 36 33 30 32 32   -0.0296635963022
24f0	37 30 38 39 2c 0d 0a 20  20 20 20 20 20 20 20 20   7089,..         
2500	20 30 2e 30 36 35 30 37  38 38 33 39 36 35 39 36    0.0650788396596
2510	39 30 38 36 2c 0d 0a 20  20 20 20 20 20 20 20 20   9086,..         
2520	20 30 2e 30 32 34 30 39  38 33 34 32 32 38 34 35    0.0240983422845
2530	36 30 32 30 34 2c 0d 0a  20 20 20 20 20 20 20 20   60204,..        
2540	20 20 2d 30 2e 30 32 32  39 30 30 30 38 32 31 37     -0.02290008217
2550	30 39 36 33 32 38 37 2c  0d 0a 20 20 20 20 20 20   0963287,..      
2560	20 20 20 20 2d 30 2e 30  31 38 32 38 30 31 32 34       -0.018280124
2570	32 39 31 37 37 37 36 31  2c 0d 0a 20 20 20 20 20   29177761,..     
2580	20 20 20 20 20 30 2e 30  32 33 39 36 35 32 30 32        0.023965202
2590	32 37 31 39 33 38 33 32  34 2c 0d 0a 20 20 20 20   271938324,..    
25a0	20 20 20 20 20 20 30 2e  30 30 38 34 38 37 36 37         0.00848767
25b0	36 32 37 30 33 30 36 31  31 2c 0d 0a 20 20 20 20   627030611,..    
25c0	20 20 20 20 20 20 2d 30  2e 30 32 39 39 32 39 38         -0.0299298
25d0	37 36 33 32 37 35 31 34  36 35 2c 0d 0a 20 20 20   7632751465,..   
25e0	20 20 20 20 20 20 20 30  2e 30 32 35 36 31 36 31          0.0256161
25f0	33 39 31 37 33 35 30 37  36 39 2c 0d 0a 20 20 20   3917350769,..   
2600	20 20 20 20 20 20 20 30  2e 30 36 34 38 31 32 35          0.0648125
2610	36 33 33 35 39 37 33 37  34 2c 0d 0a 20 20 20 20   633597374,..    
2620	20 20 20 20 20 20 2d 30  2e 30 35 32 32 37 30 37         -0.0522707
2630	37 30 30 37 32 39 33 37  30 31 2c 0d 0a 20 20 20   7007293701,..   
2640	20 20 20 20 20 20 20 34  2e 36 34 39 34 39 39 31          4.6494991
2650	36 39 33 31 38 30 30 35  34 65 2d 30 35 2c 0d 0a   693180054e-05,..
2660	20 20 20 20 20 20 20 20  20 20 30 2e 30 35 33 36             0.0536
2670	38 32 30 35 35 33 32 34  33 31 36 30 32 35 2c 0d   82055324316025,.
2680	0a 20 20 20 20 20 20 20  20 20 20 2d 30 2e 30 33   .          -0.03
2690	39 35 39 35 38 34 32 33  36 31 34 35 30 31 39 35   9595842361450195
26a0	2c 0d 0a 20 20 20 20 20  20 20 20 20 20 30 2e 31   ,..          0.1
26b0	30 35 31 32 37 33 35 36  39 34 36 34 36 38 33 35   0512735694646835
26c0	2c 0d 0a 20 20 20 20 20  20 20 20 20 20 2d 30 2e   ,..          -0.
26d0	30 36 34 32 32 36 37 34  36 35 35 39 31 34 33 30   0642267465591430
26e0	37 2c 0d 0a 20 20 20 20  20 20 20 20 20 20 30 2e   7,..          0.
26f0	30 32 34 32 31 38 31 36  39 39 37 32 33 30 30 35   0242181699723005
2700	33 2c 0d 0a 20 20 20 20  20 20 20 20 20 20 30 2e   3,..          0.
2710	30 31 36 32 35 36 33 39  35 37 32 37 33 39 36 30   0162563957273960
2720	31 2c 0d 0a 20 20 20 20  20 20 20 20 20 20 30 2e   1,..          0.
2730	30 35 30 33 35 33 35 35  33 31 34 36 31 32 33 38   0503535531461238
2740	38 36 2c 0d 0a 20 20 20  20 20 20 20 20 20 20 30   86,..          0
2750	2e 30 33 39 39 36 38 36  33 32 31 36 31 36 31 37   .039968632161617
2760	32 38 2c 0d 0a 20 20 20  20 20 20 20 20 20 20 30   28,..          0
2770	2e 30 33 39 39 39 35 32  36 30 35 33 36 36 37 30   .039995260536670
2780	36 38 35 2c 0d 0a 20 20  20 20 20 20 20 20 20 20   685,..          
2790	2d 30 2e 30 33 34 37 34  39 35 34 35 31 35 36 39   -0.0347495451569
27a0	35 35 37 32 2c 0d 0a 20  20 20 20 20 20 20 20 20   5572,..         
27b0	20 30 2e 30 35 30 34 30  36 38 30 39 38 39 36 32    0.0504068098962
27c0	33 30 37 2c 0d 0a 20 20  20 20 20 20 20 20 20 20   307,..          
27d0	2d 30 2e 30 30 38 38 30  37 32 31 32 31 31 34 33   -0.0088072121143
27e0	33 34 31 30 36 2c 0d 0a  20 20 20 20 20 20 20 20   34106,..        
27f0	20 20 2d 30 2e 30 33 39  34 38 39 33 32 38 38 36     -0.03948932886
2800	31 32 33 36 35 37 2c 0d  0a 20 20 20 20 20 20 20   123657,..       
2810	20 20 20 2d 30 2e 30 30  37 39 36 38 34 33 30 34      -0.0079684304
2820	30 37 33 34 35 32 39 35  2c 0d 0a 20 20 20 20 20   07345295,..     
2830	20 20 20 20 20 30 2e 30  33 34 32 37 30 32 34 31        0.034270241
2840	38 35 36 35 37 35 30 31  2c 0d 0a 20 20 20 20 20   85657501,..     
2850	20 20 20 20 20 2d 30 2e  30 30 31 33 33 38 30 35        -0.00133805
2860	37 32 31 39 39 38 32 31  34 37 32 2c 0d 0a 20 20   72199821472,..  
2870	20 20 20 20 20 20 20 20  2d 30 2e 30 31 38 38 31           -0.01881
2880	32 36 38 34 33 34 32 32  36 35 31 33 2c 0d 0a 20   268434226513,.. 
2890	20 20 20 20 20 20 20 20  20 2d 30 2e 30 30 35 30            -0.0050
28a0	33 36 30 32 31 31 31 37  31 32 30 39 38 31 2c 0d   36021117120981,.
28b0	0a 20 20 20 20 20 20 20  20 20 20 2d 30 2e 30 32   .          -0.02
28c0	30 39 39 36 31 38 31 32  39 34 33 32 32 30 31 34   0996181294322014
28d0	2c 0d 0a 20 20 20 20 20  20 20 20 20 20 30 2e 30   ,..          0.0
28e0	30 30 35 32 33 34 30 36  36 36 32 39 37 38 32 33   0052340666297823
28f0	31 39 2c 0d 0a 20 20 20  20 20 20 20 20 20 20 2d   19,..          -
2900	30 2e 30 30 39 33 39 33  30 32 37 39 38 33 36 30   0.00939302798360
2910	35 38 36 32 2c 0d 0a 20  20 20 20 20 20 20 20 20   5862,..         
2920	20 2d 30 2e 30 30 36 38  39 36 36 35 32 37 34 36    -0.006896652746
2930	39 34 35 36 32 2c 0d 0a  20 20 20 20 20 20 20 20   94562,..        
2940	20 20 30 2e 30 32 32 39  35 33 33 33 38 39 32 31     0.022953338921
2950	30 37 30 31 2c 0d 0a 20  20 20 20 20 20 20 20 20   0701,..         
2960	20 2d 30 2e 30 30 31 30  35 30 31 34 31 38 37 32    -0.001050141872
2970	38 33 38 31 33 39 35 2c  0d 0a 20 20 20 20 20 20   8381395,..      
2980	20 20 20 20 2d 30 2e 32  37 32 30 33 31 36 39 34       -0.272031694
2990	36 35 30 36 35 2c 0d 0a  20 20 20 20 20 20 20 20   65065,..        
29a0	20 20 30 2e 30 30 33 32  38 31 39 30 31 33 35 37     0.003281901357
29b0	36 39 35 34 36 30 33 2c  0d 0a 20 20 20 20 20 20   6954603,..      
29c0	20 20 20 20 2d 30 2e 30  31 35 32 34 34 35 33 32       -0.015244532
29d0	33 37 36 35 32 37 37 38  36 2c 0d 0a 20 20 20 20   376527786,..    
29e0	20 20 20 20 20 20 30 2e  30 34 35 30 32 37 39 35         0.04502795
29f0	32 36 34 31 32 34 38 37  2c 0d 0a 20 20 20 20 20   26412487,..     
2a00	20 20 20 20 20 2d 30 2e  30 33 36 32 34 30 37 31        -0.03624071
2a10	31 38 30 38 32 30 34 36  35 2c 0d 0a 20 20 20 20   180820465,..    
2a20	20 20 20 20 20 20 30 2e  30 31 31 36 31 36 34 36         0.01161646
2a30	36 35 36 36 39 32 30 32  38 2c 0d 0a 20 20 20 20   656692028,..    
2a40	20 20 20 20 20 20 30 2e  30 32 32 37 30 30 33 37         0.02270037
2a50	33 30 38 33 33 35 33 30  34 33 2c 0d 0a 20 20 20   3083353043,..   
2a60	20 20 20 20 20 20 20 30  2e 30 34 31 32 32 30 31          0.0412201
2a70	35 30 38 38 37 39 36 36  31 35 36 2c 0d 0a 20 20   50887966156,..  
2a80	20 20 20 20 20 20 20 20  2d 30 2e 30 39 38 33 36           -0.09836
2a90	33 38 34 36 35 34 30 34  35 31 30 35 2c 0d 0a 20   384654045105,.. 
2aa0	20 20 20 20 20 20 20 20  20 30 2e 30 31 35 39 39            0.01599
2ab0	30 31 31 35 37 30 32 31  35 32 32 35 32 2c 0d 0a   0115702152252,..
2ac0	20 20 20 20 20 20 20 20  20 20 30 2e 30 36 35 36             0.0656
2ad0	36 34 36 35 36 34 36 30  32 38 35 31 39 2c 0d 0a   6465646028519,..
2ae0	20 20 20 20 20 20 20 20  20 20 2d 30 2e 30 30 34             -0.004
2af0	36 31 36 36 33 30 32 36  33 36 32 36 35 37 35 35   6166302636265755
2b00	2c 0d 0a 20 20 20 20 20  20 20 20 20 20 2d 30 2e   ,..          -0.
2b10	30 30 39 35 31 39 35 31  30 39 30 32 34 36 34 33   0095195109024643
2b20	39 2c 0d 0a 20 20 20 20  20 20 20 20 20 20 2d 30   9,..          -0
2b30	2e 30 36 35 34 35 31 36  32 39 34 35 39 38 35 37   .065451629459857
2b40	39 34 2c 0d 0a 20 20 20  20 20 20 20 20 20 20 2d   94,..          -
2b50	30 2e 30 30 36 39 33 36  35 39 34 38 34 33 38 36   0.00693659484386
2b60	34 34 34 31 2c 0d 0a 20  20 20 20 20 20 20 20 20   4441,..         
2b70	20 30 2e 30 30 34 36 34  39 39 31 35 32 36 36 37    0.0046499152667
2b80	38 32 30 34 35 2c 0d 0a  20 20 20 20 20 20 20 20   82045,..        
2b90	20 20 30 2e 30 33 37 33  38 35 37 31 37 30 33 34     0.037385717034
2ba0	33 33 39 39 30 35 2c 0d  0a 20 20 20 20 20 20 20   339905,..       
2bb0	20 20 20 2d 30 2e 30 36  30 38 37 31 36 31 36 30      -0.0608716160
2bc0	30 35 38 39 37 35 32 2c  0d 0a 20 20 20 20 20 20   0589752,..      
2bd0	20 20 20 20 30 2e 30 31  39 32 39 31 39 38 37 36       0.0192919876
2be0	34 32 36 34 35 38 33 36  2c 0d 0a 20 20 20 20 20   42645836,..     
2bf0	20 20 20 20 20 30 2e 30  30 38 38 30 37 32 31 32        0.008807212
2c00	31 31 34 33 33 34 31 30  36 2c 0d 0a 20 20 20 20   114334106,..    
2c10	20 20 20 20 20 20 2d 30  2e 30 30 36 31 32 34 34         -0.0061244
2c20	34 30 35 38 30 36 30 36  34 36 31 2c 0d 0a 20 20   40580606461,..  
2c30	20 20 20 20 20 20 20 20  30 2e 30 34 36 36 35 32           0.046652
2c40	32 36 31 31 36 37 37 36  34 36 36 34 2c 0d 0a 20   261167764664,.. 
2c50	20 20 20 20 20 20 20 20  20 30 2e 30 37 33 31 32            0.07312
2c60	30 34 39 37 31 36 37 31  31 30 34 34 2c 0d 0a 20   049716711044,.. 
2c70	20 20 20 20 20 20 20 20  20 2d 30 2e 30 30 38 36            -0.0086
2c80	32 30 38 31 36 32 38 32  39 32 37 39 39 2c 0d 0a   2081628292799,..
2c90	20 20 20 20 20 20 20 20  20 20 30 2e 30 33 38 32             0.0382
2ca0	39 31 30 37 30 36 31 30  32 38 34 38 30 35 2c 0d   91070610284805,.
2cb0	0a 20 20 20 20 20 20 20  20 20 20 30 2e 30 32 35   .          0.025
2cc0	38 36 39 31 30 35 30 31  31 32 32 34 37 34 37 2c   869105011224747,
2cd0	0d 0a 20 20 20 20 20 20  20 20 20 20 2d 30 2e 30   ..          -0.0
2ce0	31 31 34 34 33 33 38 33  39 39 31 37 31 38 32 39   1144338399171829
2cf0	32 2c 0d 0a 20 20 20 20  20 20 20 20 20 20 30 2e   2,..          0.
2d00	30 31 38 38 33 39 33 31  32 37 31 37 33 31 38 35   0188393127173185
2d10	33 35 2c 0d 0a 20 20 20  20 20 20 20 20 20 20 30   35,..          0
2d20	2e 30 32 33 39 39 31 38  33 30 36 34 36 39 39 31   .023991830646991
2d30	37 33 2c 0d 0a 20 20 20  20 20 20 20 20 20 20 2d   73,..          -
2d40	30 2e 30 35 38 37 39 34  36 33 32 35 35 34 30 35   0.05879463255405
2d50	34 32 36 2c 0d 0a 20 20  20 20 20 20 20 20 20 20   426,..          
2d60	2d 30 2e 30 32 33 33 31  32 38 31 36 33 39 36 33   -0.0233128163963
2d70	35 35 36 33 2c 0d 0a 20  20 20 20 20 20 20 20 20   5563,..         
2d80	20 2d 30 2e 30 30 36 38  34 33 33 39 36 39 32 38    -0.006843396928
2d90	31 36 31 33 38 33 2c 0d  0a 20 20 20 20 20 20 20   161383,..       
2da0	20 20 20 30 2e 30 32 36  33 33 35 30 39 35 39 38      0.02633509598
2db0	36 37 32 33 39 2c 0d 0a  20 20 20 20 20 20 20 20   67239,..        
2dc0	20 20 2d 30 2e 30 30 32  38 33 35 38 38 32 33 36     -0.00283588236
2dd0	31 39 37 38 32 39 32 35  2c 0d 0a 20 20 20 20 20   19782925,..     
2de0	20 20 20 20 20 2d 30 2e  30 30 33 32 39 30 32 32        -0.00329022
2df0	32 37 32 34 38 39 39 36  34 39 36 2c 0d 0a 20 20   27248996496,..  
2e00	20 20 20 20 20 20 20 20  30 2e 30 35 32 36 34 33           0.052643
2e10	35 36 33 35 39 38 33 39  34 33 39 34 2c 0d 0a 20   563598394394,.. 
2e20	20 20 20 20 20 20 20 20  20 2d 30 2e 30 34 34 30            -0.0440
2e30	39 35 39 37 34 34 31 35  35 34 30 36 39 35 2c 0d   95974415540695,.
2e40	0a 20 20 20 20 20 20 20  20 20 20 2d 30 2e 30 31   .          -0.01
2e50	36 30 31 36 37 34 34 30  37 37 32 30 35 36 35 38   6016744077205658
2e60	2c 0d 0a 20 20 20 20 20  20 20 20 20 20 30 2e 30   ,..          0.0
2e70	30 38 39 34 37 30 30 39  32 32 30 37 31 39 33 33   0894700922071933
2e80	37 2c 0d 0a 20 20 20 20  20 20 20 20 20 20 2d 30   7,..          -0
2e90	2e 30 31 36 33 32 32 39  36 36 36 36 35 30 32 39   .016322966665029
2ea0	35 32 36 2c 0d 0a 20 20  20 20 20 20 20 20 20 20   526,..          
2eb0	2d 30 2e 30 31 37 37 33  34 32 35 30 30 35 33 37   -0.0177342500537
2ec0	36 33 33 39 2c 0d 0a 20  20 20 20 20 20 20 20 20   6339,..         
2ed0	20 30 2e 30 34 34 35 34  38 36 34 39 33 34 30 38    0.0445486493408
2ee0	36 37 39 39 36 2c 0d 0a  20 20 20 20 20 20 20 20   67996,..        
2ef0	20 20 2d 30 2e 30 35 34  36 39 33 39 31 38 36 37     -0.05469391867
2f00	35 31 38 34 32 35 2c 0d  0a 20 20 20 20 20 20 20   518425,..       
2f10	20 20 20 2d 30 2e 30 31  39 35 37 31 35 38 31 38      -0.0195715818
2f20	35 35 34 31 36 32 39 38  2c 0d 0a 20 20 20 20 20   55416298,..     
2f30	20 20 20 20 20 30 2e 30  34 31 38 38 35 38 34 39        0.041885849
2f40	30 38 38 34 33 30 34 30  35 2c 0d 0a 20 20 20 20   088430405,..    
2f50	20 20 20 20 20 20 30 2e  30 33 35 39 32 31 31 37         0.03592117
2f60	35 30 33 32 38 35 34 30  38 2c 0d 0a 20 20 20 20   503285408,..    
2f70	20 20 20 20 20 20 30 2e  30 31 38 37 39 39 33 37         0.01879937
2f80	30 31 35 34 37 33 38 34  32 36 2c 0d 0a 20 20 20   0154738426,..   
2f90	20 20 20 20 20 20 20 2d  30 2e 30 31 38 31 38 36          -0.018186
2fa0	39 32 36 38 34 31 37 33  35 38 34 2c 0d 0a 20 20   92684173584,..  
2fb0	20 20 20 20 20 20 20 20  30 2e 30 33 35 36 32 38           0.035628
2fc0	32 37 30 33 35 37 38 34  37 32 31 34 2c 0d 0a 20   270357847214,.. 
2fd0	20 20 20 20 20 20 20 20  20 30 2e 30 30 36 38 31            0.00681
2fe0	33 34 34 30 34 37 31 38  38 37 35 38 38 35 2c 0d   34404718875885,.
2ff0	0a 20 20 20 20 20 20 20  20 20 20 30 2e 30 34 31   .          0.041
3000	33 30 30 30 33 32 32 38  37 38 33 36 30 37 35 2c   300032287836075,
3010	0d 0a 20 20 20 20 20 20  20 20 20 20 2d 30 2e 30   ..          -0.0
3020	34 35 37 34 36 39 31 31  33 31 37 31 31 30 30 36   4574691131711006
3030	2c 0d 0a 20 20 20 20 20  20 20 20 20 20 2d 30 2e   ,..          -0.
3040	30 32 30 33 33 30 34 38  31 32 33 31 32 31 32 36   0203304812312126
3050	31 36 2c 0d 0a 20 20 20  20 20 20 20 20 20 20 30   16,..          0
3060	2e 30 31 30 39 33 37 34  35 32 33 31 36 32 38 34   .010937452316284
3070	31 38 2c 0d 0a 20 20 20  20 20 20 20 20 20 20 30   18,..          0
3080	2e 30 31 35 32 30 34 35  38 39 38 31 33 39 34 37   .015204589813947
3090	36 37 38 2c 0d 0a 20 20  20 20 20 20 20 20 20 20   678,..          
30a0	2d 30 2e 30 30 30 32 31  31 36 37 31 38 32 34 32   -0.0002116718242
30b0	31 37 37 37 33 39 37 2c  0d 0a 20 20 20 20 20 20   1777397,..      
30c0	20 20 20 20 2d 30 2e 30  33 37 31 39 39 33 32 32       -0.037199322
30d0	31 33 34 32 35 36 33 36  2c 0d 0a 20 20 20 20 20   13425636,..     
30e0	20 20 20 20 20 2d 30 2e  30 33 30 35 34 32 33 31        -0.03054231
30f0	39 36 34 30 35 31 37 32  33 35 2c 0d 0a 20 20 20   9640517235,..   
3100	20 20 20 20 20 20 20 30  2e 30 33 34 30 35 37 32          0.0340572
3110	31 34 38 35 36 31 34 37  37 36 36 2c 0d 0a 20 20   14856147766,..  
3120	20 20 20 20 20 20 20 20  2d 30 2e 30 33 35 36 38           -0.03568
3130	31 35 32 33 33 38 32 36  36 33 37 33 2c 0d 0a 20   152338266373,.. 
3140	20 20 20 20 20 20 20 20  20 2d 30 2e 30 31 33 31            -0.0131
3150	38 37 35 31 38 33 34 33  33 32 39 34 33 2c 0d 0a   8751834332943,..
3160	20 20 20 20 20 20 20 20  20 20 30 2e 30 32 31 39             0.0219
3170	30 31 35 33 33 30 30 37  36 32 31 37 36 35 2c 0d   01533007621765,.
3180	0a 20 20 20 20 20 20 20  20 20 20 30 2e 30 31 33   .          0.013
3190	39 31 33 31 33 31 33 31  38 39 38 36 34 31 36 2c   913131318986416,
31a0	0d 0a 20 20 20 20 20 20  20 20 20 20 30 2e 30 30   ..          0.00
31b0	37 30 35 36 34 32 30 36  36 38 39 35 39 36 31 38   7056420668959618
31c0	2c 0d 0a 20 20 20 20 20  20 20 20 20 20 30 2e 30   ,..          0.0
31d0	33 35 30 31 35 38 32 35  31 38 32 31 39 39 34 38   3501582518219948
31e0	0d 0a 20 20 20 20 20 20  20 20 5d 2c 0d 0a 20 20   ..        ],..  
31f0	20 20 20 20 20 20 22 6b  65 79 77 6f 72 64 73 22         "keywords"
3200	3a 20 7b 0d 0a 20 20 20  20 20 20 20 20 20 20 22   : {..          "
3210	69 6e 64 69 63 65 73 22  3a 20 5b 0d 0a 20 20 20   indices": [..   
3220	20 20 20 20 20 20 20 20  20 32 30 31 39 36 37 32            2019672
3230	32 2c 0d 0a 20 20 20 20  20 20 20 20 20 20 20 20   2,..            
3240	31 38 30 38 37 36 30 36  31 36 2c 0d 0a 20 20 20   1808760616,..   
3250	20 20 20 20 20 20 20 20  20 31 39 37 39 34 31 33            1979413
3260	32 34 34 2c 0d 0a 20 20  20 20 20 20 20 20 20 20   244,..          
3270	20 20 31 31 36 32 38 32  39 39 34 39 2c 0d 0a 20     1162829949,.. 
3280	20 20 20 20 20 20 20 20  20 20 20 34 31 39 32 34              41924
3290	38 30 38 37 2c 0d 0a 20  20 20 20 20 20 20 20 20   8087,..         
32a0	20 20 20 38 30 32 34 38  37 39 31 34 2c 0d 0a 20      802487914,.. 
32b0	20 20 20 20 20 20 20 20  20 20 20 38 31 30 39 39              81099
32c0	32 33 32 38 2c 0d 0a 20  20 20 20 20 20 20 20 20   2328,..         
32d0	20 20 20 32 38 32 31 30  39 39 2c 0d 0a 20 20 20      2821099,..   
32e0	20 20 20 20 20 20 20 20  20 38 34 35 36 31 34 39            8456149
32f0	31 39 2c 0d 0a 20 20 20  20 20 20 20 20 20 20 20   19,..           
3300	20 32 38 38 37 32 31 31  30 2c 0d 0a 20 20 20 20    28872110,..    
3310	20 20 20 20 20 20 20 20  35 33 34 38 37 39 31 31           53487911
3320	2c 0d 0a 20 20 20 20 20  20 20 20 20 20 20 20 31   ,..            1
3330	32 32 39 35 35 34 34 31  35 2c 0d 0a 20 20 20 20   229554415,..    
3340	20 20 20 20 20 20 20 20  31 30 39 31 35 39 32 30           10915920
3350	30 30 2c 0d 0a 20 20 20  20 20 20 20 20 20 20 20   00,..           
3360	20 39 31 30 37 32 37 37  38 31 2c 0d 0a 20 20 20    910727781,..   
3370	20 20 20 20 20 20 20 20  20 31 39 35 39 37 38 33            1959783
3380	34 30 2c 0d 0a 20 20 20  20 20 20 20 20 20 20 20   40,..           
3390	20 31 35 33 34 32 30 36  30 34 36 2c 0d 0a 20 20    1534206046,..  
33a0	20 20 20 20 20 20 20 20  20 20 31 31 39 34 35 35             119455
33b0	30 35 38 39 2c 0d 0a 20  20 20 20 20 20 20 20 20   0589,..         
33c0	20 20 20 32 30 31 30 38  36 36 35 34 31 2c 0d 0a      2010866541,..
33d0	20 20 20 20 20 20 20 20  20 20 20 20 37 39 39 38               7998
33e0	35 32 34 33 39 2c 0d 0a  20 20 20 20 20 20 20 20   52439,..        
33f0	20 20 20 20 39 30 32 37  32 31 33 31 39 0d 0a 20       902721319.. 
3400	20 20 20 20 20 20 20 20  20 5d 2c 0d 0a 20 20 20            ],..   
3410	20 20 20 20 20 20 20 22  76 61 6c 75 65 73 22 3a          "values":
3420	20 5b 0d 0a 20 20 20 20  20 20 20 20 20 20 20 20    [..            
3430	31 2e 38 34 38 30 37 32  31 39 30 33 31 39 39 33   1.84807219031993
3440	34 34 2c 0d 0a 20 20 20  20 20 20 20 20 20 20 20   44,..           
3450	20 31 2e 38 34 38 30 37  32 31 39 30 33 31 39 39    1.8480721903199
3460	33 34 34 2c 0d 0a 20 20  20 20 20 20 20 20 20 20   344,..          
3470	20 20 31 2e 38 34 38 30  37 32 31 39 30 33 31 39     1.848072190319
3480	39 33 34 34 2c 0d 0a 20  20 20 20 20 20 20 20 20   9344,..         
3490	20 20 20 31 2e 35 39 33  32 31 30 37 34 39 36 34      1.59321074964
34a0	36 33 39 33 34 2c 0d 0a  20 20 20 20 20 20 20 20   63934,..        
34b0	20 20 20 20 31 2e 35 39  33 32 31 30 37 34 39 36       1.5932107496
34c0	34 36 33 39 33 34 2c 0d  0a 20 20 20 20 20 20 20   463934,..       
34d0	20 20 20 20 20 31 2e 35  39 33 32 31 30 37 34 39        1.593210749
34e0	36 34 36 33 39 33 34 2c  0d 0a 20 20 20 20 20 20   6463934,..      
34f0	20 20 20 20 20 20 31 2e  35 39 33 32 31 30 37 34         1.59321074
3500	39 36 34 36 33 39 33 34  2c 0d 0a 20 20 20 20 20   96463934,..     
3510	20 20 20 20 20 20 20 31  2e 35 39 33 32 31 30 37          1.5932107
3520	34 39 36 34 36 33 39 33  34 2c 0d 0a 20 20 20 20   496463934,..    
3530	20 20 20 20 20 20 20 20  31 2e 35 39 33 32 31 30           1.593210
3540	37 34 39 36 34 36 33 39  33 34 2c 0d 0a 20 20 20   7496463934,..   
3550	20 20 20 20 20 20 20 20  20 31 2e 35 39 33 32 31            1.59321
3560	30 37 34 39 36 34 36 33  39 33 34 2c 0d 0a 20 20   07496463934,..  
3570	20 20 20 20 20 20 20 20  20 20 31 2e 35 39 33 32             1.5932
3580	31 30 37 34 39 36 34 36  33 39 33 34 2c 0d 0a 20   107496463934,.. 
3590	20 20 20 20 20 20 20 20  20 20 20 31 2e 35 39 33              1.593
35a0	32 31 30 37 34 39 36 34  36 33 39 33 34 2c 0d 0a   2107496463934,..
35b0	20 20 20 20 20 20 20 20  20 20 20 20 31 2e 35 39               1.59
35c0	33 32 31 30 37 34 39 36  34 36 33 39 33 34 2c 0d   32107496463934,.
35d0	0a 20 20 20 20 20 20 20  20 20 20 20 20 31 2e 35   .            1.5
35e0	39 33 32 31 30 37 34 39  36 34 36 33 39 33 34 2c   932107496463934,
35f0	0d 0a 20 20 20 20 20 20  20 20 20 20 20 20 31 2e   ..            1.
3600	35 39 33 32 31 30 37 34  39 36 34 36 33 39 33 34   5932107496463934
3610	2c 0d 0a 20 20 20 20 20  20 20 20 20 20 20 20 31   ,..            1
3620	2e 35 39 33 32 31 30 37  34 39 36 34 36 33 39 33   .593210749646393
3630	34 2c 0d 0a 20 20 20 20  20 20 20 20 20 20 20 20   4,..            
3640	31 2e 35 39 33 32 31 30  37 34 39 36 34 36 33 39   1.59321074964639
3650	33 34 2c 0d 0a 20 20 20  20 20 20 20 20 20 20 20   34,..           
3660	20 31 2e 35 39 33 32 31  30 37 34 39 36 34 36 33    1.5932107496463
3670	39 33 34 2c 0d 0a 20 20  20 20 20 20 20 20 20 20   934,..          
3680	20 20 31 2e 35 39 33 32  31 30 37 34 39 36 34 36     1.593210749646
3690	33 39 33 34 2c 0d 0a 20  20 20 20 20 20 20 20 20   3934,..         
36a0	20 20 20 31 2e 35 39 33  32 31 30 37 34 39 36 34      1.59321074964
36b0	36 33 39 33 34 0d 0a 20  20 20 20 20 20 20 20 20   63934..         
36c0	20 5d 0d 0a 20 20 20 20  20 20 20 20 7d 0d 0a 20    ]..        }.. 
36d0	20 20 20 20 20 7d 2c 0d  0a 20 20 20 20 20 20 22        },..      "
36e0	70 61 79 6c 6f 61 64 22  3a 20 7b 0d 0a 20 20 20   payload": {..   
36f0	20 20 20 20 20 22 64 6f  63 75 6d 65 6e 74 5f 69        "document_i
3700	64 22 3a 20 22 44 4f 43  2d 30 30 37 22 2c 0d 0a   d": "DOC-007",..
3710	20 20 20 20 20 20 20 20  22 74 69 74 6c 65 22 3a           "title":
3720	20 22 48 e1 bb 87 20 74  68 e1 bb 91 6e 67 20 74    "H... th...ng t
3730	69 63 6b 65 74 20 68 e1  bb 97 20 74 72 e1 bb a3   icket h... tr...
3740	22 2c 0d 0a 20 20 20 20  20 20 20 20 22 64 6f 6d   ",..        "dom
3750	61 69 6e 22 3a 20 22 63  6f 6e 67 5f 6e 67 68 65   ain": "cong_nghe
3760	22 2c 0d 0a 20 20 20 20  20 20 20 20 22 64 65 70   ",..        "dep
3770	61 72 74 6d 65 6e 74 22  3a 20 22 49 54 22 2c 0d   artment": "IT",.
3780	0a 20 20 20 20 20 20 20  20 22 64 6f 63 5f 74 79   .        "doc_ty
3790	70 65 22 3a 20 22 71 75  79 5f 74 72 69 6e 68 22   pe": "quy_trinh"
37a0	2c 0d 0a 20 20 20 20 20  20 20 20 22 64 6f 63 5f   ,..        "doc_
37b0	73 74 61 74 75 73 22 3a  20 22 41 43 54 49 56 45   status": "ACTIVE
37c0	22 2c 0d 0a 20 20 20 20  20 20 20 20 22 74 65 78   ",..        "tex
37d0	74 22 3a 20 22 43 c3 a1  63 20 73 e1 bb b1 20 63   t": "C..c s... c
37e0	e1 bb 91 20 6b e1 bb b9  20 74 68 75 e1 ba ad 74   ... k... thu...t
37f0	20 63 e1 ba a7 6e 20 c4  91 c6 b0 e1 bb a3 63 20    c...n .......c 
3800	67 68 69 20 6e 68 e1 ba  ad 6e 20 71 75 61 20 68   ghi nh...n qua h
3810	e1 bb 87 20 74 68 e1 bb  91 6e 67 20 74 69 63 6b   ... th...ng tick
3820	65 74 20 c4 91 e1 bb 83  20 c6 b0 75 20 74 69 c3   et ..... ..u ti.
3830	aa 6e 20 78 e1 bb ad 20  6c c3 bd 2e 22 0d 0a 20   .n x... l...".. 
3840	20 20 20 20 20 7d 0d 0a  20 20 20 20 7d 2c 0d 0a        }..    },..
3850	20 20 20 20 7b 0d 0a 20  20 20 20 20 20 22 69 64       {..      "id
3860	22 3a 20 38 2c 0d 0a 20  20 20 20 20 20 22 76 65   ": 8,..      "ve
3870	63 74 6f 72 22 3a 20 7b  0d 0a 20 20 20 20 20 20   ctor": {..      
3880	20 20 22 64 65 6e 73 65  22 3a 20 5b 0d 0a 20 20     "dense": [..  
3890	20 20 20 20 20 20 20 20  2d 30 2e 30 35 37 36 38           -0.05768
38a0	34 38 34 32 34 39 37 31  31 30 33 37 2c 0d 0a 20   484249711037,.. 
38b0	20 20 20 20 20 20 20 20  20 30 2e 30 32 33 32 34            0.02324
38c0	30 37 39 33 34 39 36 33  37 30 33 31 36 2c 0d 0a   0793496370316,..
38d0	20 20 20 20 20 20 20 20  20 20 30 2e 30 31 39 35             0.0195
38e0	38 35 38 33 31 30 39 30  38 30 37 39 31 35 2c 0d   85831090807915,.
38f0	0a 20 20 20 20 20 20 20  20 20 20 2d 30 2e 30 32   .          -0.02
3900	30 31 39 34 39 39 30 35  36 30 34 31 32 34 30 37   0194990560412407
3910	2c 0d 0a 20 20 20 20 20  20 20 20 20 20 30 2e 30   ,..          0.0
3920	36 32 31 33 34 33 35 39  30 33 31 39 31 35 36 36   6213435903191566
3930	35 2c 0d 0a 20 20 20 20  20 20 20 20 20 20 2d 30   5,..          -0
3940	2e 30 33 39 31 37 31 36  36 32 31 38 31 36 31 35   .039171662181615
3950	38 33 2c 0d 0a 20 20 20  20 20 20 20 20 20 20 30   83,..          0
3960	2e 30 32 37 38 38 38 39  35 31 38 32 33 31 31 35   .027888951823115
3970	33 35 2c 0d 0a 20 20 20  20 20 20 20 20 20 20 2d   35,..          -
3980	30 2e 30 30 38 35 34 38  31 30 39 37 39 32 31 37   0.00854810979217
3990	32 39 30 39 2c 0d 0a 20  20 20 20 20 20 20 20 20   2909,..         
39a0	20 2d 30 2e 30 31 32 34  34 38 30 36 30 33 32 36    -0.012448060326
39b0	32 37 38 32 31 2c 0d 0a  20 20 20 20 20 20 20 20   27821,..        
39c0	20 20 2d 30 2e 30 38 30  36 32 31 30 35 36 32 35     -0.08062105625
39d0	38 36 37 38 34 34 2c 0d  0a 20 20 20 20 20 20 20   867844,..       
39e0	20 20 20 2d 30 2e 30 30  38 34 30 32 34 34 30 36      -0.0084024406
39f0	39 36 39 35 34 37 32 37  2c 0d 0a 20 20 20 20 20   96954727,..     
3a00	20 20 20 20 20 2d 30 2e  30 38 36 37 31 32 36 35        -0.08671265
3a10	38 34 30 35 33 30 33 39  36 2c 0d 0a 20 20 20 20   840530396,..    
3a20	20 20 20 20 20 20 30 2e  30 35 32 39 37 30 34 36         0.05297046
3a30	38 39 39 37 39 35 35 33  32 2c 0d 0a 20 20 20 20   899795532,..    
3a40	20 20 20 20 20 20 2d 30  2e 30 30 32 39 33 33 32         -0.0029332
3a50	33 39 37 39 37 31 33 30  32 32 37 2c 0d 0a 20 20   39797130227,..  
3a60	20 20 20 20 20 20 20 20  30 2e 30 33 37 39 32 36           0.037926
3a70	38 35 36 34 32 38 33 38  34 37 38 2c 0d 0a 20 20   85642838478,..  
3a80	20 20 20 20 20 20 20 20  30 2e 30 32 31 36 36 34           0.021664
3a90	39 32 31 31 39 34 33 31  34 39 35 37 2c 0d 0a 20   921194314957,.. 
3aa0	20 20 20 20 20 20 20 20  20 30 2e 30 31 39 37 30            0.01970
3ab0	35 30 31 34 33 30 33 33  32 36 36 30 37 2c 0d 0a   5014303326607,..
3ac0	20 20 20 20 20 20 20 20  20 20 2d 30 2e 30 31 39             -0.019
3ad0	39 34 33 33 38 30 37 32  38 33 36 33 39 39 2c 0d   94338072836399,.
3ae0	0a 20 20 20 20 20 20 20  20 20 20 30 2e 30 30 31   .          0.001
3af0	38 38 37 30 37 32 39 32  35 34 35 35 38 36 38 32   8870729254558682
3b00	2c 0d 0a 20 20 20 20 20  20 20 20 20 20 2d 30 2e   ,..          -0.
3b10	30 36 39 34 34 34 32 38  33 38 34 33 30 34 30 34   0694442838430404
3b20	37 2c 0d 0a 20 20 20 20  20 20 20 20 20 20 2d 30   7,..          -0
3b30	2e 30 33 34 30 36 30 30  31 32 35 34 39 31 36 31   .034060012549161
3b40	39 31 2c 0d 0a 20 20 20  20 20 20 20 20 20 20 2d   91,..          -
3b50	30 2e 30 37 36 32 37 37  34 37 32 30 37 38 38 30   0.07627747207880
3b60	30 32 2c 0d 0a 20 20 20  20 20 20 20 20 20 20 2d   02,..          -
3b70	30 2e 30 31 37 34 34 30  35 32 37 36 37 37 35 33   0.01744052767753
3b80	36 30 31 2c 0d 0a 20 20  20 20 20 20 20 20 20 20   601,..          
3b90	30 2e 30 31 36 33 39 34  33 35 39 39 39 30 39 35   0.01639435999095
3ba0	34 34 2c 0d 0a 20 20 20  20 20 20 20 20 20 20 2d   44,..          -
3bb0	30 2e 30 30 38 31 30 34  34 38 31 37 33 34 33 33   0.00810448173433
3bc0	35 34 32 33 2c 0d 0a 20  20 20 20 20 20 20 20 20   5423,..         
3bd0	20 2d 30 2e 30 33 32 32  38 35 35 30 30 33 31 37    -0.032285500317
3be0	38 31 31 39 36 36 2c 0d  0a 20 20 20 20 20 20 20   811966,..       
3bf0	20 20 20 2d 30 2e 30 30  37 34 39 35 33 32 31 33      -0.0074953213
3c00	33 33 34 30 38 33 35 36  2c 0d 0a 20 20 20 20 20   33408356,..     
3c10	20 20 20 20 20 2d 30 2e  30 31 36 36 37 32 34 35        -0.01667245
3c20	34 37 37 34 33 37 39 37  33 2c 0d 0a 20 20 20 20   477437973,..    
3c30	20 20 20 20 20 20 2d 30  2e 30 34 39 33 31 35 35         -0.0493155
3c40	30 38 34 35 35 30 33 38  30 37 2c 0d 0a 20 20 20   0845503807,..   
3c50	20 20 20 20 20 20 20 2d  30 2e 31 34 31 33 32 35          -0.141325
3c60	32 30 35 35 36 34 34 39  38 39 2c 0d 0a 20 20 20   2055644989,..   
3c70	20 20 20 20 20 20 20 30  2e 30 34 36 39 35 38 33          0.0469583
3c80	31 39 38 34 32 38 31 35  34 2c 0d 0a 20 20 20 20   198428154,..    
3c90	20 20 20 20 20 20 2d 30  2e 30 32 37 33 30 36 32         -0.0273062
3ca0	37 37 33 30 34 38 38 37  37 37 2c 0d 0a 20 20 20   7730488777,..   
3cb0	20 20 20 20 20 20 20 2d  30 2e 30 37 39 32 39 36          -0.079296
3cc0	37 39 30 30 36 33 33 38  31 32 2c 0d 0a 20 20 20   7900633812,..   
3cd0	20 20 20 20 20 20 20 30  2e 30 36 31 34 34 35 37          0.0614457
3ce0	34 32 38 34 35 35 33 35  32 38 2c 0d 0a 20 20 20   4284553528,..   
3cf0	20 20 20 20 20 20 20 30  2e 30 34 36 34 38 31 35          0.0464815
3d00	38 36 39 39 32 37 34 30  36 33 2c 0d 0a 20 20 20   8699274063,..   
3d10	20 20 20 20 20 20 20 30  2e 30 32 33 37 31 37 35          0.0237175
3d20	32 38 32 30 39 30 39 30  32 33 33 2c 0d 0a 20 20   28209090233,..  
3d30	20 20 20 20 20 20 20 20  30 2e 30 30 30 32 31 37           0.000217
3d40	32 36 31 36 39 35 30 37  30 31 39 32 32 32 2c 0d   26169507019222,.
3d50	0a 20 20 20 20 20 20 20  20 20 20 2d 30 2e 30 32   .          -0.02
3d60	39 36 31 30 34 39 32 32  38 39 30 36 36 33 31 35   9610492289066315
3d70	2c 0d 0a 20 20 20 20 20  20 20 20 20 20 30 2e 30   ,..          0.0
3d80	32 38 39 32 31 38 37 36  31 30 32 36 38 35 39 33   2892187610268593
3d90	2c 0d 0a 20 20 20 20 20  20 20 20 20 20 30 2e 30   ,..          0.0
3da0	30 31 38 33 39 30 36 38  34 38 35 34 32 33 39 32   0183906848542392
3db0	32 35 2c 0d 0a 20 20 20  20 20 20 20 20 20 20 2d   25,..          -
3dc0	30 2e 30 31 32 36 30 36  39 37 31 38 39 37 31 38   0.01260697189718
3dd0	34 38 34 39 2c 0d 0a 20  20 20 20 20 20 20 20 20   4849,..         
3de0	20 30 2e 30 33 38 32 31  38 31 39 32 37 35 36 31    0.0382181927561
3df0	37 35 39 39 35 2c 0d 0a  20 20 20 20 20 20 20 20   75995,..        
3e00	20 20 2d 30 2e 30 35 36  30 39 35 37 32 36 37 38     -0.05609572678
3e10	38 30 34 33 39 37 36 2c  0d 0a 20 20 20 20 20 20   8043976,..      
3e20	20 20 20 20 2d 30 2e 30  38 34 37 35 32 37 35 33       -0.084752753
3e30	33 37 36 39 36 30 37 35  2c 0d 0a 20 20 20 20 20   37696075,..     
3e40	20 20 20 20 20 30 2e 30  35 32 38 31 31 35 35 39        0.052811559
3e50	32 38 39 36 39 33 38 33  2c 0d 0a 20 20 20 20 20   28969383,..     
3e60	20 20 20 20 20 2d 30 2e  30 31 36 38 34 34 36 30        -0.01684460
3e70	39 37 35 32 32 39 37 34  2c 0d 0a 20 20 20 20 20   97522974,..     
3e80	20 20 20 20 20 2d 30 2e  30 31 35 32 39 35 32 32        -0.01529522
3e90	33 33 33 32 39 34 31 35  33 32 2c 0d 0a 20 20 20   3332941532,..   
3ea0	20 20 20 20 20 20 20 2d  30 2e 30 31 36 33 38 31          -0.016381
3eb0	31 31 38 34 34 36 35 38  38 35 31 36 2c 0d 0a 20   118446588516,.. 
3ec0	20 20 20 20 20 20 20 20  20 30 2e 30 39 36 38 38            0.09688
3ed0	32 39 39 31 34 39 32 37  34 38 32 36 2c 0d 0a 20   299149274826,.. 
3ee0	20 20 20 20 20 20 20 20  20 30 2e 30 34 33 34 33            0.04343
3ef0	35 37 38 35 39 31 39 34  32 37 38 37 2c 0d 0a 20   578591942787,.. 
3f00	20 20 20 20 20 20 20 20  20 30 2e 30 31 32 34 38            0.01248
3f10	37 37 38 37 37 35 33 33  34 33 35 38 32 2c 0d 0a   7787753343582,..
3f20	20 20 20 20 20 20 20 20  20 20 30 2e 30 37 33 37             0.0737
3f30	33 34 38 39 34 33 39 34  38 37 34 35 37 2c 0d 0a   3489439487457,..
3f40	20 20 20 20 20 20 20 20  20 20 30 2e 30 30 39 35             0.0095
3f50	30 38 31 39 39 30 35 38  34 37 33 31 31 2c 0d 0a   0819905847311,..
3f60	20 20 20 20 20 20 20 20  20 20 30 2e 30 31 31 31             0.0111
3f70	31 37 31 37 37 30 38 34  30 38 38 33 32 36 2c 0d   17177084088326,.
3f80	0a 20 20 20 20 20 20 20  20 20 20 2d 30 2e 30 30   .          -0.00
3f90	30 34 35 31 39 30 34 33  31 34 31 30 34 34 36 37   0451904314104467
3fa0	36 33 2c 0d 0a 20 20 20  20 20 20 20 20 20 20 30   63,..          0
3fb0	2e 30 34 35 32 31 30 32  39 34 34 32 35 34 38 37   .045210294425487
3fc0	35 32 2c 0d 0a 20 20 20  20 20 20 20 20 20 20 30   52,..          0
3fd0	2e 30 35 31 38 30 35 31  31 39 39 36 31 35 30 30   .051805119961500
3fe0	31 37 2c 0d 0a 20 20 20  20 20 20 20 20 20 20 30   17,..          0
3ff0	2e 30 33 39 37 30 31 33  36 34 39 33 34 34 34 34   .039701364934444
4000	34 33 2c 0d 0a 20 20 20  20 20 20 20 20 20 20 2d   43,..          -
4010	30 2e 30 32 35 37 31 37  31 36 33 34 35 38 34 36   0.02571716345846
4020	36 35 33 2c 0d 0a 20 20  20 20 20 20 20 20 20 20   653,..          
4030	2d 30 2e 30 31 32 38 36  35 32 30 32 35 30 31 34   -0.0128652025014
4040	31 36 32 30 36 2c 0d 0a  20 20 20 20 20 20 20 20   16206,..        
4050	20 20 30 2e 30 37 34 34  32 33 35 30 36 38 35 35     0.074423506855
4060	39 36 34 36 36 2c 0d 0a  20 20 20 20 20 20 20 20   96466,..        
4070	20 20 30 2e 30 34 32 39  33 32 35 36 36 32 35 35     0.042932566255
4080	33 33 31 30 34 2c 0d 0a  20 20 20 20 20 20 20 20   33104,..        
4090	20 20 2d 30 2e 31 33 38  39 39 34 35 31 34 39 34     -0.13899451494
40a0	32 31 36 39 32 2c 0d 0a  20 20 20 20 20 20 20 20   21692,..        
40b0	20 20 2d 30 2e 30 32 34  39 33 35 38 34 39 30 31     -0.02493584901
40c0	30 39 34 34 33 36 36 2c  0d 0a 20 20 20 20 20 20   0944366,..      
40d0	20 20 20 20 2d 30 2e 30  31 30 38 34 35 37 30 34       -0.010845704
40e0	30 30 34 31 36 38 35 31  2c 0d 0a 20 20 20 20 20   00416851,..     
40f0	20 20 20 20 20 30 2e 30  30 33 35 32 35 38 34 36        0.003525846
4100	38 37 30 36 31 36 30 37  38 34 2c 0d 0a 20 20 20   8706160784,..   
4110	20 20 20 20 20 20 20 30  2e 30 30 35 35 30 32 33          0.0055023
4120	30 37 33 32 31 38 37 36  32 38 37 35 2c 0d 0a 20   073218762875,.. 
4130	20 20 20 20 20 20 20 20  20 30 2e 30 30 36 34 37            0.00647
4140	38 39 35 30 33 38 31 32  37 38 39 39 32 2c 0d 0a   8950381278992,..
4150	20 20 20 20 20 20 20 20  20 20 2d 30 2e 30 31 33             -0.013
4160	37 30 36 31 30 38 35 35  35 31 39 37 37 31 36 2c   706108555197716,
4170	0d 0a 20 20 20 20 20 20  20 20 20 20 30 2e 30 34   ..          0.04
4180	32 34 38 32 33 31 36 34  39 33 39 38 38 30 34 2c   248231649398804,
4190	0d 0a 20 20 20 20 20 20  20 20 20 20 2d 30 2e 30   ..          -0.0
41a0	36 37 33 37 38 34 33 39  30 30 39 31 38 39 36 2c   673784390091896,
41b0	0d 0a 20 20 20 20 20 20  20 20 20 20 2d 30 2e 30   ..          -0.0
41c0	34 33 36 34 37 36 36 35  35 33 30 34 34 33 31 39   4364766553044319
41d0	2c 0d 0a 20 20 20 20 20  20 20 20 20 20 2d 30 2e   ,..          -0.
41e0	30 32 31 34 31 33 33 31  31 33 36 32 32 36 36 35   0214133113622665
41f0	34 2c 0d 0a 20 20 20 20  20 20 20 20 20 20 30 2e   4,..          0.
4200	30 39 34 32 38 37 34 33  32 37 33 30 31 39 37 39   0942874327301979
4210	2c 0d 0a 20 20 20 20 20  20 20 20 20 20 30 2e 30   ,..          0.0
4220	31 35 33 33 34 39 35 30  37 36 30 30 30 36 39 30   1533495076000690
4230	35 2c 0d 0a 20 20 20 20  20 20 20 20 20 20 2d 30   5,..          -0
4240	2e 30 33 39 39 31 33 32  34 38 32 37 30 37 35 30   .039913248270750
4250	30 34 36 2c 0d 0a 20 20  20 20 20 20 20 20 20 20   046,..          
4260	30 2e 30 34 32 37 37 33  36 35 32 38 32 31 37 37   0.04277365282177
4270	39 32 35 2c 0d 0a 20 20  20 20 20 20 20 20 20 20   925,..          
4280	2d 30 2e 30 34 33 33 30  33 33 35 39 32 39 39 38   -0.0433033592998
4290	39 38 31 35 2c 0d 0a 20  20 20 20 20 20 20 20 20   9815,..         
42a0	20 2d 30 2e 30 35 35 36  37 31 39 36 33 38 34 30    -0.055671963840
42b0	37 32 33 30 34 2c 0d 0a  20 20 20 20 20 20 20 20   72304,..        
42c0	20 20 2d 30 2e 30 30 34  37 33 30 39 32 34 39 36     -0.00473092496
42d0	33 39 35 31 31 31 31 2c  0d 0a 20 20 20 20 20 20   3951111,..      
42e0	20 20 20 20 30 2e 30 35  30 33 34 38 34 33 30 38       0.0503484308
42f0	37 31 39 36 33 35 2c 0d  0a 20 20 20 20 20 20 20   719635,..       
4300	20 20 20 30 2e 30 36 36  38 34 38 37 33 32 35 33      0.06684873253
4310	31 30 37 30 37 31 2c 0d  0a 20 20 20 20 20 20 20   107071,..       
4320	20 20 20 2d 30 2e 30 32  36 39 32 32 32 34 30 38      -0.0269222408
4330	35 33 33 30 39 36 33 2c  0d 0a 20 20 20 20 20 20   5330963,..      
4340	20 20 20 20 30 2e 30 33  33 33 31 38 34 32 36 34       0.0333184264
4350	36 30 30 32 37 36 39 35  2c 0d 0a 20 20 20 20 20   60027695,..     
4360	20 20 20 20 20 2d 30 2e  30 37 31 30 33 33 33 39        -0.07103339
4370	35 38 32 36 38 31 36 35  36 2c 0d 0a 20 20 20 20   582681656,..    
4380	20 20 20 20 20 20 2d 30  2e 30 34 39 34 34 37 39         -0.0494479
4390	33 31 33 34 39 32 37 37  34 39 36 2c 0d 0a 20 20   31349277496,..  
43a0	20 20 20 20 20 20 20 20  2d 30 2e 30 30 30 39 33           -0.00093
43b0	36 39 31 35 31 36 36 36  37 36 30 34 34 35 2c 0d   69151666760445,.
43c0	0a 20 20 20 20 20 20 20  20 20 20 30 2e 30 30 36   .          0.006
43d0	39 35 32 33 37 34 32 34  32 32 34 36 31 35 31 2c   952374242246151,
43e0	0d 0a 20 20 20 20 20 20  20 20 20 20 2d 30 2e 30   ..          -0.0
43f0	36 34 36 32 33 39 37 34  32 36 33 36 36 38 30 36   6462397426366806
4400	2c 0d 0a 20 20 20 20 20  20 20 20 20 20 2d 30 2e   ,..          -0.
4410	30 34 34 30 37 31 34 32  38 34 37 37 37 36 34 31   0440714284777641
4420	33 2c 0d 0a 20 20 20 20  20 20 20 20 20 20 30 2e   3,..          0.
4430	30 32 39 32 36 36 31 38  34 31 39 35 38 37 36 31   0292661841958761
4440	32 2c 0d 0a 20 20 20 20  20 20 20 20 20 20 30 2e   2,..          0.
4450	30 33 32 36 32 39 38 31  30 32 37 33 36 34 37 33   0326298102736473
4460	31 2c 0d 0a 20 20 20 20  20 20 20 20 20 20 30 2e   1,..          0.
4470	30 39 35 34 35 32 37 38  35 34 39 31 39 34 33 33   0954527854919433
4480	36 2c 0d 0a 20 20 20 20  20 20 20 20 20 20 30 2e   6,..          0.
4490	30 34 35 34 34 38 36 36  30 38 35 30 35 32 34 39   0454486608505249
44a0	2c 0d 0a 20 20 20 20 20  20 20 20 20 20 2d 30 2e   ,..          -0.
44b0	30 34 39 37 36 35 37 35  34 34 39 31 30 39 30 37   0497657544910907
44c0	37 35 2c 0d 0a 20 20 20  20 20 20 20 20 20 20 2d   75,..          -
44d0	30 2e 30 37 36 35 34 32  33 32 35 33 31 37 38 35   0.07654232531785
44e0	39 36 35 2c 0d 0a 20 20  20 20 20 20 20 20 20 20   965,..          
44f0	30 2e 30 33 33 35 33 30  33 30 36 30 37 31 30 34   0.03353030607104
4500	33 30 31 35 2c 0d 0a 20  20 20 20 20 20 20 20 20   3015,..         
4510	20 30 2e 30 33 35 35 31  36 36 39 37 39 31 33 34    0.0355166979134
4520	30 38 32 38 2c 0d 0a 20  20 20 20 20 20 20 20 20   0828,..         
4530	20 2d 30 2e 30 36 31 36  35 37 36 32 36 31 38 31    -0.061657626181
4540	38 34 30 39 2c 0d 0a 20  20 20 20 20 20 20 20 20   8409,..         
4550	20 30 2e 34 35 34 32 37  34 37 34 33 37 39 35 33    0.4542747437953
4560	39 34 39 2c 0d 0a 20 20  20 20 20 20 20 20 20 20   949,..          
4570	30 2e 30 32 33 34 37 39  31 35 39 39 32 31 34 30   0.02347915992140
4580	37 37 2c 0d 0a 20 20 20  20 20 20 20 20 20 20 2d   77,..          -
4590	30 2e 30 30 31 32 37 37  39 31 32 35 32 34 35 32   0.00127791252452
45a0	38 38 30 31 34 2c 0d 0a  20 20 20 20 20 20 20 20   88014,..        
45b0	20 20 30 2e 30 34 34 32  30 33 38 35 35 30 39 37     0.044203855097
45c0	32 39 33 38 35 34 2c 0d  0a 20 20 20 20 20 20 20   293854,..       
45d0	20 20 20 2d 30 2e 30 32  39 36 33 36 39 37 37 32      -0.0296369772
45e0	34 30 34 34 33 32 33 2c  0d 0a 20 20 20 20 20 20   4044323,..      
45f0	20 20 20 20 2d 30 2e 30  31 32 31 37 36 35 38 36       -0.012176586
4600	33 31 35 30 33 35 38 32  2c 0d 0a 20 20 20 20 20   31503582,..     
4610	20 20 20 20 20 30 2e 30  30 35 30 32 35 35 37 33        0.005025573
4620	30 37 34 38 31 37 36 35  37 35 2c 0d 0a 20 20 20   0748176575,..   
4630	20 20 20 20 20 20 20 30  2e 30 35 31 33 32 38 33          0.0513283
4640	38 33 33 38 36 31 33 35  31 2c 0d 0a 20 20 20 20   833861351,..    
4650	20 20 20 20 20 20 2d 30  2e 30 36 30 37 35 37 31         -0.0607571
4660	32 36 36 35 39 31 35 34  38 39 2c 0d 0a 20 20 20   2665915489,..   
4670	20 20 20 20 20 20 20 2d  30 2e 30 30 37 39 33 38          -0.007938
4680	39 34 39 33 39 31 32 34  35 38 34 32 2c 0d 0a 20   949391245842,.. 
4690	20 20 20 20 20 20 20 20  20 2d 30 2e 30 30 38 35            -0.0085
46a0	37 34 35 39 34 37 34 33  35 34 39 38 32 34 2c 0d   74594743549824,.
46b0	0a 20 20 20 20 20 20 20  20 20 20 2d 30 2e 30 32   .          -0.02
46c0	30 32 36 31 32 30 33 38  37 30 31 37 37 32 37 2c   026120387017727,
46d0	0d 0a 20 20 20 20 20 20  20 20 20 20 2d 30 2e 30   ..          -0.0
46e0	30 31 39 33 33 34 32 32  31 37 32 34 34 32 30 37   0193342217244207
46f0	38 36 2c 0d 0a 20 20 20  20 20 20 20 20 20 20 30   86,..          0
4700	2e 30 30 39 34 39 34 39  35 36 35 38 32 37 38 34   .009494956582784
4710	36 35 33 2c 0d 0a 20 20  20 20 20 20 20 20 20 20   653,..          
4720	2d 30 2e 30 35 36 31 34  38 36 39 36 36 39 30 37   -0.0561486966907
4730	39 37 38 30 36 2c 0d 0a  20 20 20 20 20 20 20 20   97806,..        
4740	20 20 30 2e 30 32 36 36  35 37 33 38 39 34 37 36     0.026657389476
4750	38 39 35 33 33 32 2c 0d  0a 20 20 20 20 20 20 20   895332,..       
4760	20 20 20 30 2e 30 33 30  38 30 32 33 32 38 31 33      0.03080232813
4770	39 35 34 33 35 33 33 2c  0d 0a 20 20 20 20 20 20   9543533,..      
4780	20 20 20 20 2d 30 2e 30  31 30 36 36 36 39 32 38       -0.010666928
4790	32 35 34 30 36 37 38 39  38 2c 0d 0a 20 20 20 20   254067898,..    
47a0	20 20 20 20 20 20 30 2e  30 31 32 38 37 38 34 34         0.01287844
47b0	34 39 37 37 31 30 34 36  36 34 2c 0d 0a 20 20 20   4977104664,..   
47c0	20 20 20 20 20 20 20 2d  30 2e 30 32 35 34 37 38          -0.025478
47d0	37 39 35 31 37 30 37 38  33 39 39 37 2c 0d 0a 20   795170783997,.. 
47e0	20 20 20 20 20 20 20 20  20 30 2e 30 31 39 31 37            0.01917
47f0	35 33 30 39 36 38 37 38  35 32 38 36 2c 0d 0a 20   530968785286,.. 
4800	20 20 20 20 20 20 20 20  20 2d 30 2e 30 34 32 35            -0.0425
4810	38 38 32 35 36 32 39 39  34 39 35 37 2c 0d 0a 20   882562994957,.. 
4820	20 20 20 20 20 20 20 20  20 30 2e 30 30 31 33 37            0.00137
4830	38 30 35 39 38 35 32 38  36 38 33 31 38 36 2c 0d   80598528683186,.
4840	0a 20 20 20 20 20 20 20  20 20 20 30 2e 30 35 32   .          0.052
4850	32 30 32 33 39 36 30 39  34 37 39 39 30 34 2c 0d   20239609479904,.
4860	0a 20 20 20 20 20 20 20  20 20 20 2d 30 2e 30 34   .          -0.04
4870	34 30 37 31 34 32 38 34  37 37 37 36 34 31 33 2c   407142847776413,
4880	0d 0a 20 20 20 20 20 20  20 20 20 20 30 2e 30 30   ..          0.00
4890	35 34 30 32 39 38 37 38  32 32 38 39 30 32 38 32   5402987822890282
48a0	2c 0d 0a 20 20 20 20 20  20 20 20 20 20 2d 30 2e   ,..          -0.
48b0	31 30 38 34 38 33 35 32  33 31 33 30 34 31 36 38   1084835231304168
48c0	37 2c 0d 0a 20 20 20 20  20 20 20 20 20 20 30 2e   7,..          0.
48d0	30 36 31 32 38 36 38 33  33 31 33 37 32 37 33 37   0612868331372737
48e0	39 2c 0d 0a 20 20 20 20  20 20 20 20 20 20 30 2e   9,..          0.
48f0	30 35 35 37 32 34 39 33  33 37 34 33 34 37 36 38   0557249337434768
4900	37 2c 0d 0a 20 20 20 20  20 20 20 20 20 20 30 2e   7,..          0.
4910	30 36 36 30 30 31 32 30  36 36 33 36 34 32 38 38   0660012066364288
4920	33 2c 0d 0a 20 20 20 20  20 20 20 20 20 20 30 2e   3,..          0.
4930	30 37 30 32 33 38 38 34  33 35 36 30 32 31 38 38   0702388435602188
4940	31 2c 0d 0a 20 20 20 20  20 20 20 20 20 20 30 2e   1,..          0.
4950	30 33 31 38 33 35 32 35  30 35 35 36 34 36 38 39   0318352505564689
4960	36 34 2c 0d 0a 20 20 20  20 20 20 20 20 20 20 2d   64,..          -
4970	30 2e 30 36 30 39 36 39  30 30 39 39 39 35 34 36   0.06096900999546
4980	30 35 31 2c 0d 0a 20 20  20 20 20 20 20 20 20 20   051,..          
4990	30 2e 30 30 37 34 32 39  31 30 38 34 38 39 33 30   0.00742910848930
49a0	34 37 38 31 2c 0d 0a 20  20 20 20 20 20 20 20 20   4781,..         
49b0	20 2d 30 2e 30 36 32 38  32 32 39 37 35 32 31 38    -0.062822975218
49c0	32 39 36 30 35 2c 0d 0a  20 20 20 20 20 20 20 20   29605,..        
49d0	20 20 30 2e 30 31 35 37  30 35 37 34 33 38 30 34     0.015705743804
49e0	35 37 34 30 31 33 2c 0d  0a 20 20 20 20 20 20 20   574013,..       
49f0	20 20 20 2d 30 2e 30 31  38 31 32 39 31 34 33 38      -0.0181291438
4a00	36 33 39 31 36 33 39 37  2c 0d 0a 20 20 20 20 20   63916397,..     
4a10	20 20 20 20 20 2d 30 2e  30 30 32 37 33 39 35 36        -0.00273956
4a20	36 33 37 38 32 39 35 34  32 31 36 2c 0d 0a 20 20   63782954216,..  
4a30	20 20 20 20 20 20 20 20  2d 30 2e 30 36 34 33 30           -0.06430
4a40	36 31 34 37 33 39 36 35  36 34 34 38 2c 0d 0a 20   614739656448,.. 
4a50	20 20 20 20 20 20 20 20  20 2d 30 2e 30 32 35 30            -0.0250
4a60	36 38 32 37 33 37 36 37  38 32 38 39 34 2c 0d 0a   6827376782894,..
4a70	20 20 20 20 20 20 20 20  20 20 2d 30 2e 30 38 33             -0.083
4a80	32 36 39 35 37 33 37 34  38 31 31 31 37 32 2c 0d   26957374811172,.
4a90	0a 20 20 20 20 20 20 20  20 20 20 2d 30 2e 30 31   .          -0.01
4aa0	31 37 37 32 36 38 36 36  31 35 35 38 36 32 38 2c   177268661558628,
4ab0	0d 0a 20 20 20 20 20 20  20 20 20 20 2d 30 2e 30   ..          -0.0
4ac0	38 35 33 38 38 33 39 39  36 36 30 35 38 37 33 31   8538839966058731
4ad0	2c 0d 0a 20 20 20 20 20  20 20 20 20 20 30 2e 30   ,..          0.0
4ae0	32 36 34 34 35 35 30 36  31 34 30 35 38 39 37 31   2644550614058971
4af0	34 2c 0d 0a 20 20 20 20  20 20 20 20 20 20 2d 30   4,..          -0
4b00	2e 30 31 38 38 35 37 34  38 36 35 34 36 30 33 39   .018857486546039
4b10	35 38 2c 0d 0a 20 20 20  20 20 20 20 20 20 20 2d   58,..          -
4b20	30 2e 30 32 35 37 37 30  31 33 33 33 36 31 32 32   0.02577013336122
4b30	30 33 36 2c 0d 0a 20 20  20 20 20 20 20 20 20 20   036,..          
4b40	30 2e 30 32 35 32 35 33  36 37 30 32 39 30 31 31   0.02525367029011
4b50	32 34 39 35 2c 0d 0a 20  20 20 20 20 20 20 20 20   2495,..         
4b60	20 30 2e 30 32 37 32 30  30 33 33 35 36 33 36 37    0.0272003356367
4b70	33 34 39 36 32 2c 0d 0a  20 20 20 20 20 20 20 20   34962,..        
4b80	20 20 30 2e 30 33 31 30  39 33 36 36 34 34 36 37     0.031093664467
4b90	33 33 34 37 34 37 2c 0d  0a 20 20 20 20 20 20 20   334747,..       
4ba0	20 20 20 30 2e 30 31 31  39 33 38 32 31 39 38 38      0.01193821988
4bb0	39 39 39 38 34 33 36 2c  0d 0a 20 20 20 20 20 20   9998436,..      
4bc0	20 20 20 20 2d 30 2e 30  31 33 39 31 37 39 39 30       -0.013917990
4bd0	39 36 30 31 38 30 37 36  2c 0d 0a 20 20 20 20 20   96018076,..     
4be0	20 20 20 20 20 2d 30 2e  30 31 33 37 31 39 33 35        -0.01371935
4bf0	31 30 33 30 38 38 36 31  37 33 2c 0d 0a 20 20 20   1030886173,..   
4c00	20 20 20 20 20 20 20 30  2e 30 33 33 31 33 33 30          0.0331330
4c10	32 39 39 33 37 37 34 34  31 34 2c 0d 0a 20 20 20   2993774414,..   
4c20	20 20 20 20 20 20 20 30  2e 30 36 39 35 35 30 32          0.0695502
4c30	32 33 36 34 38 35 34 38  31 33 2c 0d 0a 20 20 20   2364854813,..   
4c40	20 20 20 20 20 20 20 2d  30 2e 30 34 38 35 32 30          -0.048520
4c50	39 34 38 37 33 37 38 35  39 37 32 36 2c 0d 0a 20   948737859726,.. 
4c60	20 20 20 20 20 20 20 20  20 30 2e 30 34 39 33 36            0.04936
4c70	38 34 37 38 33 35 37 37  39 31 39 2c 0d 0a 20 20   84783577919,..  
4c80	20 20 20 20 20 20 20 20  2d 30 2e 30 30 32 32 39           -0.00229
4c90	35 39 33 38 37 38 36 31  31 39 32 32 32 36 2c 0d   59387861192226,.
4ca0	0a 20 20 20 20 20 20 20  20 20 20 30 2e 30 30 33   .          0.003
4cb0	32 35 37 36 38 33 39 34  33 39 35 37 30 39 30 34   2576839439570904
4cc0	2c 0d 0a 20 20 20 20 20  20 20 20 20 20 2d 30 2e   ,..          -0.
4cd0	30 30 36 30 31 35 34 35  39 30 37 35 35 37 30 31   0060154590755701
4ce0	30 36 35 2c 0d 0a 20 20  20 20 20 20 20 20 20 20   065,..          
4cf0	2d 30 2e 30 32 34 33 31  33 34 34 36 31 33 34 33   -0.0243134461343
4d00	32 38 38 34 32 2c 0d 0a  20 20 20 20 20 20 20 20   28842,..        
4d10	20 20 30 2e 30 31 39 30  39 35 38 35 34 38 33 33     0.019095854833
4d20	37 32 32 31 31 35 2c 0d  0a 20 20 20 20 20 20 20   722115,..       
4d30	20 20 20 30 2e 30 35 38  36 39 31 32 37 38 31 30      0.05869127810
4d40	30 30 31 33 37 33 2c 0d  0a 20 20 20 20 20 20 20   001373,..       
4d50	20 20 20 2d 30 2e 30 33  36 37 38 37 39 39 30 34      -0.0367879904
4d60	38 30 36 36 31 33 39 2c  0d 0a 20 20 20 20 20 20   8066139,..      
4d70	20 20 20 20 2d 30 2e 30  37 30 35 30 33 36 39 36       -0.070503696
4d80	37 39 39 32 37 38 32 36  2c 0d 0a 20 20 20 20 20   79927826,..     
4d90	20 20 20 20 20 30 2e 31  30 36 36 32 39 35 35 37        0.106629557
4da0	39 30 37 35 38 31 33 33  2c 0d 0a 20 20 20 20 20   90758133,..     
4db0	20 20 20 20 20 2d 30 2e  30 34 30 38 36 36 37 31        -0.04086671
4dc0	37 36 39 36 31 38 39 38  38 2c 0d 0a 20 20 20 20   769618988,..    
4dd0	20 20 20 20 20 20 2d 30  2e 30 34 32 30 38 35 30         -0.0420850
4de0	33 36 36 33 35 33 39 38  38 36 35 2c 0d 0a 20 20   36635398865,..  
4df0	20 20 20 20 20 20 20 20  2d 30 2e 30 31 33 30 32           -0.01302
4e00	34 31 31 34 30 37 32 33  32 32 38 34 35 2c 0d 0a   4114072322845,..
4e10	20 20 20 20 20 20 20 20  20 20 30 2e 30 31 39 33             0.0193
4e20	33 34 32 32 31 32 35 38  37 35 39 35 2c 0d 0a 20   342212587595,.. 
4e30	20 20 20 20 20 20 20 20  20 30 2e 30 35 33 39 35            0.05395
4e40	30 34 32 31 35 31 32 31  32 36 39 32 2c 0d 0a 20   042151212692,.. 
4e50	20 20 20 20 20 20 20 20  20 2d 30 2e 30 30 33 31            -0.0031
4e60	34 30 31 35 35 36 39 31  36 35 33 34 39 2c 0d 0a   4015569165349,..
4e70	20 20 20 20 20 20 20 20  20 20 30 2e 30 31 30 34             0.0104
4e80	30 32 30 37 35 39 34 36  33 33 31 30 32 34 2c 0d   02075946331024,.
4e90	0a 20 20 20 20 20 20 20  20 20 20 2d 30 2e 30 30   .          -0.00
4ea0	34 34 30 33 31 37 30 31  39 38 32 30 32 31 33 33   4403170198202133
4eb0	2c 0d 0a 20 20 20 20 20  20 20 20 20 20 2d 30 2e   ,..          -0.
4ec0	30 35 30 30 38 33 35 37  37 36 33 32 39 30 34 30   0500835776329040
4ed0	35 2c 0d 0a 20 20 20 20  20 20 20 20 20 20 2d 30   5,..          -0
4ee0	2e 30 36 30 39 36 39 30  30 39 39 39 35 34 36 30   .060969009995460
4ef0	35 31 2c 0d 0a 20 20 20  20 20 20 20 20 20 20 30   51,..          0
4f00	2e 30 36 30 31 37 34 34  35 34 30 30 33 35 37 32   .060174454003572
4f10	34 36 34 2c 0d 0a 20 20  20 20 20 20 20 20 20 20   464,..          
4f20	30 2e 30 32 30 34 38 36  33 32 38 37 35 30 38 34   0.02048632875084
4f30	38 37 37 2c 0d 0a 20 20  20 20 20 20 20 20 20 20   877,..          
4f40	30 2e 30 32 32 38 35 36  37 35 37 30 34 34 37 39   0.02285675704479
4f50	32 31 37 35 2c 0d 0a 20  20 20 20 20 20 20 20 20   2175,..         
4f60	20 2d 30 2e 30 36 39 34  34 34 32 38 33 38 34 33    -0.069444283843
4f70	30 34 30 34 37 2c 0d 0a  20 20 20 20 20 20 20 20   04047,..        
4f80	20 20 2d 30 2e 30 33 37  32 33 38 32 34 30 32 34     -0.03723824024
4f90	32 30 30 34 33 39 35 2c  0d 0a 20 20 20 20 20 20   2004395,..      
4fa0	20 20 20 20 2d 30 2e 30  33 32 30 37 33 36 32 30       -0.032073620
4fb0	37 30 36 37 39 36 36 34  36 2c 0d 0a 20 20 20 20   706796646,..    
4fc0	20 20 20 20 20 20 2d 30  2e 30 31 35 33 34 38 31         -0.0153481
4fd0	39 33 32 33 35 36 39 35  33 36 32 2c 0d 0a 20 20   93235695362,..  
4fe0	20 20 20 20 20 20 20 20  2d 30 2e 30 30 37 31 33           -0.00713
4ff0	31 31 34 39 35 32 36 36  38 35 34 37 36 2c 0d 0a   1149526685476,..
5000	20 20 20 20 20 20 20 20  20 20 2d 30 2e 30 32 38             -0.028
5010	34 31 38 36 35 36 34 33  38 35 38 39 30 39 36 2c   418656438589096,
5020	0d 0a 20 20 20 20 20 20  20 20 20 20 30 2e 30 31   ..          0.01
5030	32 32 31 36 33 31 34 36  37 33 34 32 33 37 36 37   2216314673423767
5040	2c 0d 0a 20 20 20 20 20  20 20 20 20 20 30 2e 30   ,..          0.0
5050	33 30 37 34 39 33 35 36  33 37 34 31 34 34 35 35   3074935637414455
5060	34 2c 0d 0a 20 20 20 20  20 20 20 20 20 20 2d 30   4,..          -0
5070	2e 30 30 38 34 32 38 39  32 35 36 34 38 33 33 31   .008428925648331
5080	36 34 32 2c 0d 0a 20 20  20 20 20 20 20 20 20 20   642,..          
5090	2d 30 2e 30 34 30 38 34  30 32 33 30 38 38 32 31   -0.0408402308821
50a0	36 37 38 31 36 2c 0d 0a  20 20 20 20 20 20 20 20   67816,..        
50b0	20 20 30 2e 30 32 36 30  37 34 37 31 33 30 39 36     0.026074713096
50c0	30 32 32 36 30 36 2c 0d  0a 20 20 20 20 20 20 20   022606,..       
50d0	20 20 20 30 2e 30 33 34  39 38 36 39 39 35 31 36      0.03498699516
50e0	30 35 37 39 36 38 2c 0d  0a 20 20 20 20 20 20 20   057968,..       
50f0	20 20 20 30 2e 30 32 31  38 31 30 35 39 31 32 32      0.02181059122
5100	30 38 35 35 37 31 33 2c  0d 0a 20 20 20 20 20 20   0855713,..      
5110	20 20 20 20 2d 30 2e 30  32 33 38 31 30 32 32 36       -0.023810226
5120	34 37 30 32 33 32 30 31  2c 0d 0a 20 20 20 20 20   47023201,..     
5130	20 20 20 20 20 30 2e 30  36 32 33 39 39 32 31 32        0.062399212
5140	32 37 30 39 37 35 31 31  2c 0d 0a 20 20 20 20 20   27097511,..     
5150	20 20 20 20 20 30 2e 30  30 35 37 30 34 32 35 37        0.005704257
5160	31 37 31 36 30 31 30 35  37 2c 0d 0a 20 20 20 20   171601057,..    
5170	20 20 20 20 20 20 2d 30  2e 31 31 30 36 30 32 33         -0.1106023
5180	34 31 35 39 32 33 31 31  38 36 2c 0d 0a 20 20 20   4159231186,..   
5190	20 20 20 20 20 20 20 30  2e 30 31 30 37 39 39 33          0.0107993
51a0	35 33 39 34 32 32 37 35  30 34 37 2c 0d 0a 20 20   53942275047,..  
51b0	20 20 20 20 20 20 20 20  2d 30 2e 30 34 39 37 33           -0.04973
51c0	39 32 37 31 34 30 32 33  35 39 30 31 2c 0d 0a 20   927140235901,.. 
51d0	20 20 20 20 20 20 20 20  20 2d 30 2e 30 36 35 38            -0.0658
51e0	39 35 32 36 36 38 33 30  39 32 31 31 37 2c 0d 0a   9526683092117,..
51f0	20 20 20 20 20 20 20 20  20 20 2d 30 2e 30 30 37             -0.007
5200	33 33 36 34 30 39 37 36  32 35 30 31 37 31 37 2c   336409762501717,
5210	0d 0a 20 20 20 20 20 20  20 20 20 20 2d 30 2e 30   ..          -0.0
5220	33 30 33 35 32 30 37 38  33 37 38 32 30 30 35 33   3035207837820053
5230	2c 0d 0a 20 20 20 20 20  20 20 20 20 20 30 2e 30   ,..          0.0
5240	33 35 34 36 33 37 32 38  30 31 30 36 35 34 34 35   3546372801065445
5250	2c 0d 0a 20 20 20 20 20  20 20 20 20 20 30 2e 30   ,..          0.0
5260	33 35 39 31 33 39 37 37  37 37 31 39 39 37 34 35   3591397777199745
5270	2c 0d 0a 20 20 20 20 20  20 20 20 20 20 30 2e 30   ,..          0.0
5280	30 33 34 30 33 33 35 32  35 37 33 35 31 33 39 38   0340335257351398
5290	34 37 2c 0d 0a 20 20 20  20 20 20 20 20 20 20 2d   47,..          -
52a0	30 2e 30 30 36 35 35 35  30 39 35 33 31 34 39 37   0.00655509531497
52b0	39 35 35 33 2c 0d 0a 20  20 20 20 20 20 20 20 20   9553,..         
52c0	20 2d 30 2e 30 33 30 35  39 30 34 34 36 36 36 35    -0.030590446665
52d0	38 38 33 30 36 34 2c 0d  0a 20 20 20 20 20 20 20   883064,..       
52e0	20 20 20 30 2e 30 32 33  32 31 34 33 30 38 35 34      0.02321430854
52f0	34 39 39 33 34 2c 0d 0a  20 20 20 20 20 20 20 20   49934,..        
5300	20 20 30 2e 30 31 31 39  31 38 33 35 35 37 31 30     0.011918355710
5310	38 30 34 34 36 32 2c 0d  0a 20 20 20 20 20 20 20   804462,..       
5320	20 20 20 2d 30 2e 30 34  33 33 30 33 33 35 39 32      -0.0433033592
5330	39 39 38 39 38 31 35 2c  0d 0a 20 20 20 20 20 20   9989815,..      
5340	20 20 20 20 30 2e 30 31  30 32 31 36 36 37 39 34       0.0102166794
5350	32 34 30 34 37 34 37 2c  0d 0a 20 20 20 20 20 20   2404747,..      
5360	20 20 20 20 2d 30 2e 30  30 39 39 38 34 39 33 33       -0.009984933
5370	37 37 31 31 39 33 30 32  37 2c 0d 0a 20 20 20 20   771193027,..    
5380	20 20 20 20 20 20 30 2e  30 31 36 33 32 38 31 34         0.01632814
5390	36 36 38 31 31 38 39 35  33 37 2c 0d 0a 20 20 20   6681189537,..   
53a0	20 20 20 20 20 20 20 2d  30 2e 30 30 36 32 39 33          -0.006293
53b0	35 35 33 38 35 38 39 39  35 34 33 38 2c 0d 0a 20   553858995438,.. 
53c0	20 20 20 20 20 20 20 20  20 30 2e 30 33 33 39 30            0.03390
53d0	31 30 39 39 31 31 35 36  31 30 31 32 2c 0d 0a 20   109911561012,.. 
53e0	20 20 20 20 20 20 20 20  20 30 2e 30 38 38 38 33            0.08883
53f0	31 34 37 36 38 36 37 31  39 38 39 34 2c 0d 0a 20   147686719894,.. 
5400	20 20 20 20 20 20 20 20  20 2d 30 2e 30 32 36 36            -0.0266
5410	30 34 34 31 37 37 31 31  34 39 36 33 35 33 2c 0d   04417711496353,.
5420	0a 20 20 20 20 20 20 20  20 20 20 2d 30 2e 30 33   .          -0.03
5430	34 30 38 36 34 39 35 36  33 37 38 39 33 36 38 2c   408649563789368,
5440	0d 0a 20 20 20 20 20 20  20 20 20 20 2d 30 2e 30   ..          -0.0
5450	30 34 34 30 36 34 38 31  30 34 39 39 35 34 38 39   0440648104995489
5460	31 2c 0d 0a 20 20 20 20  20 20 20 20 20 20 30 2e   1,..          0.
5470	30 32 34 37 32 33 39 36  35 36 37 34 36 33 38 37   0247239656746387
5480	34 38 2c 0d 0a 20 20 20  20 20 20 20 20 20 20 30   48,..          0
5490	2e 30 35 30 38 35 31 36  35 30 35 33 36 30 36 30   .050851650536060
54a0	33 33 2c 0d 0a 20 20 20  20 20 20 20 20 20 20 30   33,..          0
54b0	2e 30 30 33 34 30 33 33  35 32 35 37 33 35 31 33   .003403352573513
54c0	39 38 34 37 2c 0d 0a 20  20 20 20 20 20 20 20 20   9847,..         
54d0	20 2d 30 2e 30 30 33 38  38 36 37 30 38 30 35 38    -0.003886708058
54e0	34 31 36 38 34 33 34 2c  0d 0a 20 20 20 20 20 20   4168434,..      
54f0	20 20 20 20 2d 30 2e 30  30 31 38 31 35 38 39 33       -0.001815893
5500	39 32 30 31 33 38 34 37  38 33 2c 0d 0a 20 20 20   9201384783,..   
5510	20 20 20 20 20 20 20 2d  30 2e 30 35 34 31 36 32          -0.054162
5520	33 30 34 38 34 38 34 33  32 35 34 2c 0d 0a 20 20   30484843254,..  
5530	20 20 20 20 20 20 20 20  30 2e 30 32 31 38 32 33           0.021823
5540	38 33 32 37 36 35 32 32  31 35 39 36 2c 0d 0a 20   832765221596,.. 
5550	20 20 20 20 20 20 20 20  20 2d 30 2e 32 37 39 38            -0.2798
5560	39 35 39 36 31 32 38 34  36 33 37 34 35 2c 0d 0a   9596128463745,..
5570	20 20 20 20 20 20 20 20  20 20 2d 30 2e 30 31 30             -0.010
5580	37 38 36 31 31 31 34 36  36 35 38 36 35 39 2c 0d   78611146658659,.
5590	0a 20 20 20 20 20 20 20  20 20 20 2d 30 2e 30 32   .          -0.02
55a0	35 31 32 31 32 34 35 35  33 33 32 32 37 39 32 2c   512124553322792,
55b0	0d 0a 20 20 20 20 20 20  20 20 20 20 2d 30 2e 30   ..          -0.0
55c0	30 38 34 36 38 36 35 34  30 30 36 37 31 39 35 39   0846865400671959
55d0	2c 0d 0a 20 20 20 20 20  20 20 20 20 20 30 2e 30   ,..          0.0
55e0	31 31 34 32 31 37 35 37  37 35 30 32 31 33 31 34   1142175775021314
55f0	36 2c 0d 0a 20 20 20 20  20 20 20 20 20 20 2d 30   6,..          -0
5600	2e 30 31 30 32 32 33 33  30 30 31 39 36 32 33 30   .010223300196230
5610	34 31 32 2c 0d 0a 20 20  20 20 20 20 20 20 20 20   412,..          
5620	30 2e 30 32 34 38 30 33  34 32 32 33 39 31 34 31   0.02480342239141
5630	34 36 34 32 2c 0d 0a 20  20 20 20 20 20 20 20 20   4642,..         
5640	20 30 2e 30 31 30 30 37  37 36 33 32 30 33 32 33    0.0100776320323
5650	33 34 38 30 35 2c 0d 0a  20 20 20 20 20 20 20 20   34805,..        
5660	20 20 30 2e 30 34 37 30  36 34 32 36 33 33 37 33     0.047064263373
5670	36 31 33 33 36 2c 0d 0a  20 20 20 20 20 20 20 20   61336,..        
5680	20 20 30 2e 30 30 39 32  33 30 31 30 34 32 37 35     0.009230104275
5690	30 34 37 37 37 39 2c 0d  0a 20 20 20 20 20 20 20   047779,..       
56a0	20 20 20 30 2e 30 32 39  31 33 33 37 35 37 35 37      0.02913375757
56b0	36 33 34 36 33 39 37 2c  0d 0a 20 20 20 20 20 20   6346397,..      
56c0	20 20 20 20 2d 30 2e 30  32 35 33 33 33 31 32 37       -0.025333127
56d0	30 30 36 38 38 38 33 39  2c 0d 0a 20 20 20 20 20   00688839,..     
56e0	20 20 20 20 20 2d 30 2e  30 33 34 36 36 39 31 37        -0.03466917
56f0	32 30 31 38 37 36 36 34  2c 0d 0a 20 20 20 20 20   20187664,..     
5700	20 20 20 20 20 30 2e 30  31 33 35 30 30 38 34 37        0.013500847
5710	38 35 33 37 32 30 31 38  38 2c 0d 0a 20 20 20 20   853720188,..    
5720	20 20 20 20 20 20 30 2e  30 30 30 34 34 37 33 35         0.00044735
5730	32 31 35 34 38 37 38 38  39 39 34 36 2c 0d 0a 20   215487889946,.. 
5740	20 20 20 20 20 20 20 20  20 30 2e 30 35 32 38 33            0.05283
5750	38 30 34 32 33 37 38 34  32 35 36 2c 0d 0a 20 20   80423784256,..  
5760	20 20 20 20 20 20 20 20  30 2e 30 33 31 36 32 33           0.031623
5770	33 37 30 39 34 35 34 35  33 36 34 34 2c 0d 0a 20   370945453644,.. 
5780	20 20 20 20 20 20 20 20  20 30 2e 30 32 35 31 37            0.02517
5790	34 32 31 35 34 33 35 39  38 31 37 35 2c 0d 0a 20   421543598175,.. 
57a0	20 20 20 20 20 20 20 20  20 30 2e 30 30 33 35 39            0.00359
57b0	35 33 37 30 35 36 36 34  37 32 34 31 31 2c 0d 0a   5370566472411,..
57c0	20 20 20 20 20 20 20 20  20 20 2d 30 2e 30 30 39             -0.009
57d0	39 33 38 35 38 34 36 34  30 36 32 32 31 33 39 2c   938584640622139,
57e0	0d 0a 20 20 20 20 20 20  20 20 20 20 2d 30 2e 30   ..          -0.0
57f0	32 38 38 31 35 39 33 34  34 33 34 35 33 33 31 32   2881593443453312
5800	2c 0d 0a 20 20 20 20 20  20 20 20 20 20 30 2e 30   ,..          0.0
5810	30 32 30 37 37 34 33 35  36 30 38 39 35 33 32 33   0207743560895323
5820	37 35 2c 0d 0a 20 20 20  20 20 20 20 20 20 20 2d   75,..          -
5830	30 2e 30 31 37 34 34 30  35 32 37 36 37 37 35 33   0.01744052767753
5840	36 30 31 2c 0d 0a 20 20  20 20 20 20 20 20 20 20   601,..          
5850	2d 30 2e 30 30 38 35 38  31 32 31 36 34 34 37 30   -0.0085812164470
5860	35 35 33 34 2c 0d 0a 20  20 20 20 20 20 20 20 20   5534,..         
5870	20 30 2e 30 32 34 36 31  38 30 32 35 38 36 39 31    0.0246180258691
5880	33 31 30 38 38 2c 0d 0a  20 20 20 20 20 20 20 20   31088,..        
5890	20 20 30 2e 30 33 37 37  39 34 34 32 39 38 30 38     0.037794429808
58a0	38 35 35 30 36 2c 0d 0a  20 20 20 20 20 20 20 20   85506,..        
58b0	20 20 30 2e 31 32 36 37  30 35 33 36 33 33 39 32     0.126705363392
58c0	38 32 39 39 2c 0d 0a 20  20 20 20 20 20 20 20 20   8299,..         
58d0	20 2d 30 2e 30 31 32 34  37 34 35 34 35 32 37 37    -0.012474545277
58e0	36 35 35 31 32 35 2c 0d  0a 20 20 20 20 20 20 20   655125,..       
58f0	20 20 20 30 2e 30 35 36  36 37 38 34 30 33 31 36      0.05667840316
5900	38 39 31 36 37 2c 0d 0a  20 20 20 20 20 20 20 20   89167,..        
5910	20 20 30 2e 30 32 38 35  32 34 35 39 38 31 30 36     0.028524598106
5920	37 34 31 39 30 35 2c 0d  0a 20 20 20 20 20 20 20   741905,..       
5930	20 20 20 30 2e 30 33 38  33 32 34 31 33 32 35 36      0.03832413256
5940	31 36 38 33 36 35 35 2c  0d 0a 20 20 20 20 20 20   1683655,..      
5950	20 20 20 20 30 2e 30 33  34 37 32 32 31 34 31 39       0.0347221419
5960	32 31 35 32 30 32 33 2c  0d 0a 20 20 20 20 20 20   2152023,..      
5970	20 20 20 20 2d 30 2e 30  32 33 39 34 32 36 35 31       -0.023942651
5980	32 32 37 31 31 36 35 38  35 2c 0d 0a 20 20 20 20   227116585,..    
5990	20 20 20 20 20 20 2d 30  2e 30 37 32 30 33 39 38         -0.0720398
59a0	33 35 31 35 35 30 31 30  32 32 2c 0d 0a 20 20 20   3515501022,..   
59b0	20 20 20 20 20 20 20 30  2e 30 37 33 37 38 37 38          0.0737878
59c0	36 30 35 37 32 33 33 38  31 2c 0d 0a 20 20 20 20   605723381,..    
59d0	20 20 20 20 20 20 30 2e  30 32 33 34 32 36 31 39         0.02342619
59e0	30 30 31 38 36 35 33 38  37 2c 0d 0a 20 20 20 20   001865387,..    
59f0	20 20 20 20 20 20 30 2e  30 31 30 34 36 31 36 36         0.01046166
5a00	37 35 35 32 35 39 30 33  37 2c 0d 0a 20 20 20 20   755259037,..    
5a10	20 20 20 20 20 20 2d 30  2e 30 35 30 32 34 32 34         -0.0502424
5a20	39 31 30 36 36 34 35 35  38 34 2c 0d 0a 20 20 20   9106645584,..   
5a30	20 20 20 20 20 20 20 30  2e 30 31 37 31 30 39 34          0.0171094
5a40	36 31 31 32 38 37 31 31  37 2c 0d 0a 20 20 20 20   611287117,..    
5a50	20 20 20 20 20 20 2d 30  2e 30 34 36 32 34 33 32         -0.0462432
5a60	32 30 35 36 37 37 30 33  32 35 2c 0d 0a 20 20 20   2056770325,..   
5a70	20 20 20 20 20 20 20 30  2e 30 33 38 39 30 36 38          0.0389068
5a80	30 38 39 34 32 35 35 36  33 38 2c 0d 0a 20 20 20   0894255638,..   
5a90	20 20 20 20 20 20 20 30  2e 30 30 34 32 37 37 33          0.0042773
5aa0	36 35 32 38 32 31 37 37  39 32 35 2c 0d 0a 20 20   65282177925,..  
5ab0	20 20 20 20 20 20 20 20  2d 30 2e 30 32 35 36 39           -0.02569
5ac0	30 36 37 36 36 34 34 34  34 34 34 36 36 2c 0d 0a   0676644444466,..
5ad0	20 20 20 20 20 20 20 20  20 20 2d 30 2e 30 36 39             -0.069
5ae0	38 31 35 30 37 36 38 38  37 36 30 37 35 37 2c 0d   81507688760757,.
5af0	0a 20 20 20 20 20 20 20  20 20 20 2d 30 2e 30 32   .          -0.02
5b00	33 34 33 39 34 33 33 34  32 35 36 36 34 39 2c 0d   34394334256649,.
5b10	0a 20 20 20 20 20 20 20  20 20 20 2d 30 2e 30 30   .          -0.00
5b20	34 36 38 34 35 37 35 38  33 33 33 38 30 32 32 32   4684575833380222
5b30	2c 0d 0a 20 20 20 20 20  20 20 20 20 20 2d 30 2e   ,..          -0.
5b40	30 34 33 38 35 39 35 34  38 38 36 36 37 34 38 38   0438595488667488
5b50	31 2c 0d 0a 20 20 20 20  20 20 20 20 20 20 2d 30   1,..          -0
5b60	2e 30 30 31 32 39 36 31  32 31 31 36 31 34 33 31   .001296121161431
5b70	30 37 34 31 2c 0d 0a 20  20 20 20 20 20 20 20 20   0741,..         
5b80	20 2d 30 2e 30 35 38 38  35 30 31 39 31 35 33 33    -0.058850191533
5b90	35 36 35 35 32 2c 0d 0a  20 20 20 20 20 20 20 20   56552,..        
5ba0	20 20 30 2e 30 36 36 37  39 35 37 35 38 39 30 33     0.066795758903
5bb0	30 32 36 35 38 2c 0d 0a  20 20 20 20 20 20 20 20   02658,..        
5bc0	20 20 2d 30 2e 30 30 38  37 37 33 32 33 33 37 34     -0.00877323374
5bd0	31 35 32 31 38 33 35 2c  0d 0a 20 20 20 20 20 20   1521835,..      
5be0	20 20 20 20 2d 30 2e 30  32 34 33 32 36 36 38 37       -0.024326687
5bf0	36 37 38 36 39 34 37 32  35 2c 0d 0a 20 20 20 20   678694725,..    
5c00	20 20 20 20 20 20 2d 30  2e 30 30 36 39 35 32 33         -0.0069523
5c10	37 34 32 34 32 32 34 36  31 35 31 2c 0d 0a 20 20   74242246151,..  
5c20	20 20 20 20 20 20 20 20  2d 30 2e 30 30 39 30 32           -0.00902
5c30	34 38 34 33 35 37 33 35  37 30 32 35 31 2c 0d 0a   4843573570251,..
5c40	20 20 20 20 20 20 20 20  20 20 30 2e 30 32 37 38             0.0278
5c50	36 32 34 36 36 38 37 31  37 33 38 34 33 34 2c 0d   62466871738434,.
5c60	0a 20 20 20 20 20 20 20  20 20 20 2d 30 2e 30 30   .          -0.00
5c70	31 36 32 33 38 37 35 39  32 37 31 38 30 30 35 31   1623875927180051
5c80	38 2c 0d 0a 20 20 20 20  20 20 20 20 20 20 2d 30   8,..          -0
5c90	2e 30 30 37 33 34 39 36  35 32 37 30 33 38 35 31   .007349652703851
5ca0	34 36 31 2c 0d 0a 20 20  20 20 20 20 20 20 20 20   461,..          
5cb0	30 2e 30 32 33 31 34 38  30 39 35 32 33 35 32 32   0.02314809523522
5cc0	38 35 34 2c 0d 0a 20 20  20 20 20 20 20 20 20 20   854,..          
5cd0	30 2e 30 33 38 39 33 33  32 39 35 37 35 36 35 37   0.03893329575657
5ce0	38 34 34 35 2c 0d 0a 20  20 20 20 20 20 20 20 20   8445,..         
5cf0	20 30 2e 30 32 38 32 30  36 37 37 34 39 36 34 39    0.0282067749649
5d00	32 38 36 32 37 2c 0d 0a  20 20 20 20 20 20 20 20   28627,..        
5d10	20 20 2d 30 2e 30 31 30  30 31 38 30 34 30 34 32     -0.01001804042
5d20	36 30 37 35 34 35 39 2c  0d 0a 20 20 20 20 20 20   6075459,..      
5d30	20 20 20 20 30 2e 30 31  34 38 38 34 37 30 31 39       0.0148847019
5d40	32 39 39 38 36 34 37 37  2c 0d 0a 20 20 20 20 20   29986477,..     
5d50	20 20 20 20 20 30 2e 30  31 32 38 39 38 33 30 39        0.012898309
5d60	31 35 36 32 39 38 36 33  37 2c 0d 0a 20 20 20 20   156298637,..    
5d70	20 20 20 20 20 20 2d 30  2e 30 32 31 31 30 38 37         -0.0211087
5d80	33 31 36 32 37 34 36 34  32 39 34 2c 0d 0a 20 20   31627464294,..  
5d90	20 20 20 20 20 20 20 20  30 2e 30 30 34 38 31 37           0.004817
5da0	30 30 31 39 38 37 32 34  38 36 35 39 2c 0d 0a 20   001987248659,.. 
5db0	20 20 20 20 20 20 20 20  20 2d 30 2e 30 32 39 36            -0.0296
5dc0	33 36 39 37 37 32 34 30  34 34 33 32 33 2c 0d 0a   3697724044323,..
5dd0	20 20 20 20 20 20 20 20  20 20 30 2e 30 30 30 31             0.0001
5de0	34 38 34 36 32 31 36 30  37 32 33 32 38 33 39 2c   484621607232839,
5df0	0d 0a 20 20 20 20 20 20  20 20 20 20 30 2e 30 31   ..          0.01
5e00	34 39 39 30 36 34 32 36  36 36 38 31 36 37 31 31   4990642666816711
5e10	2c 0d 0a 20 20 20 20 20  20 20 20 20 20 30 2e 30   ,..          0.0
5e20	30 33 36 33 35 30 39 38  34 35 39 31 39 39 30 37   0363509845919907
5e30	31 2c 0d 0a 20 20 20 20  20 20 20 20 20 20 30 2e   1,..          0.
5e40	30 34 31 31 35 38 30 35  34 30 32 33 39 38 31 30   0411580540239810
5e50	39 34 2c 0d 0a 20 20 20  20 20 20 20 20 20 20 2d   94,..          -
5e60	30 2e 30 33 32 33 31 31  39 38 37 31 33 31 38 33   0.03231198713183
5e70	34 30 33 2c 0d 0a 20 20  20 20 20 20 20 20 20 20   403,..          
5e80	30 2e 30 33 32 32 35 39  30 31 37 32 32 39 30 38   0.03225901722908
5e90	30 32 2c 0d 0a 20 20 20  20 20 20 20 20 20 20 2d   02,..          -
5ea0	30 2e 30 31 38 36 31 39  31 32 30 31 32 31 30 30   0.01861912012100
5eb0	32 31 39 37 2c 0d 0a 20  20 20 20 20 20 20 20 20   2197,..         
5ec0	20 30 2e 30 34 30 34 36  39 34 33 37 38 33 37 36    0.0404694378376
5ed0	30 30 37 31 2c 0d 0a 20  20 20 20 20 20 20 20 20   0071,..         
5ee0	20 30 2e 30 30 35 35 38  31 37 36 33 31 30 37 33    0.0055817631073
5ef0	32 39 36 30 37 2c 0d 0a  20 20 20 20 20 20 20 20   29607,..        
5f00	20 20 2d 30 2e 30 36 33  35 31 31 35 39 35 31 32     -0.06351159512
5f10	39 39 36 36 37 34 2c 0d  0a 20 20 20 20 20 20 20   996674,..       
5f20	20 20 20 2d 30 2e 30 32  33 32 32 37 35 35 30 30      -0.0232275500
5f30	38 39 33 35 39 32 38 33  2c 0d 0a 20 20 20 20 20   89359283,..     
5f40	20 20 20 20 20 2d 30 2e  30 30 38 38 37 39 31 37        -0.00887917
5f50	34 34 37 38 33 35 32 30  37 2c 0d 0a 20 20 20 20   447835207,..    
5f60	20 20 20 20 20 20 2d 30  2e 30 31 31 35 37 34 30         -0.0115740
5f70	34 37 36 31 37 36 31 34  32 37 2c 0d 0a 20 20 20   4761761427,..   
5f80	20 20 20 20 20 20 20 2d  30 2e 30 31 34 37 37 38          -0.014778
5f90	37 36 31 31 39 33 31 35  36 32 34 32 2c 0d 0a 20   761193156242,.. 
5fa0	20 20 20 20 20 20 20 20  20 30 2e 30 34 33 33 30            0.04330
5fb0	33 33 35 39 32 39 39 38  39 38 31 35 2c 0d 0a 20   335929989815,.. 
5fc0	20 20 20 20 20 20 20 20  20 2d 30 2e 30 35 30 37            -0.0507
5fd0	39 38 36 38 30 36 33 33  33 30 36 35 2c 0d 0a 20   986806333065,.. 
5fe0	20 20 20 20 20 20 20 20  20 30 2e 30 36 38 38 30            0.06880
5ff0	38 36 33 37 35 35 39 34  31 33 39 31 2c 0d 0a 20   863755941391,.. 
6000	20 20 20 20 20 20 20 20  20 2d 30 2e 30 33 31 31            -0.0311
6010	32 30 31 35 31 32 38 31  33 35 36 38 31 2c 0d 0a   2015128135681,..
6020	20 20 20 20 20 20 20 20  20 20 30 2e 30 31 33 31             0.0131
6030	37 36 34 30 33 39 33 39  37 32 33 39 36 39 2c 0d   76403939723969,.
6040	0a 20 20 20 20 20 20 20  20 20 20 2d 30 2e 30 31   .          -0.01
6050	33 34 31 34 37 37 31 32  39 36 30 38 33 39 32 37   3414771296083927
6060	2c 0d 0a 20 20 20 20 20  20 20 20 20 20 30 2e 30   ,..          0.0
6070	33 39 35 31 35 39 36 38  34 31 32 31 36 30 38 37   3951596841216087
6080	2c 0d 0a 20 20 20 20 20  20 20 20 20 20 30 2e 30   ,..          0.0
6090	34 35 33 39 35 36 39 30  39 34 37 37 37 31 30 37   4539569094777107
60a0	2c 0d 0a 20 20 20 20 20  20 20 20 20 20 30 2e 30   ,..          0.0
60b0	32 36 38 35 36 30 32 37  35 34 33 35 34 34 37 37   2685602754354477
60c0	2c 0d 0a 20 20 20 20 20  20 20 20 20 20 30 2e 30   ,..          0.0
60d0	30 33 38 38 33 33 39 37  34 33 39 34 39 34 37 32   0388339743949472
60e0	39 2c 0d 0a 20 20 20 20  20 20 20 20 20 20 30 2e   9,..          0.
60f0	30 30 30 37 30 38 34 38  30 30 31 36 33 32 38 33   0007084800163283
6100	39 34 34 2c 0d 0a 20 20  20 20 20 20 20 20 20 20   944,..          
6110	30 2e 30 31 39 35 33 32  38 36 31 31 38 38 30 35   0.01953286118805
6120	34 30 38 35 2c 0d 0a 20  20 20 20 20 20 20 20 20   4085,..         
6130	20 2d 30 2e 30 30 32 34  37 38 30 32 34 36 38 39    -0.002478024689
6140	34 38 30 36 36 32 33 2c  0d 0a 20 20 20 20 20 20   4806623,..      
6150	20 20 20 20 2d 30 2e 30  32 37 39 36 38 34 30 38       -0.027968408
6160	35 33 39 38 39 31 32 34  33 2c 0d 0a 20 20 20 20   539891243,..    
6170	20 20 20 20 20 20 30 2e  30 34 39 39 32 34 36 36         0.04992466
6180	37 39 32 34 36 34 32 35  36 2c 0d 0a 20 20 20 20   792464256,..    
6190	20 20 20 20 20 20 2d 30  2e 30 30 32 35 39 33 38         -0.0025938
61a0	39 37 37 34 38 37 33 38  35 32 37 33 2c 0d 0a 20   977487385273,.. 
61b0	20 20 20 20 20 20 20 20  20 2d 30 2e 33 30 30 32            -0.3002
61c0	33 36 36 31 32 35 35 38  33 36 34 38 37 2c 0d 0a   3661255836487,..
61d0	20 20 20 20 20 20 20 20  20 20 2d 30 2e 30 30 32             -0.002
61e0	35 30 39 34 37 35 39 31  38 34 38 36 37 31 34 34   5094759184867144
61f0	2c 0d 0a 20 20 20 20 20  20 20 20 20 20 2d 30 2e   ,..          -0.
6200	30 32 32 36 33 31 36 33  32 31 36 34 31 32 30 36   0226316321641206
6210	37 34 2c 0d 0a 20 20 20  20 20 20 20 20 20 20 30   74,..          0
6220	2e 30 35 37 35 32 35 39  32 39 30 36 33 35 35 38   .057525929063558
6230	35 38 2c 0d 0a 20 20 20  20 20 20 20 20 20 20 30   58,..          0
6240	2e 30 30 33 34 34 39 37  30 31 37 30 34 30 38 34   .003449701704084
6250	38 37 33 2c 0d 0a 20 20  20 20 20 20 20 20 20 20   873,..          
6260	30 2e 30 32 36 39 36 31  39 36 39 32 31 31 36 39   0.02696196921169
6270	37 35 38 2c 0d 0a 20 20  20 20 20 20 20 20 20 20   758,..          
6280	30 2e 30 33 31 38 38 38  32 32 34 31 38 34 35 31   0.03188822418451
6290	33 30 39 2c 0d 0a 20 20  20 20 20 20 20 20 20 20   309,..          
62a0	30 2e 30 34 31 31 35 38  30 35 34 30 32 33 39 38   0.04115805402398
62b0	31 30 39 34 2c 0d 0a 20  20 20 20 20 20 20 20 20   1094,..         
62c0	20 2d 30 2e 30 38 36 35  30 30 37 37 38 37 39 34    -0.086500778794
62d0	32 38 38 36 34 2c 0d 0a  20 20 20 20 20 20 20 20   28864,..        
62e0	20 20 30 2e 30 32 35 30  35 35 30 33 32 32 32 33     0.025055032223
62f0	34 36 33 30 36 2c 0d 0a  20 20 20 20 20 20 20 20   46306,..        
6300	20 20 2d 30 2e 30 33 34  36 39 35 36 35 38 38 33     -0.03469565883
6310	32 37 38 38 34 37 2c 0d  0a 20 20 20 20 20 20 20   278847,..       
6320	20 20 20 30 2e 30 33 33  33 39 37 38 37 39 34 35      0.03339787945
6330	31 35 31 33 32 39 2c 0d  0a 20 20 20 20 20 20 20   151329,..       
6340	20 20 20 2d 30 2e 30 32  34 37 35 30 34 35 32 34      -0.0247504524
6350	38 38 36 36 30 38 31 32  2c 0d 0a 20 20 20 20 20   88660812,..     
6360	20 20 20 20 20 2d 30 2e  30 31 37 32 38 31 36 31        -0.01728161
6370	36 31 30 36 36 32 39 33  37 2c 0d 0a 20 20 20 20   610662937,..    
6380	20 20 20 20 20 20 30 2e  30 30 34 34 38 39 32 34         0.00448924
6390	37 32 32 31 34 39 39 36  38 31 35 2c 0d 0a 20 20   72214996815,..  
63a0	20 20 20 20 20 20 20 20  2d 30 2e 30 32 30 32 38           -0.02028
63b0	37 36 38 38 38 32 31 35  35 34 31 38 34 2c 0d 0a   7688821554184,..
63c0	20 20 20 20 20 20 20 20  20 20 30 2e 30 30 32 37             0.0027
63d0	32 37 39 37 39 30 39 35  36 35 32 36 39 39 35 2c   279790956526995,
63e0	0d 0a 20 20 20 20 20 20  20 20 20 20 2d 30 2e 30   ..          -0.0
63f0	31 31 38 37 32 30 30 36  35 38 30 32 33 33 35 37   1187200658023357
6400	34 2c 0d 0a 20 20 20 20  20 20 20 20 20 20 30 2e   4,..          0.
6410	30 33 35 33 35 37 37 38  38 32 30 35 31 34 36 37   0353577882051467
6420	39 2c 0d 0a 20 20 20 20  20 20 20 20 20 20 2d 30   9,..          -0
6430	2e 30 33 32 32 33 32 35  33 30 34 31 35 30 35 38   .032232530415058
6440	31 33 36 2c 0d 0a 20 20  20 20 20 20 20 20 20 20   136,..          
6450	2d 30 2e 30 33 30 30 38  37 32 32 37 30 30 31 37   -0.0300872270017
6460	38 36 32 33 32 2c 0d 0a  20 20 20 20 20 20 20 20   86232,..        
6470	20 20 30 2e 30 32 36 31  30 31 31 39 38 30 34 37     0.026101198047
6480	33 39 39 35 32 2c 0d 0a  20 20 20 20 20 20 20 20   39952,..        
6490	20 20 30 2e 30 38 33 36  34 30 33 37 34 32 34 33     0.083640374243
64a0	32 35 39 34 33 2c 0d 0a  20 20 20 20 20 20 20 20   25943,..        
64b0	20 20 2d 30 2e 30 30 34  33 36 36 37 35 33 31 35     -0.00436675315
64c0	37 32 32 38 32 33 31 2c  0d 0a 20 20 20 20 20 20   7228231,..      
64d0	20 20 20 20 30 2e 30 32  39 31 38 36 37 32 39 33       0.0291867293
64e0	34 31 37 34 35 33 37 37  2c 0d 0a 20 20 20 20 20   41745377,..     
64f0	20 20 20 20 20 30 2e 30  38 31 35 32 31 35 34 38        0.081521548
6500	33 33 30 37 38 33 38 34  2c 0d 0a 20 20 20 20 20   33078384,..     
6510	20 20 20 20 20 2d 30 2e  30 30 33 33 34 37 30 37        -0.00334707
6520	31 35 38 36 31 37 36 37  35 33 2c 0d 0a 20 20 20   1586176753,..   
6530	20 20 20 20 20 20 20 30  2e 30 36 34 34 36 35 30          0.0644650
6540	36 30 38 33 30 31 31 36  32 37 2c 0d 0a 20 20 20   6083011627,..   
6550	20 20 20 20 20 20 20 2d  30 2e 30 31 39 30 30 33          -0.019003
6560	31 35 36 35 37 32 35 38  30 33 33 38 2c 0d 0a 20   156572580338,.. 
6570	20 20 20 20 20 20 20 20  20 30 2e 30 30 39 34 38            0.00948
6580	38 33 33 34 38 37 39 32  37 39 31 33 37 2c 0d 0a   8334879279137,..
6590	20 20 20 20 20 20 20 20  20 20 2d 30 2e 30 33 37             -0.037
65a0	30 35 32 38 34 33 37 31  39 37 32 30 38 34 2c 0d   05284371972084,.
65b0	0a 20 20 20 20 20 20 20  20 20 20 2d 30 2e 30 30   .          -0.00
65c0	36 36 30 34 37 35 35 32  39 37 33 30 33 32 2c 0d   66047552973032,.
65d0	0a 20 20 20 20 20 20 20  20 20 20 30 2e 30 31 38   .          0.018
65e0	39 35 30 31 38 34 38 30  37 31 38 31 33 36 2c 0d   95018480718136,.
65f0	0a 20 20 20 20 20 20 20  20 20 20 2d 30 2e 30 33   .          -0.03
6600	31 33 33 32 30 33 30 38  39 32 33 37 32 31 33 2c   133203089237213,
6610	0d 0a 20 20 20 20 20 20  20 20 20 20 2d 30 2e 30   ..          -0.0
6620	31 33 33 31 35 34 35 31  33 33 31 34 33 36 36 33   1331545133143663
6630	34 2c 0d 0a 20 20 20 20  20 20 20 20 20 20 30 2e   4,..          0.
6640	30 34 34 38 31 33 30 31  38 32 39 32 31 38 38 36   0448130182921886
6650	34 34 2c 0d 0a 20 20 20  20 20 20 20 20 20 20 2d   44,..          -
6660	30 2e 30 37 30 32 39 31  38 30 39 37 33 37 36 38   0.07029180973768
6670	32 33 34 2c 0d 0a 20 20  20 20 20 20 20 20 20 20   234,..          
6680	30 2e 30 36 32 37 37 30  30 30 39 30 34 30 38 33   0.06277000904083
6690	32 35 32 2c 0d 0a 20 20  20 20 20 20 20 20 20 20   252,..          
66a0	30 2e 30 35 39 36 39 37  37 31 37 34 32 38 32 30   0.05969771742820
66b0	37 34 2c 0d 0a 20 20 20  20 20 20 20 20 20 20 2d   74,..          -
66c0	30 2e 30 30 38 37 37 33  32 33 33 37 34 31 35 32   0.00877323374152
66d0	31 38 33 35 2c 0d 0a 20  20 20 20 20 20 20 20 20   1835,..         
66e0	20 2d 30 2e 30 34 36 37  39 39 34 31 30 31 33 34    -0.046799410134
66f0	35 35 33 39 31 2c 0d 0a  20 20 20 20 20 20 20 20   55391,..        
6700	20 20 30 2e 30 36 34 35  37 31 30 30 30 36 33 35     0.064571000635
6710	36 32 33 39 33 2c 0d 0a  20 20 20 20 20 20 20 20   62393,..        
6720	20 20 2d 30 2e 30 31 32  32 38 32 35 32 37 30 35     -0.01228252705
6730	31 38 36 36 30 35 35 2c  0d 0a 20 20 20 20 20 20   1866055,..      
6740	20 20 20 20 30 2e 30 30  34 34 34 32 38 39 38 30       0.0044428980
6750	39 30 39 32 38 37 39 33  2c 0d 0a 20 20 20 20 20   90928793,..     
6760	20 20 20 20 20 30 2e 30  37 34 32 36 34 36 30 30        0.074264600
6770	38 37 32 39 39 33 34 37  2c 0d 0a 20 20 20 20 20   87299347,..     
6780	20 20 20 20 20 2d 30 2e  30 30 38 39 37 38 34 39        -0.00897849
6790	34 34 34 32 39 39 39 33  36 33 2c 0d 0a 20 20 20   4442999363,..   
67a0	20 20 20 20 20 20 20 30  2e 30 32 33 34 36 35 39          0.0234659
67b0	31 38 33 37 37 30 34 31  38 31 37 2c 0d 0a 20 20   18377041817,..  
67c0	20 20 20 20 20 20 20 20  2d 30 2e 30 32 31 35 39           -0.02159
67d0	38 37 30 37 38 38 34 35  35 30 30 39 35 2c 0d 0a   8707884550095,..
67e0	20 20 20 20 20 20 20 20  20 20 30 2e 30 30 30 39             0.0009
67f0	35 30 39 38 35 34 37 31  37 31 38 30 31 33 33 2c   509854717180133,
6800	0d 0a 20 20 20 20 20 20  20 20 20 20 30 2e 30 35   ..          0.05
6810	33 34 32 30 37 31 38 37  35 39 32 39 38 33 32 35   3420718759298325
6820	2c 0d 0a 20 20 20 20 20  20 20 20 20 20 30 2e 30   ,..          0.0
6830	30 39 36 37 33 37 33 32  33 33 32 38 38 35 32 36   0967373233288526
6840	35 2c 0d 0a 20 20 20 20  20 20 20 20 20 20 2d 30   5,..          -0
6850	2e 30 31 39 30 30 33 31  35 36 35 37 32 35 38 30   .019003156572580
6860	33 33 38 2c 0d 0a 20 20  20 20 20 20 20 20 20 20   338,..          
6870	2d 30 2e 30 32 34 35 35  31 38 31 32 35 35 39 33   -0.0245518125593
6880	36 36 32 32 36 2c 0d 0a  20 20 20 20 20 20 20 20   66226,..        
6890	20 20 2d 30 2e 30 30 32  39 37 31 33 31 32 32 36     -0.00297131226
68a0	33 39 38 30 35 30 38 2c  0d 0a 20 20 20 20 20 20   3980508,..      
68b0	20 20 20 20 30 2e 30 33  35 35 39 36 31 35 34 36       0.0355961546
68c0	33 30 31 38 34 31 37 34  2c 0d 0a 20 20 20 20 20   30184174,..     
68d0	20 20 20 20 20 30 2e 30  30 36 39 31 32 36 34 36        0.006912646
68e0	33 34 39 35 31 39 34 39  31 2c 0d 0a 20 20 20 20   349519491,..    
68f0	20 20 20 20 20 20 2d 30  2e 30 31 37 30 38 32 39         -0.0170829
6900	37 36 31 37 37 33 33 34  37 38 35 2c 0d 0a 20 20   76177334785,..  
6910	20 20 20 20 20 20 20 20  2d 30 2e 30 30 30 35 33           -0.00053
6920	30 35 33 32 33 32 38 34  31 31 39 33 36 38 2c 0d   05323284119368,.
6930	0a 20 20 20 20 20 20 20  20 20 20 30 2e 30 31 37   .          0.017
6940	34 38 30 32 35 34 31 37  33 32 37 38 38 31 2c 0d   48025417327881,.
6950	0a 20 20 20 20 20 20 20  20 20 20 2d 30 2e 30 31   .          -0.01
6960	30 30 31 31 34 31 38 37  32 32 35 36 39 39 34 32   0011418722569942
6970	2c 0d 0a 20 20 20 20 20  20 20 20 20 20 2d 30 2e   ,..          -0.
6980	30 30 36 39 33 39 31 33  31 33 30 30 38 39 36 34   0069391313008964
6990	30 36 2c 0d 0a 20 20 20  20 20 20 20 20 20 20 2d   06,..          -
69a0	30 2e 30 35 33 38 34 34  34 38 31 37 30 36 36 31   0.05384448170661
69b0	39 32 36 2c 0d 0a 20 20  20 20 20 20 20 20 20 20   926,..          
69c0	30 2e 30 38 36 35 30 30  37 37 38 37 39 34 32 38   0.08650077879428
69d0	38 36 34 2c 0d 0a 20 20  20 20 20 20 20 20 20 20   864,..          
69e0	2d 30 2e 30 33 32 36 30  33 33 32 33 34 35 39 36   -0.0326033234596
69f0	32 35 32 34 34 2c 0d 0a  20 20 20 20 20 20 20 20   25244,..        
6a00	20 20 30 2e 30 34 32 31  31 31 35 32 33 34 34 39     0.042111523449
6a10	34 32 30 39 33 0d 0a 20  20 20 20 20 20 20 20 5d   42093..        ]
6a20	2c 0d 0a 20 20 20 20 20  20 20 20 22 6b 65 79 77   ,..        "keyw
6a30	6f 72 64 73 22 3a 20 7b  0d 0a 20 20 20 20 20 20   ords": {..      
6a40	20 20 20 20 22 69 6e 64  69 63 65 73 22 3a 20 5b       "indices": [
6a50	0d 0a 20 20 20 20 20 20  20 20 20 20 20 20 31 30   ..            10
6a60	38 37 30 31 36 31 38 39  2c 0d 0a 20 20 20 20 20   87016189,..     
6a70	20 20 20 20 20 20 20 31  33 30 37 35 34 34 33 35          130754435
6a80	2c 0d 0a 20 20 20 20 20  20 20 20 20 20 20 20 31   ,..            1
6a90	38 38 39 31 30 37 37 36  34 2c 0d 0a 20 20 20 20   889107764,..    
6aa0	20 20 20 20 20 20 20 20  31 34 38 37 30 33 36 36           14870366
6ab0	32 35 2c 0d 0a 20 20 20  20 20 20 20 20 20 20 20   25,..           
6ac0	20 31 33 39 30 34 33 35  37 37 35 2c 0d 0a 20 20    1390435775,..  
6ad0	20 20 20 20 20 20 20 20  20 20 31 30 30 34 33 38             100438
6ae0	37 34 31 2c 0d 0a 20 20  20 20 20 20 20 20 20 20   741,..          
6af0	20 20 31 35 38 36 35 37  30 39 38 36 2c 0d 0a 20     1586570986,.. 
6b00	20 20 20 20 20 20 20 20  20 20 20 31 32 32 39 35              12295
6b10	35 34 34 31 35 2c 0d 0a  20 20 20 20 20 20 20 20   54415,..        
6b20	20 20 20 20 38 34 32 31  39 31 33 32 33 2c 0d 0a       842191323,..
6b30	20 20 20 20 20 20 20 20  20 20 20 20 39 38 34 32               9842
6b40	30 35 39 31 38 2c 0d 0a  20 20 20 20 20 20 20 20   05918,..        
6b50	20 20 20 20 31 35 39 35  34 35 30 34 30 32 2c 0d       1595450402,.
6b60	0a 20 20 20 20 20 20 20  20 20 20 20 20 31 31 38   .            118
6b70	38 34 38 36 36 34 33 2c  0d 0a 20 20 20 20 20 20   8486643,..      
6b80	20 20 20 20 20 20 39 37  37 39 38 39 30 32 36 2c         977989026,
6b90	0d 0a 20 20 20 20 20 20  20 20 20 20 20 20 32 30   ..            20
6ba0	31 39 36 37 32 32 2c 0d  0a 20 20 20 20 20 20 20   196722,..       
6bb0	20 20 20 20 20 31 38 30  38 37 36 30 36 31 36 2c        1808760616,
6bc0	0d 0a 20 20 20 20 20 20  20 20 20 20 20 20 38 32   ..            82
6bd0	31 38 36 33 36 30 33 2c  0d 0a 20 20 20 20 20 20   1863603,..      
6be0	20 20 20 20 20 20 31 39  33 38 38 37 31 33 37 33         1938871373
6bf0	2c 0d 0a 20 20 20 20 20  20 20 20 20 20 20 20 31   ,..            1
6c00	37 36 37 36 33 34 32 31  34 2c 0d 0a 20 20 20 20   767634214,..    
6c10	20 20 20 20 20 20 20 20  31 36 33 37 31 34 37 37           16371477
6c20	30 37 0d 0a 20 20 20 20  20 20 20 20 20 20 5d 2c   07..          ],
6c30	0d 0a 20 20 20 20 20 20  20 20 20 20 22 76 61 6c   ..          "val
6c40	75 65 73 22 3a 20 5b 0d  0a 20 20 20 20 20 20 20   ues": [..       
6c50	20 20 20 20 20 31 2e 35  39 37 32 37 37 33 36 38        1.597277368
6c60	31 32 32 35 31 38 35 2c  0d 0a 20 20 20 20 20 20   1225185,..      
6c70	20 20 20 20 20 20 31 2e  35 39 37 32 37 37 33 36         1.59727736
6c80	38 31 32 32 35 31 38 35  2c 0d 0a 20 20 20 20 20   81225185,..     
6c90	20 20 20 20 20 20 20 31  2e 38 35 30 38 30 35 31          1.8508051
6ca0	32 36 35 31 39 38 38 31  37 2c 0d 0a 20 20 20 20   265198817,..    
6cb0	20 20 20 20 20 20 20 20  31 2e 38 35 30 38 30 35           1.850805
6cc0	31 32 36 35 31 39 38 38  31 37 2c 0d 0a 20 20 20   1265198817,..   
6cd0	20 20 20 20 20 20 20 20  20 31 2e 38 35 30 38 30            1.85080
6ce0	35 31 32 36 35 31 39 38  38 31 37 2c 0d 0a 20 20   51265198817,..  
6cf0	20 20 20 20 20 20 20 20  20 20 31 2e 35 39 37 32             1.5972
6d00	37 37 33 36 38 31 32 32  35 31 38 35 2c 0d 0a 20   773681225185,.. 
6d10	20 20 20 20 20 20 20 20  20 20 20 31 2e 35 39 37              1.597
6d20	32 37 37 33 36 38 31 32  32 35 31 38 35 2c 0d 0a   2773681225185,..
6d30	20 20 20 20 20 20 20 20  20 20 20 20 31 2e 35 39               1.59
6d40	37 32 37 37 33 36 38 31  32 32 35 31 38 35 2c 0d   72773681225185,.
6d50	0a 20 20 20 20 20 20 20  20 20 20 20 20 31 2e 35   .            1.5
6d60	39 37 32 37 37 33 36 38  31 32 32 35 31 38 35 2c   972773681225185,
6d70	0d 0a 20 20 20 20 20 20  20 20 20 20 20 20 31 2e   ..            1.
6d80	35 39 37 32 37 37 33 36  38 31 32 32 35 31 38 35   5972773681225185
6d90	2c 0d 0a 20 20 20 20 20  20 20 20 20 20 20 20 31   ,..            1
6da0	2e 35 39 37 32 37 37 33  36 38 31 32 32 35 31 38   .597277368122518
6db0	35 2c 0d 0a 20 20 20 20  20 20 20 20 20 20 20 20   5,..            
6dc0	31 2e 35 39 37 32 37 37  33 36 38 31 32 32 35 31   1.59727736812251
6dd0	38 35 2c 0d 0a 20 20 20  20 20 20 20 20 20 20 20   85,..           
6de0	20 31 2e 35 39 37 32 37  37 33 36 38 31 32 32 35    1.5972773681225
6df0	31 38 35 2c 0d 0a 20 20  20 20 20 20 20 20 20 20   185,..          
6e00	20 20 31 2e 35 39 37 32  37 37 33 36 38 31 32 32     1.597277368122
6e10	35 31 38 35 2c 0d 0a 20  20 20 20 20 20 20 20 20   5185,..         
6e20	20 20 20 31 2e 35 39 37  32 37 37 33 36 38 31 32      1.59727736812
6e30	32 35 31 38 35 2c 0d 0a  20 20 20 20 20 20 20 20   25185,..        
6e40	20 20 20 20 31 2e 35 39  37 32 37 37 33 36 38 31       1.5972773681
6e50	32 32 35 31 38 35 2c 0d  0a 20 20 20 20 20 20 20   225185,..       
6e60	20 20 20 20 20 31 2e 35  39 37 32 37 37 33 36 38        1.597277368
6e70	31 32 32 35 31 38 35 2c  0d 0a 20 20 20 20 20 20   1225185,..      
6e80	20 20 20 20 20 20 31 2e  35 39 37 32 37 37 33 36         1.59727736
6e90	38 31 32 32 35 31 38 35  2c 0d 0a 20 20 20 20 20   81225185,..     
6ea0	20 20 20 20 20 20 20 31  2e 35 39 37 32 37 37 33          1.5972773
6eb0	36 38 31 32 32 35 31 38  35 0d 0a 20 20 20 20 20   681225185..     
6ec0	20 20 20 20 20 5d 0d 0a  20 20 20 20 20 20 20 20        ]..        
6ed0	7d 0d 0a 20 20 20 20 20  20 7d 2c 0d 0a 20 20 20   }..      },..   
6ee0	20 20 20 22 70 61 79 6c  6f 61 64 22 3a 20 7b 0d      "payload": {.
6ef0	0a 20 20 20 20 20 20 20  20 22 64 6f 63 75 6d 65   .        "docume
6f00	6e 74 5f 69 64 22 3a 20  22 44 4f 43 2d 30 30 38   nt_id": "DOC-008
6f10	22 2c 0d 0a 20 20 20 20  20 20 20 20 22 74 69 74   ",..        "tit
6f20	6c 65 22 3a 20 22 51 75  79 20 74 72 c3 ac 6e 68   le": "Quy tr..nh
6f30	20 62 61 63 6b 75 70 20  64 e1 bb af 20 6c 69 e1    backup d... li.
6f40	bb 87 75 22 2c 0d 0a 20  20 20 20 20 20 20 20 22   ..u",..        "
6f50	64 6f 6d 61 69 6e 22 3a  20 22 63 6f 6e 67 5f 6e   domain": "cong_n
6f60	67 68 65 22 2c 0d 0a 20  20 20 20 20 20 20 20 22   ghe",..        "
6f70	64 65 70 61 72 74 6d 65  6e 74 22 3a 20 22 49 54   department": "IT
6f80	22 2c 0d 0a 20 20 20 20  20 20 20 20 22 64 6f 63   ",..        "doc
6f90	5f 74 79 70 65 22 3a 20  22 71 75 79 5f 74 72 69   _type": "quy_tri
6fa0	6e 68 22 2c 0d 0a 20 20  20 20 20 20 20 20 22 64   nh",..        "d
6fb0	6f 63 5f 73 74 61 74 75  73 22 3a 20 22 41 43 54   oc_status": "ACT
6fc0	49 56 45 22 2c 0d 0a 20  20 20 20 20 20 20 20 22   IVE",..        "
6fd0	74 65 78 74 22 3a 20 22  42 61 63 6b 75 70 20 64   text": "Backup d
6fe0	e1 bb af 20 6c 69 e1 bb  87 75 20 68 c3 a0 6e 67   ... li...u h..ng
6ff0	20 74 75 e1 ba a7 6e 20  c4 91 c6 b0 e1 bb a3 63    tu...n .......c
7000	20 74 68 e1 bb b1 63 20  68 69 e1 bb 87 6e 20 74    th...c hi...n t
7010	e1 bb b1 20 c4 91 e1 bb  99 6e 67 20 74 72 c3 aa   ... .....ng tr..
7020	6e 20 68 e1 bb 87 20 74  68 e1 bb 91 6e 67 20 6c   n h... th...ng l
7030	c6 b0 75 20 74 72 e1 bb  af 20 74 72 75 6e 67 20   ..u tr... trung 
7040	74 c3 a2 6d 2e 22 0d 0a  20 20 20 20 20 20 7d 0d   t..m."..      }.
7050	0a 20 20 20 20 7d 2c 0d  0a 20 20 20 20 7b 0d 0a   .    },..    {..
7060	20 20 20 20 20 20 22 69  64 22 3a 20 39 2c 0d 0a         "id": 9,..
7070	20 20 20 20 20 20 22 76  65 63 74 6f 72 22 3a 20         "vector": 
7080	7b 0d 0a 20 20 20 20 20  20 20 20 22 64 65 6e 73   {..        "dens
7090	65 22 3a 20 5b 0d 0a 20  20 20 20 20 20 20 20 20   e": [..         
70a0	20 2d 30 2e 30 30 32 32  36 32 38 32 36 37 37 36    -0.002262826776
70b0	31 33 31 39 38 37 36 2c  0d 0a 20 20 20 20 20 20   1319876,..      
70c0	20 20 20 20 30 2e 30 33  33 37 31 30 31 34 34 34       0.0337101444
70d0	36 30 32 30 31 32 36 2c  0d 0a 20 20 20 20 20 20   6020126,..      
70e0	20 20 20 20 30 2e 30 34  31 39 33 38 36 30 36 36       0.0419386066
70f0	34 39 36 33 37 32 32 2c  0d 0a 20 20 20 20 20 20   4963722,..      
7100	20 20 20 20 30 2e 30 33  35 30 36 33 38 35 39 30       0.0350638590
7110	37 35 33 30 37 38 34 36  2c 0d 0a 20 20 20 20 20   75307846,..     
7120	20 20 20 20 20 30 2e 30  32 32 30 35 37 35 38 33        0.022057583
7130	35 35 35 35 37 39 31 38  35 2c 0d 0a 20 20 20 20   555579185,..    
7140	20 20 20 20 20 20 30 2e  30 30 36 38 33 34 39 33         0.00683493
7150	31 32 30 35 39 35 38 31  32 38 2c 0d 0a 20 20 20   1205958128,..   
7160	20 20 20 20 20 20 20 30  2e 30 34 38 32 32 39 34          0.0482294
7170	30 30 30 36 38 35 32 31  35 2c 0d 0a 20 20 20 20   000685215,..    
7180	20 20 20 20 20 20 2d 30  2e 30 33 37 36 39 31 36         -0.0376916
7190	36 30 32 32 35 33 39 31  33 39 2c 0d 0a 20 20 20   6022539139,..   
71a0	20 20 20 20 20 20 20 30  2e 30 32 33 30 35 32 39          0.0230529
71b0	36 32 34 39 36 38 37 36  37 31 37 2c 0d 0a 20 20   62496876717,..  
71c0	20 20 20 20 20 20 20 20  2d 30 2e 30 35 39 38 38           -0.05988
71d0	31 39 35 39 31 31 30 34  39 38 34 33 2c 0d 0a 20   195911049843,.. 
71e0	20 20 20 20 20 20 20 20  20 30 2e 30 32 31 31 31            0.02111
71f0	35 32 39 31 38 36 33 36  37 39 38 38 36 2c 0d 0a   5291863679886,..
7200	20 20 20 20 20 20 20 20  20 20 2d 30 2e 31 31 31             -0.111
7210	38 30 30 38 39 34 31 34  31 31 39 37 32 2c 0d 0a   8008941411972,..
7220	20 20 20 20 20 20 20 20  20 20 30 2e 30 34 31 30             0.0410
7230	36 32 36 37 35 34 31 36  34 36 39 35 37 34 2c 0d   62675416469574,.
7240	0a 20 20 20 20 20 20 20  20 20 20 30 2e 30 32 33   .          0.023
7250	39 35 35 34 33 38 32 38  36 30 36 36 30 35 35 2c   955438286066055,
7260	0d 0a 20 20 20 20 20 20  20 20 20 20 30 2e 31 30   ..          0.10
7270	32 37 37 36 31 33 32 35  32 34 30 31 33 35 32 2c   277613252401352,
7280	0d 0a 20 20 20 20 20 20  20 20 20 20 30 2e 30 31   ..          0.01
7290	36 38 32 38 35 32 39 35  33 36 37 32 34 30 39 2c   682852953672409,
72a0	0d 0a 20 20 20 20 20 20  20 20 20 20 2d 30 2e 30   ..          -0.0
72b0	32 31 36 37 32 37 30 35  31 38 38 33 39 33 35 39   2167270518839359
72c0	33 2c 0d 0a 20 20 20 20  20 20 20 20 20 20 30 2e   3,..          0.
72d0	30 30 39 36 30 38 37 31  38 35 36 36 35 39 36 35   0096087185665965
72e0	30 38 2c 0d 0a 20 20 20  20 20 20 20 20 20 20 2d   08,..          -
72f0	30 2e 30 30 35 38 34 32  38 37 31 30 33 32 36 35   0.00584287103265
7300	35 32 33 39 2c 0d 0a 20  20 20 20 20 20 20 20 20   5239,..         
7310	20 2d 30 2e 30 30 37 34  33 38 37 39 34 32 34 34    -0.007438794244
7320	30 38 30 37 38 32 2c 0d  0a 20 20 20 20 20 20 20   080782,..       
7330	20 20 20 30 2e 30 30 39  33 33 36 36 34 38 35 30      0.00933664850
7340	38 39 30 36 33 36 34 2c  0d 0a 20 20 20 20 20 20   8906364,..      
7350	20 20 20 20 30 2e 30 30  33 39 39 34 37 38 35 32       0.0039947852
7360	34 39 32 33 33 32 34 36  2c 0d 0a 20 20 20 20 20   49233246,..     
7370	20 20 20 20 20 2d 30 2e  30 30 34 32 33 30 33 35        -0.00423035
7380	37 37 30 36 35 34 36 37  38 33 34 2c 0d 0a 20 20   77065467834,..  
7390	20 20 20 20 20 20 20 20  2d 30 2e 30 34 37 30 30           -0.04700
73a0	38 34 30 32 36 34 35 35  38 37 39 32 2c 0d 0a 20   840264558792,.. 
73b0	20 20 20 20 20 20 20 20  20 30 2e 30 34 33 31 33            0.04313
73c0	33 30 36 31 33 37 39 31  39 34 32 36 2c 0d 0a 20   306137919426,.. 
73d0	20 20 20 20 20 20 20 20  20 2d 30 2e 30 31 33 30            -0.0130
73e0	35 32 37 32 38 30 32 37  31 30 35 33 33 31 2c 0d   52728027105331,.
73f0	0a 20 20 20 20 20 20 20  20 20 20 2d 30 2e 30 30   .          -0.00
7400	33 34 33 34 30 35 35 32  35 32 30 30 30 36 38 39   3434055252000689
7410	35 2c 0d 0a 20 20 20 20  20 20 20 20 20 20 2d 30   5,..          -0
7420	2e 30 36 31 31 30 32 39  35 36 35 33 33 34 33 32   .061102956533432
7430	30 31 2c 0d 0a 20 20 20  20 20 20 20 20 20 20 30   01,..          0
7440	2e 30 30 31 33 31 33 38  39 39 34 31 30 38 38 38   .001313899410888
7450	35 35 32 37 2c 0d 0a 20  20 20 20 20 20 20 20 20   5527,..         
7460	20 2d 30 2e 31 30 30 39  31 38 30 39 31 38 33 33    -0.100918091833
7470	35 39 31 34 36 2c 0d 0a  20 20 20 20 20 20 20 20   59146,..        
7480	20 20 2d 30 2e 30 32 37  31 31 34 31 30 36 33 34     -0.02711410634
7490	32 31 39 36 34 36 35 2c  0d 0a 20 20 20 20 20 20   2196465,..      
74a0	20 20 20 20 30 2e 30 33  31 34 30 30 38 36 36 38       0.0314008668
74b0	30 36 35 30 37 31 31 2c  0d 0a 20 20 20 20 20 20   0650711,..      
74c0	20 20 20 20 30 2e 30 34  37 37 37 38 31 35 39 33       0.0477781593
74d0	37 39 39 35 39 31 30 36  2c 0d 0a 20 20 20 20 20   79959106,..     
74e0	20 20 20 20 20 30 2e 30  32 35 36 36 37 34 38 38        0.025667488
74f0	35 37 34 39 38 31 36 39  2c 0d 0a 20 20 20 20 20   57498169,..     
7500	20 20 20 20 20 30 2e 30  30 39 36 36 31 38 30 35        0.009661805
7510	38 31 35 39 39 34 37 34  2c 0d 0a 20 20 20 20 20   81599474,..     
7520	20 20 20 20 20 2d 30 2e  30 34 36 36 38 39 38 37        -0.04668987
7530	39 31 34 39 31 39 38 35  33 2c 0d 0a 20 20 20 20   914919853,..    
7540	20 20 20 20 20 20 2d 30  2e 30 34 35 39 37 33 32         -0.0459732
7550	30 37 38 30 31 35 38 30  34 33 2c 0d 0a 20 20 20   0780158043,..   
7560	20 20 20 20 20 20 20 2d  30 2e 30 30 37 32 35 39          -0.007259
7570	36 32 35 39 34 31 35 31  34 39 36 39 2c 0d 0a 20   625941514969,.. 
7580	20 20 20 20 20 20 20 20  20 2d 30 2e 30 30 31 30            -0.0010
7590	33 36 30 32 32 39 30 36  31 39 31 36 34 37 2c 0d   36022906191647,.
75a0	0a 20 20 20 20 20 20 20  20 20 20 30 2e 30 33 32   .          0.032
75b0	34 33 36 30 36 31 36 35  30 35 31 34 36 2c 0d 0a   4360616505146,..
75c0	20 20 20 20 20 20 20 20  20 20 30 2e 30 31 32 34             0.0124
75d0	39 35 33 31 35 36 33 33  37 31 34 31 39 39 2c 0d   95315633714199,.
75e0	0a 20 20 20 20 20 20 20  20 20 20 30 2e 30 31 35   .          0.015
75f0	33 34 32 30 39 37 37 32  39 34 34 34 35 30 34 2c   342097729444504,
7600	0d 0a 20 20 20 20 20 20  20 20 20 20 30 2e 30 31   ..          0.01
7610	35 39 32 36 30 35 33 37  34 37 35 33 34 37 35 32   5926053747534752
7620	2c 0d 0a 20 20 20 20 20  20 20 20 20 20 2d 30 2e   ,..          -0.
7630	30 32 39 33 30 33 39 33  38 31 35 30 34 30 35 38   0293039381504058
7640	38 34 2c 0d 0a 20 20 20  20 20 20 20 20 20 20 30   84,..          0
7650	2e 30 35 37 31 37 34 35  32 39 38 38 30 32 38 35   .057174529880285
7660	32 36 2c 0d 0a 20 20 20  20 20 20 20 20 20 20 2d   26,..          -
7670	30 2e 30 32 36 31 30 35  34 35 36 30 35 34 32 31   0.02610545605421
7680	30 36 36 33 2c 0d 0a 20  20 20 20 20 20 20 20 20   0663,..         
7690	20 2d 30 2e 30 31 37 34  33 39 30 32 38 32 34 38    -0.017439028248
76a0	31 39 30 38 38 2c 0d 0a  20 20 20 20 20 20 20 20   19088,..        
76b0	20 20 2d 30 2e 30 31 33  38 38 32 32 30 39 35 34     -0.01388220954
76c0	36 38 36 34 30 33 33 2c  0d 0a 20 20 20 20 20 20   6864033,..      
76d0	20 20 20 20 30 2e 30 35  39 35 36 33 34 33 39 33       0.0595634393
76e0	33 39 33 39 39 33 34 2c  0d 0a 20 20 20 20 20 20   3939934,..      
76f0	20 20 20 20 30 2e 30 31  30 34 34 34 38 33 36 36       0.0104448366
7700	39 31 30 32 31 39 32 2c  0d 0a 20 20 20 20 20 20   9102192,..      
7710	20 20 20 20 2d 30 2e 30  35 32 35 30 32 38 38 39       -0.052502889
7720	31 38 36 31 34 33 38 37  35 2c 0d 0a 20 20 20 20   186143875,..    
7730	20 20 20 20 20 20 30 2e  30 35 33 33 37 38 38 32         0.05337882
7740	30 34 31 39 33 31 31 35  32 2c 0d 0a 20 20 20 20   041931152,..    
7750	20 20 20 20 20 20 30 2e  30 30 37 39 36 33 30 32         0.00796302
7760	36 38 37 33 37 36 37 33  37 36 2c 0d 0a 20 20 20   6873767376,..   
7770	20 20 20 20 20 20 20 30  2e 30 30 36 33 35 30 35          0.0063505
7780	31 33 35 34 37 36 35 38  39 32 2c 0d 0a 20 20 20   1354765892,..   
7790	20 20 20 20 20 20 20 2d  30 2e 30 31 34 31 36 30          -0.014160
77a0	39 31 36 32 30 39 32 32  30 38 38 36 2c 0d 0a 20   916209220886,.. 
77b0	20 20 20 20 20 20 20 20  20 30 2e 30 32 31 31 30            0.02110
77c0	32 30 32 30 35 31 36 39  39 31 36 31 35 2c 0d 0a   2020516991615,..
77d0	20 20 20 20 20 20 20 20  20 20 30 2e 30 34 35 38             0.0458
77e0	31 33 39 34 37 39 31 36  30 33 30 38 38 34 2c 0d   13947916030884,.
77f0	0a 20 20 20 20 20 20 20  20 20 20 30 2e 30 31 30   .          0.010
7800	31 37 39 34 30 32 33 30  36 36 37 35 39 31 31 2c   179402306675911,
7810	0d 0a 20 20 20 20 20 20  20 20 20 20 2d 30 2e 30   ..          -0.0
7820	30 38 34 32 37 35 33 36  31 31 35 30 35 30 33 31   0842753611505031
7830	36 2c 0d 0a 20 20 20 20  20 20 20 20 20 20 2d 30   6,..          -0
7840	2e 30 31 30 33 31 38 37  35 35 31 37 32 31 39 33   .010318755172193
7850	30 35 2c 0d 0a 20 20 20  20 20 20 20 20 20 20 2d   05,..          -
7860	30 2e 30 31 39 36 32 38  38 36 30 30 35 36 34 30   0.01962886005640
7870	30 33 2c 0d 0a 20 20 20  20 20 20 20 20 20 20 30   03,..          0
7880	2e 30 35 35 38 34 37 33  36 31 36 38 33 38 34 35   .055847361683845
7890	35 32 2c 0d 0a 20 20 20  20 20 20 20 20 20 20 2d   52,..          -
78a0	30 2e 31 34 31 34 32 33  33 35 39 35 31 33 32 38   0.14142335951328
78b0	32 37 38 2c 0d 0a 20 20  20 20 20 20 20 20 20 20   278,..          
78c0	30 2e 30 33 32 30 31 31  33 36 37 33 38 30 36 31   0.03201136738061
78d0	39 30 35 2c 0d 0a 20 20  20 20 20 20 20 20 20 20   905,..          
78e0	2d 30 2e 30 32 31 32 36  31 32 38 30 34 30 32 35   -0.0212612804025
78f0	34 31 31 36 2c 0d 0a 20  20 20 20 20 20 20 20 20   4116,..         
7900	20 2d 30 2e 30 34 39 32  31 31 35 30 35 38 30 30    -0.049211505800
7910	34 38 35 36 31 2c 0d 0a  20 20 20 20 20 20 20 20   48561,..        
7920	20 20 30 2e 30 31 37 39  34 33 33 35 34 33 32 33     0.017943354323
7930	35 30 36 33 35 35 2c 0d  0a 20 20 20 20 20 20 20   506355,..       
7940	20 20 20 30 2e 30 35 35  30 35 31 30 35 38 35 33      0.05505105853
7950	30 38 30 37 34 39 35 2c  0d 0a 20 20 20 20 20 20   0807495,..      
7960	20 20 20 20 2d 30 2e 30  30 34 32 37 30 31 37 33       -0.004270173
7970	31 34 33 35 39 35 34 35  37 2c 0d 0a 20 20 20 20   143595457,..    
7980	20 20 20 20 20 20 30 2e  30 33 31 35 30 37 30 34         0.03150704
7990	31 33 30 35 33 30 33 35  37 34 2c 0d 0a 20 20 20   1305303574,..   
79a0	20 20 20 20 20 20 20 2d  30 2e 30 30 32 33 38 35          -0.002385
79b0	35 38 39 39 39 32 36 32  37 35 30 31 35 2c 0d 0a   5899926275015,..
79c0	20 20 20 20 20 20 20 20  20 20 2d 30 2e 30 30 31             -0.001
79d0	32 32 30 39 39 37 34 32  32 39 33 33 35 37 38 35   2209974229335785
79e0	2c 0d 0a 20 20 20 20 20  20 20 20 20 20 30 2e 30   ,..          0.0
79f0	32 38 37 39 39 36 31 33  39 33 37 37 33 35 35 35   2879961393773555
7a00	38 2c 0d 0a 20 20 20 20  20 20 20 20 20 20 30 2e   8,..          0.
7a10	30 33 37 33 34 36 35 39  34 30 33 35 36 32 35 34   0373465940356254
7a20	36 2c 0d 0a 20 20 20 20  20 20 20 20 20 20 2d 30   6,..          -0
7a30	2e 30 30 34 34 37 35 38  38 34 36 30 35 31 39 39   .004475884605199
7a40	30 39 39 2c 0d 0a 20 20  20 20 20 20 20 20 20 20   099,..          
7a50	2d 30 2e 30 31 34 31 34  37 36 34 33 39 33 31 32   -0.0141476439312
7a60	31 30 30 34 31 2c 0d 0a  20 20 20 20 20 20 20 20   10041,..        
7a70	20 20 30 2e 30 34 31 34  33 34 32 38 30 35 37 34     0.041434280574
7a80	33 32 31 37 35 2c 0d 0a  20 20 20 20 20 20 20 20   32175,..        
7a90	20 20 2d 30 2e 30 32 37  39 37 36 37 36 36 32 32     -0.02797676622
7aa0	38 36 37 35 38 34 32 2c  0d 0a 20 20 20 20 20 20   8675842,..      
7ab0	20 20 20 20 2d 30 2e 30  35 30 32 32 30 31 35 34       -0.050220154
7ac0	32 32 35 38 32 36 32 36  2c 0d 0a 20 20 20 20 20   22582626,..     
7ad0	20 20 20 20 20 2d 30 2e  30 31 38 30 34 39 35 32        -0.01804952
7ae0	36 39 35 39 36 35 37 36  37 2c 0d 0a 20 20 20 20   695965767,..    
7af0	20 20 20 20 20 20 30 2e  30 32 30 32 35 32 36 33         0.02025263
7b00	31 39 37 37 32 30 30 35  30 38 2c 0d 0a 20 20 20   1977200508,..   
7b10	20 20 20 20 20 20 20 30  2e 30 36 30 37 38 34 34          0.0607844
7b20	33 36 37 36 32 33 33 32  39 31 36 2c 0d 0a 20 20   36762332916,..  
7b30	20 20 20 20 20 20 20 20  2d 30 2e 30 30 34 36 37           -0.00467
7b40	38 32 37 38 32 33 30 31  33 30 36 37 32 35 2c 0d   82782301306725,.
7b50	0a 20 20 20 20 20 20 20  20 20 20 2d 30 2e 30 32   .          -0.02
7b60	39 31 31 38 31 33 33 37  30 38 38 33 34 36 34 38   9118133708834648
7b70	2c 0d 0a 20 20 20 20 20  20 20 20 20 20 2d 30 2e   ,..          -0.
7b80	30 30 32 33 32 35 38 36  37 33 30 32 37 31 35 37   0023258673027157
7b90	37 38 34 2c 0d 0a 20 20  20 20 20 20 20 20 20 20   784,..          
7ba0	2d 30 2e 30 34 32 37 38  37 39 39 35 31 38 39 34   -0.0427879951894
7bb0	32 38 33 33 2c 0d 0a 20  20 20 20 20 20 20 20 20   2833,..         
7bc0	20 2d 30 2e 30 32 32 39  32 30 32 34 35 33 30 34    -0.022920245304
7bd0	37 30 33 37 31 32 2c 0d  0a 20 20 20 20 20 20 20   703712,..       
7be0	20 20 20 2d 30 2e 30 30  32 37 32 35 36 37 37 35      -0.0027256775
7bf0	36 34 37 34 30 31 38 31  2c 0d 0a 20 20 20 20 20   64740181,..     
7c00	20 20 20 20 20 2d 30 2e  30 30 35 35 35 37 35 32        -0.00555752
7c10	39 31 36 32 36 31 35 35  33 38 2c 0d 0a 20 20 20   9162615538,..   
7c20	20 20 20 20 20 20 20 2d  30 2e 30 30 37 34 34 35          -0.007445
7c30	34 32 39 39 31 37 34 32  34 39 31 37 2c 0d 0a 20   429917424917,.. 
7c40	20 20 20 20 20 20 20 20  20 2d 30 2e 30 31 30 36            -0.0106
7c50	39 36 39 39 38 37 39 37  33 35 37 30 38 32 2c 0d   96998797357082,.
7c60	0a 20 20 20 20 20 20 20  20 20 20 30 2e 30 32 37   .          0.027
7c70	36 38 34 37 38 39 31 35  30 39 35 33 32 39 33 2c   684789150953293,
7c80	0d 0a 20 20 20 20 20 20  20 20 20 20 30 2e 30 34   ..          0.04
7c90	30 37 31 37 36 30 39 32  32 36 37 30 33 36 34 34   0717609226703644
7ca0	2c 0d 0a 20 20 20 20 20  20 20 20 20 20 30 2e 30   ,..          0.0
7cb0	32 37 31 38 30 34 36 34  39 33 38 32 38 32 39 36   2718046493828296
7cc0	37 2c 0d 0a 20 20 20 20  20 20 20 20 20 20 2d 30   7,..          -0
7cd0	2e 30 34 32 36 30 32 31  39 32 36 31 30 35 30 32   .042602192610502
7ce0	32 34 2c 0d 0a 20 20 20  20 20 20 20 20 20 20 2d   24,..          -
7cf0	30 2e 30 31 36 30 35 38  37 37 30 39 33 39 37 30   0.01605877093970
7d00	37 37 35 36 2c 0d 0a 20  20 20 20 20 20 20 20 20   7756,..         
7d10	20 2d 30 2e 30 34 31 32  34 38 34 37 37 39 39 35    -0.041248477995
7d20	33 39 35 36 36 2c 0d 0a  20 20 20 20 20 20 20 20   39566,..        
7d30	20 20 2d 30 2e 30 30 32  38 36 33 33 37 31 37 34     -0.00286337174
7d40	34 37 35 31 39 33 30 32  2c 0d 0a 20 20 20 20 20   47519302,..     
7d50	20 20 20 20 20 2d 30 2e  30 36 35 35 36 32 32 35        -0.06556225
7d60	35 36 38 30 35 36 31 30  37 2c 0d 0a 20 20 20 20   568056107,..    
7d70	20 20 20 20 20 20 30 2e  34 37 36 39 33 32 31 39         0.47693219
7d80	37 38 30 39 32 31 39 33  36 2c 0d 0a 20 20 20 20   780921936,..    
7d90	20 20 20 20 20 20 30 2e  30 31 31 31 39 34 36 38         0.01119468
7da0	38 32 36 38 30 30 35 38  34 38 2c 0d 0a 20 20 20   8268005848,..   
7db0	20 20 20 20 20 20 20 2d  30 2e 30 30 35 35 30 31          -0.005501
7dc0	31 32 34 30 37 36 35 34  35 32 33 38 35 2c 0d 0a   1240765452385,..
7dd0	20 20 20 20 20 20 20 20  20 20 30 2e 30 30 36 35             0.0065
7de0	30 36 34 35 36 35 32 37  38 35 38 39 37 32 35 2c   064565278589725,
7df0	0d 0a 20 20 20 20 20 20  20 20 20 20 2d 30 2e 30   ..          -0.0
7e00	37 33 34 37 32 31 39 34  33 37 33 36 30 37 36 34   7347219437360764
7e10	2c 0d 0a 20 20 20 20 20  20 20 20 20 20 30 2e 30   ,..          0.0
7e20	31 34 35 38 35 36 31 30  34 37 39 31 31 36 34 34   1458561047911644
7e30	2c 0d 0a 20 20 20 20 20  20 20 20 20 20 30 2e 30   ,..          0.0
7e40	33 38 36 32 30 36 38 30  35 37 30 36 30 32 34 32   3862068057060242
7e50	2c 0d 0a 20 20 20 20 20  20 20 20 20 20 30 2e 30   ,..          0.0
7e60	32 33 38 33 35 39 39 32  34 34 30 35 38 31 33 32   2383599244058132
7e70	2c 0d 0a 20 20 20 20 20  20 20 20 20 20 2d 30 2e   ,..          -0.
7e80	30 33 30 33 33 39 31 33  31 31 33 31 37 36 38 32   0303391311317682
7e90	32 37 2c 0d 0a 20 20 20  20 20 20 20 20 20 20 30   27,..          0
7ea0	2e 30 31 38 34 34 37 36  37 38 35 33 36 31 37 36   .018447678536176
7eb0	36 38 2c 0d 0a 20 20 20  20 20 20 20 20 20 20 30   68,..          0
7ec0	2e 30 30 34 31 34 30 37  37 33 37 38 38 30 39 34   .004140773788094
7ed0	35 32 31 2c 0d 0a 20 20  20 20 20 20 20 20 20 20   521,..          
7ee0	2d 30 2e 30 30 33 33 34  39 34 34 38 30 38 38 35   -0.0033494480885
7ef0	35 36 35 32 38 2c 0d 0a  20 20 20 20 20 20 20 20   56528,..        
7f00	20 20 2d 30 2e 30 30 31  31 38 38 36 34 37 35 38     -0.00118864758
7f10	34 30 35 38 33 34 34 34  2c 0d 0a 20 20 20 20 20   40583444,..     
7f20	20 20 20 20 20 2d 30 2e  30 30 33 31 39 31 38 34        -0.00319184
7f30	36 34 32 32 38 35 31 30  38 35 37 2c 0d 0a 20 20   64228510857,..  
7f40	20 20 20 20 20 20 20 20  2d 30 2e 30 35 37 34 33           -0.05743
7f50	39 39 36 34 32 36 34 36  33 31 32 37 2c 0d 0a 20   996426463127,.. 
7f60	20 20 20 20 20 20 20 20  20 2d 30 2e 30 32 35 37            -0.0257
7f70	37 33 36 36 33 30 37 33  37 37 38 31 35 32 2c 0d   73663073778152,.
7f80	0a 20 20 20 20 20 20 20  20 20 20 30 2e 30 33 35   .          0.035
7f90	34 36 32 30 31 30 36 35  31 38 32 36 38 36 2c 0d   46201065182686,.
7fa0	0a 20 20 20 20 20 20 20  20 20 20 30 2e 30 32 38   .          0.028
7fb0	35 30 37 36 33 34 39 39  37 33 36 37 38 36 2c 0d   50763499736786,.
7fc0	0a 20 20 20 20 20 20 20  20 20 20 2d 30 2e 30 33   .          -0.03
7fd0	33 30 34 36 35 36 32 32  32 34 36 32 36 35 34 2c   304656222462654,
7fe0	0d 0a 20 20 20 20 20 20  20 20 20 20 2d 30 2e 30   ..          -0.0
7ff0	31 33 32 39 31 36 31 38  37 38 36 37 35 32 32 32   1329161878675222
8000	34 2c 0d 0a 20 20 20 20  20 20 20 20 20 20 30 2e   4,..          0.
8010	30 31 36 31 35 31 36 37  32 32 32 39 31 37 30 38   0161516722291708
8020	2c 0d 0a 20 20 20 20 20  20 20 20 20 20 2d 30 2e   ,..          -0.
8030	30 35 31 38 39 32 33 39  32 33 33 37 33 32 32 32   0518923923373222
8040	33 35 2c 0d 0a 20 20 20  20 20 20 20 20 20 20 2d   35,..          -
8050	30 2e 30 33 34 31 33 34  38 34 32 34 35 35 33 38   0.03413484245538
8060	37 31 31 35 2c 0d 0a 20  20 20 20 20 20 20 20 20   7115,..         
8070	20 2d 30 2e 30 31 36 36  35 35 39 39 38 33 30 34    -0.016655998304
8080	34 38 36 32 37 35 2c 0d  0a 20 20 20 20 20 20 20   486275,..       
8090	20 20 20 2d 30 2e 30 34  30 33 39 39 30 38 39 34      -0.0403990894
80a0	35 35 36 30 34 35 35 2c  0d 0a 20 20 20 20 20 20   5560455,..      
80b0	20 20 20 20 30 2e 30 33  36 36 32 39 39 32 32 36       0.0366299226
80c0	38 38 30 30 37 33 35 35  2c 0d 0a 20 20 20 20 20   88007355,..     
80d0	20 20 20 20 20 2d 30 2e  30 39 35 35 30 33 32 33        -0.09550323
80e0	33 33 37 33 31 36 35 31  33 2c 0d 0a 20 20 20 20   337316513,..    
80f0	20 20 20 20 20 20 30 2e  30 31 31 36 30 36 31 31         0.01160611
8100	31 31 39 31 32 31 33 31  33 31 2c 0d 0a 20 20 20   1191213131,..   
8110	20 20 20 20 20 20 20 30  2e 30 32 38 34 38 31 30          0.0284810
8120	39 32 33 30 33 39 39 31  33 31 38 2c 0d 0a 20 20   92303991318,..  
8130	20 20 20 20 20 20 20 20  30 2e 30 31 39 39 33 34           0.019934
8140	31 31 30 33 34 33 34 35  36 32 37 2c 0d 0a 20 20   11034345627,..  
8150	20 20 20 20 20 20 20 20  2d 30 2e 30 30 34 32 30           -0.00420
8160	30 34 39 36 37 31 30 38  33 36 38 38 37 2c 0d 0a   0496710836887,..
8170	20 20 20 20 20 20 20 20  20 20 30 2e 30 32 37 37             0.0277
8180	36 34 34 31 39 30 39 33  37 32 38 30 36 35 2c 0d   64419093728065,.
8190	0a 20 20 20 20 20 20 20  20 20 20 2d 30 2e 30 32   .          -0.02
81a0	31 30 33 35 36 36 31 39  32 30 39 30 35 31 31 33   1035661920905113
81b0	2c 0d 0a 20 20 20 20 20  20 20 20 20 20 30 2e 30   ,..          0.0
81c0	39 34 33 33 35 33 32 35  30 36 32 32 37 34 39 33   9433532506227493
81d0	2c 0d 0a 20 20 20 20 20  20 20 20 20 20 2d 30 2e   ,..          -0.
81e0	30 34 34 38 38 34 39 32  37 35 37 30 38 31 39 38   0448849275708198
81f0	35 35 2c 0d 0a 20 20 20  20 20 20 20 20 20 20 2d   55,..          -
8200	30 2e 30 31 37 30 36 37  34 32 31 32 32 37 36 39   0.01706742122769
8210	33 35 35 38 2c 0d 0a 20  20 20 20 20 20 20 20 20   3558,..         
8220	20 2d 30 2e 30 35 34 30  36 38 39 35 32 37 39 38    -0.054068952798
8230	38 34 33 33 38 34 2c 0d  0a 20 20 20 20 20 20 20   843384,..       
8240	20 20 20 2d 30 2e 30 31  32 30 33 37 34 34 32 30      -0.0120374420
8250	36 35 37 37 35 33 39 34  2c 0d 0a 20 20 20 20 20   65775394,..     
8260	20 20 20 20 20 30 2e 30  30 37 32 33 39 37 31 38        0.007239718
8270	34 35 35 38 32 31 32 37  36 2c 0d 0a 20 20 20 20   455821276,..    
8280	20 20 20 20 20 20 30 2e  30 31 38 35 35 33 38 35         0.01855385
8290	33 30 33 34 39 37 33 31  34 35 2c 0d 0a 20 20 20   3034973145,..   
82a0	20 20 20 20 20 20 20 2d  30 2e 30 35 39 36 36 39          -0.059669
82b0	36 31 33 38 33 38 31 39  35 38 2c 0d 0a 20 20 20   6138381958,..   
82c0	20 20 20 20 20 20 20 2d  30 2e 30 31 37 36 35 31          -0.017651
82d0	33 37 35 33 38 33 31 33  38 36 35 37 2c 0d 0a 20   375383138657,.. 
82e0	20 20 20 20 20 20 20 20  20 2d 30 2e 30 36 38 35            -0.0685
82f0	38 38 32 30 34 36 38 31  38 37 33 33 32 2c 0d 0a   8820468187332,..
8300	20 20 20 20 20 20 20 20  20 20 30 2e 30 32 35 35             0.0255
8310	36 31 33 31 35 39 33 38  38 33 30 33 37 36 2c 0d   61315938830376,.
8320	0a 20 20 20 20 20 20 20  20 20 20 2d 30 2e 30 36   .          -0.06
8330	30 37 33 31 33 35 31 33  37 35 35 37 39 38 33 34   0731351375579834
8340	2c 0d 0a 20 20 20 20 20  20 20 20 20 20 2d 30 2e   ,..          -0.
8350	30 31 37 31 30 37 32 33  35 32 36 37 37 35 38 33   0171072352677583
8360	37 2c 0d 0a 20 20 20 20  20 20 20 20 20 20 2d 30   7,..          -0
8370	2e 30 32 33 33 30 35 31  32 35 35 33 34 35 33 34   .023305125534534
8380	34 35 34 2c 0d 0a 20 20  20 20 20 20 20 20 20 20   454,..          
8390	30 2e 30 30 34 30 38 31  30 35 31 33 33 31 30 31   0.00408105133101
83a0	33 34 34 31 2c 0d 0a 20  20 20 20 20 20 20 20 20   3441,..         
83b0	20 2d 30 2e 30 32 30 30  30 30 34 36 38 39 33 39    -0.020000468939
83c0	35 34 32 37 37 2c 0d 0a  20 20 20 20 20 20 20 20   54277,..        
83d0	20 20 2d 30 2e 30 32 32  34 36 39 30 30 36 34 37     -0.02246900647
83e0	38 37 38 36 34 37 2c 0d  0a 20 20 20 20 20 20 20   878647,..       
83f0	20 20 20 30 2e 30 32 34  31 35 34 35 31 34 30 37      0.02415451407
8400	34 33 32 35 35 36 2c 0d  0a 20 20 20 20 20 20 20   432556,..       
8410	20 20 20 30 2e 30 31 34  30 35 34 37 34 31 37 31      0.01405474171
8420	30 34 32 34 34 32 33 2c  0d 0a 20 20 20 20 20 20   0424423,..      
8430	20 20 20 20 2d 30 2e 30  30 39 39 32 30 36 30 34       -0.009920604
8440	35 32 36 39 39 36 36 31  33 2c 0d 0a 20 20 20 20   526996613,..    
8450	20 20 20 20 20 20 30 2e  30 33 34 37 37 31 38 38         0.03477188
8460	31 39 39 37 35 38 35 33  2c 0d 0a 20 20 20 20 20   19975853,..     
8470	20 20 20 20 20 2d 30 2e  30 34 35 34 39 35 34 32        -0.04549542
8480	34 34 31 39 36 34 31 34  39 35 2c 0d 0a 20 20 20   4419641495,..   
8490	20 20 20 20 20 20 20 30  2e 30 34 31 37 32 36 32          0.0417262
84a0	36 31 33 37 37 33 33 34  35 39 35 2c 0d 0a 20 20   61377334595,..  
84b0	20 20 20 20 20 20 20 20  30 2e 30 31 31 33 35 33           0.011353
84c0	39 34 39 30 38 34 38 37  37 39 36 38 2c 0d 0a 20   949084877968,.. 
84d0	20 20 20 20 20 20 20 20  20 30 2e 30 36 39 36 34            0.06964
84e0	39 39 34 32 32 31 39 32  35 37 33 35 2c 0d 0a 20   994221925735,.. 
84f0	20 20 20 20 20 20 20 20  20 30 2e 30 30 35 32 39            0.00529
8500	35 34 31 32 36 31 34 39  34 31 35 39 37 2c 0d 0a   5412614941597,..
8510	20 20 20 20 20 20 20 20  20 20 30 2e 30 31 37 30             0.0170
8520	35 34 31 34 38 30 31 38  33 36 30 31 33 38 2c 0d   54148018360138,.
8530	0a 20 20 20 20 20 20 20  20 20 20 2d 30 2e 30 32   .          -0.02
8540	30 32 36 35 39 30 33 33  32 33 38 38 38 37 38 2c   026590332388878,
8550	0d 0a 20 20 20 20 20 20  20 20 20 20 30 2e 30 33   ..          0.03
8560	35 38 38 36 37 30 38 36  34 37 30 31 32 37 31 2c   588670864701271,
8570	0d 0a 20 20 20 20 20 20  20 20 20 20 2d 30 2e 30   ..          -0.0
8580	35 32 35 30 32 38 38 39  31 38 36 31 34 33 38 37   5250288918614387
8590	35 2c 0d 0a 20 20 20 20  20 20 20 20 20 20 2d 30   5,..          -0
85a0	2e 30 36 32 38 30 31 37  33 33 36 31 33 30 31 34   .062801733613014
85b0	32 32 2c 0d 0a 20 20 20  20 20 20 20 20 20 20 30   22,..          0
85c0	2e 31 30 35 36 39 35 39  31 30 37 35 31 38 31 39   .105695910751819
85d0	36 31 2c 0d 0a 20 20 20  20 20 20 20 20 20 20 30   61,..          0
85e0	2e 30 32 39 35 34 32 38  32 39 38 34 31 33 37 35   .029542829841375
85f0	33 35 2c 0d 0a 20 20 20  20 20 20 20 20 20 20 2d   35,..          -
8600	30 2e 30 36 33 38 36 33  34 37 31 31 35 30 33 39   0.06386347115039
8610	38 32 35 2c 0d 0a 20 20  20 20 20 20 20 20 20 20   825,..          
8620	30 2e 30 33 39 36 35 35  38 37 31 36 38 39 33 31   0.03965587168931
8630	39 36 31 2c 0d 0a 20 20  20 20 20 20 20 20 20 20   961,..          
8640	30 2e 30 31 39 37 32 31  37 36 33 32 30 38 35 30   0.01972176320850
8650	38 34 39 2c 0d 0a 20 20  20 20 20 20 20 20 20 20   849,..          
8660	30 2e 30 32 32 31 36 33  37 35 38 30 35 34 33 37   0.02216375805437
8670	35 36 35 2c 0d 0a 20 20  20 20 20 20 20 20 20 20   565,..          
8680	30 2e 30 31 31 39 35 31  31 37 35 35 31 38 33 33   0.01195117551833
8690	33 39 31 32 2c 0d 0a 20  20 20 20 20 20 20 20 20   3912,..         
86a0	20 30 2e 30 32 36 38 32  32 31 32 37 34 30 31 38    0.0268221274018
86b0	32 38 37 36 36 2c 0d 0a  20 20 20 20 20 20 20 20   28766,..        
86c0	20 20 30 2e 30 35 30 34  38 35 35 38 38 36 31 30     0.050485588610
86d0	31 37 32 32 37 2c 0d 0a  20 20 20 20 20 20 20 20   17227,..        
86e0	20 20 2d 30 2e 30 36 30  34 36 35 39 31 36 39 39     -0.06046591699
86f0	31 32 33 33 38 32 36 2c  0d 0a 20 20 20 20 20 20   1233826,..      
8700	20 20 20 20 2d 30 2e 30  34 38 37 30 37 31 37 39       -0.048707179
8710	37 32 35 31 37 30 31 33  35 2c 0d 0a 20 20 20 20   725170135,..    
8720	20 20 20 20 20 20 30 2e  30 35 38 31 33 30 30 39         0.05813009
8730	32 39 31 38 38 37 32 38  33 2c 0d 0a 20 20 20 20   291887283,..    
8740	20 20 20 20 20 20 2d 30  2e 30 32 39 32 32 34 33         -0.0292243
8750	30 38 32 30 37 36 33 31  31 31 2c 0d 0a 20 20 20   0820763111,..   
8760	20 20 20 20 20 20 20 30  2e 30 30 32 37 35 38 38          0.0027588
8770	35 36 38 36 32 37 38 33  34 33 32 2c 0d 0a 20 20   56862783432,..  
8780	20 20 20 20 20 20 20 20  2d 30 2e 30 32 30 37 39           -0.02079
8790	36 37 37 32 30 39 32 35  38 30 37 39 35 2c 0d 0a   6772092580795,..
87a0	20 20 20 20 20 20 20 20  20 20 2d 30 2e 30 34 35             -0.045
87b0	31 35 30 33 36 31 39 35  35 31 36 35 38 36 2c 0d   15036195516586,.
87c0	0a 20 20 20 20 20 20 20  20 20 20 30 2e 30 32 34   .          0.024
87d0	32 32 30 38 37 32 36 37  30 34 31 32 30 36 34 2c   220872670412064,
87e0	0d 0a 20 20 20 20 20 20  20 20 20 20 2d 30 2e 30   ..          -0.0
87f0	34 34 36 39 39 31 32 31  32 36 36 36 30 33 34 37   4469912126660347
8800	2c 0d 0a 20 20 20 20 20  20 20 20 20 20 2d 30 2e   ,..          -0.
8810	30 30 30 38 34 31 35 30  39 34 33 34 33 39 34 35   0008415094343945
8820	33 38 34 2c 0d 0a 20 20  20 20 20 20 20 20 20 20   384,..          
8830	30 2e 30 30 37 37 31 37  34 39 39 39 37 35 31 31   0.00771749997511
8840	35 30 36 31 2c 0d 0a 20  20 20 20 20 20 20 20 20   5061,..         
8850	20 30 2e 30 37 31 30 38  33 32 38 34 39 31 34 34    0.0710832849144
8860	39 33 35 36 2c 0d 0a 20  20 20 20 20 20 20 20 20   9356,..         
8870	20 30 2e 30 34 33 35 33  31 32 31 32 39 35 35 37    0.0435312129557
8880	31 33 32 37 2c 0d 0a 20  20 20 20 20 20 20 20 20   1327,..         
8890	20 2d 30 2e 30 32 37 37  33 37 38 37 36 34 30 30    -0.027737876400
88a0	33 35 31 35 32 34 2c 0d  0a 20 20 20 20 20 20 20   351524,..       
88b0	20 20 20 2d 30 2e 30 33  31 35 36 30 31 33 30 34      -0.0315601304
88c0	31 37 33 34 36 39 35 34  2c 0d 0a 20 20 20 20 20   17346954,..     
88d0	20 20 20 20 20 2d 30 2e  30 31 34 38 35 31 30 34        -0.01485104
88e0	34 38 36 33 34 36 32 34  34 38 2c 0d 0a 20 20 20   4863462448,..   
88f0	20 20 20 20 20 20 20 30  2e 30 32 37 32 30 37 30          0.0272070
8900	30 37 36 33 31 36 35 39  35 30 38 2c 0d 0a 20 20   07631659508,..  
8910	20 20 20 20 20 20 20 20  2d 30 2e 30 32 37 32 36           -0.02726
8920	30 30 39 34 38 38 31 30  35 37 37 34 2c 0d 0a 20   009488105774,.. 
8930	20 20 20 20 20 20 20 20  20 2d 30 2e 30 34 36 39            -0.0469
8940	32 38 37 37 30 38 34 30  31 36 38 2c 0d 0a 20 20   28770840168,..  
8950	20 20 20 20 20 20 20 20  30 2e 30 34 31 36 37 33           0.041673
8960	31 37 32 32 36 35 32 39  31 32 31 34 2c 0d 0a 20   172265291214,.. 
8970	20 20 20 20 20 20 20 20  20 2d 30 2e 30 36 38 36            -0.0686
8980	39 34 33 37 35 34 35 35  33 37 39 34 39 2c 0d 0a   9437545537949,..
8990	20 20 20 20 20 20 20 20  20 20 2d 30 2e 30 34 30             -0.040
89a0	35 30 35 32 36 33 39 35  34 34 30 31 30 31 36 2c   505263954401016,
89b0	0d 0a 20 20 20 20 20 20  20 20 20 20 30 2e 30 33   ..          0.03
89c0	30 38 31 36 39 31 32 36  35 31 30 36 32 30 31 2c   081691265106201,
89d0	0d 0a 20 20 20 20 20 20  20 20 20 20 30 2e 30 31   ..          0.01
89e0	33 37 34 39 34 39 32 33  35 34 36 39 31 30 32 39   3749492354691029
89f0	2c 0d 0a 20 20 20 20 20  20 20 20 20 20 30 2e 30   ,..          0.0
8a00	32 37 38 39 37 31 33 36  32 38 35 39 30 31 30 37   2789713628590107
8a10	2c 0d 0a 20 20 20 20 20  20 20 20 20 20 2d 30 2e   ,..          -0.
8a20	30 37 37 38 32 35 33 31  35 32 39 36 36 34 39 39   0778253152966499
8a30	33 2c 0d 0a 20 20 20 20  20 20 20 20 20 20 2d 30   3,..          -0
8a40	2e 30 33 34 33 32 30 36  34 35 30 33 34 33 31 33   .034320645034313
8a50	32 2c 0d 0a 20 20 20 20  20 20 20 20 20 20 2d 30   2,..          -0
8a60	2e 30 31 34 38 33 37 37  37 32 35 38 35 34 35 31   .014837772585451
8a70	36 30 33 2c 0d 0a 20 20  20 20 20 20 20 20 20 20   603,..          
8a80	30 2e 30 31 33 33 31 31  35 32 35 38 30 36 37 38   0.01331152580678
8a90	34 36 33 2c 0d 0a 20 20  20 20 20 20 20 20 20 20   463,..          
8aa0	2d 30 2e 30 30 30 37 30  39 36 32 31 38 31 37 38   -0.0007096218178
8ab0	30 34 38 37 33 2c 0d 0a  20 20 20 20 20 20 20 20   04873,..        
8ac0	20 20 2d 30 2e 30 39 31  38 39 33 33 33 30 32 31     -0.09189333021
8ad0	36 34 30 37 37 38 2c 0d  0a 20 20 20 20 20 20 20   640778,..       
8ae0	20 20 20 30 2e 30 30 32  35 31 39 39 36 36 31 30      0.00251996610
8af0	33 31 33 36 35 33 39 35  2c 0d 0a 20 20 20 20 20   31365395,..     
8b00	20 20 20 20 20 30 2e 30  37 34 33 32 31 35 38 32        0.074321582
8b10	39 31 33 33 39 38 37 34  2c 0d 0a 20 20 20 20 20   91339874,..     
8b20	20 20 20 20 20 2d 30 2e  30 34 30 37 39 37 32 34        -0.04079724
8b30	31 30 33 32 31 32 33 35  36 36 2c 0d 0a 20 20 20   1032123566,..   
8b40	20 20 20 20 20 20 20 2d  30 2e 30 31 34 34 37 39          -0.014479
8b50	34 33 36 39 31 31 36 34  32 35 35 31 2c 0d 0a 20   436911642551,.. 
8b60	20 20 20 20 20 20 20 20  20 30 2e 30 31 33 37 32            0.01372
8b70	32 39 34 39 36 36 31 33  31 34 34 38 37 2c 0d 0a   2949661314487,..
8b80	20 20 20 20 20 20 20 20  20 20 30 2e 30 31 37 32             0.0172
8b90	31 33 34 30 39 37 36 36  35 35 34 38 33 32 2c 0d   13409766554832,.
8ba0	0a 20 20 20 20 20 20 20  20 20 20 30 2e 30 33 39   .          0.039
8bb0	32 35 37 37 32 30 31 31  32 38 30 30 36 2c 0d 0a   2577201128006,..
8bc0	20 20 20 20 20 20 20 20  20 20 2d 32 2e 39 39 33             -2.993
8bd0	39 31 31 34 39 33 38 33  31 35 34 37 65 2d 30 36   911493831547e-06
8be0	2c 0d 0a 20 20 20 20 20  20 20 20 20 20 2d 30 2e   ,..          -0.
8bf0	30 31 31 36 35 39 31 39  38 34 34 30 36 31 31 33   0116591984406113
8c00	36 32 2c 0d 0a 20 20 20  20 20 20 20 20 20 20 30   62,..          0
8c10	2e 30 32 34 39 37 37 33  35 39 39 32 30 37 34 30   .024977359920740
8c20	31 32 38 2c 0d 0a 20 20  20 20 20 20 20 20 20 20   128,..          
8c30	30 2e 30 30 31 36 31 36  36 36 30 32 37 32 37 30   0.00161666027270
8c40	32 35 37 34 37 2c 0d 0a  20 20 20 20 20 20 20 20   25747,..        
8c50	20 20 2d 30 2e 30 31 39  33 31 30 33 34 30 32 38     -0.01931034028
8c60	35 33 30 31 32 31 2c 0d  0a 20 20 20 20 20 20 20   530121,..       
8c70	20 20 20 30 2e 30 32 32  35 33 35 33 36 35 30 37      0.02253536507
8c80	34 38 37 32 39 37 2c 0d  0a 20 20 20 20 20 20 20   487297,..       
8c90	20 20 20 30 2e 30 36 32  31 36 34 36 39 34 30 37      0.06216469407
8ca0	30 38 31 36 30 34 2c 0d  0a 20 20 20 20 20 20 20   081604,..       
8cb0	20 20 20 30 2e 30 34 31  39 39 31 36 39 35 37 36      0.04199169576
8cc0	31 36 38 30 36 2c 0d 0a  20 20 20 20 20 20 20 20   16806,..        
8cd0	20 20 2d 30 2e 30 31 34  35 39 38 38 38 31 38 32     -0.01459888182
8ce0	35 38 30 34 37 31 2c 0d  0a 20 20 20 20 20 20 20   580471,..       
8cf0	20 20 20 30 2e 30 31 33  39 36 31 38 34 30 34 32      0.01396184042
8d00	30 39 36 31 33 38 2c 0d  0a 20 20 20 20 20 20 20   096138,..       
8d10	20 20 20 30 2e 30 30 33  31 33 32 31 32 33 37 33      0.00313212373
8d20	32 39 33 39 33 36 32 35  2c 0d 0a 20 20 20 20 20   29393625,..     
8d30	20 20 20 20 20 2d 30 2e  30 32 32 33 33 36 32 38        -0.02233628
8d40	39 32 38 36 36 31 33 34  36 34 2c 0d 0a 20 20 20   9286613464,..   
8d50	20 20 20 20 20 20 20 30  2e 30 30 31 38 34 38 30          0.0018480
8d60	38 35 37 38 33 34 32 31  39 39 33 33 2c 0d 0a 20   857834219933,.. 
8d70	20 20 20 20 20 20 20 20  20 2d 30 2e 33 30 37 32            -0.3072
8d80	36 36 36 35 32 35 38 34  30 37 35 39 2c 0d 0a 20   666525840759,.. 
8d90	20 20 20 20 20 20 20 20  20 30 2e 30 30 37 30 35            0.00705
8da0	33 39 31 34 34 37 39 39  31 31 33 32 37 2c 0d 0a   3914479911327,..
8db0	20 20 20 20 20 20 20 20  20 20 30 2e 30 33 33 31             0.0331
8dc0	32 36 31 39 30 33 30 34  37 35 36 31 36 35 2c 0d   26190304756165,.
8dd0	0a 20 20 20 20 20 20 20  20 20 20 30 2e 30 31 38   .          0.018
8de0	30 37 36 30 36 39 36 35  33 30 33 34 32 31 2c 0d   07606965303421,.
8df0	0a 20 20 20 20 20 20 20  20 20 20 30 2e 30 31 30   .          0.010
8e00	36 33 37 32 37 36 38 30  35 39 33 37 32 39 2c 0d   63727680593729,.
8e10	0a 20 20 20 20 20 20 20  20 20 20 2d 30 2e 30 38   .          -0.08
8e20	36 35 33 31 35 35 37 31  34 32 37 33 34 35 33 2c   653155714273453,
8e30	0d 0a 20 20 20 20 20 20  20 20 20 20 2d 30 2e 30   ..          -0.0
8e40	31 34 30 39 34 35 35 37  36 31 33 31 33 34 33 38   1409455761313438
8e50	34 2c 0d 0a 20 20 20 20  20 20 20 20 20 20 30 2e   4,..          0.
8e60	30 30 30 31 35 34 39 30  35 37 34 38 37 38 36 34   0001549057487864
8e70	30 34 37 33 2c 0d 0a 20  20 20 20 20 20 20 20 20   0473,..         
8e80	20 30 2e 30 33 38 39 36  35 37 34 33 30 33 35 30    0.0389657430350
8e90	37 38 30 35 2c 0d 0a 20  20 20 20 20 20 20 20 20   7805,..         
8ea0	20 30 2e 30 35 34 35 32  30 31 38 39 37 36 32 31    0.0545201897621
8eb0	31 35 34 38 2c 0d 0a 20  20 20 20 20 20 20 20 20   1548,..         
8ec0	20 30 2e 31 31 34 36 36  37 35 38 36 39 38 32 32    0.1146675869822
8ed0	35 30 32 31 2c 0d 0a 20  20 20 20 20 20 20 20 20   5021,..         
8ee0	20 30 2e 30 34 38 32 32  39 34 30 30 30 36 38 35    0.0482294000685
8ef0	32 31 35 2c 0d 0a 20 20  20 20 20 20 20 20 20 20   215,..          
8f00	2d 30 2e 30 30 36 38 36  31 34 37 34 38 33 30 36   -0.0068614748306
8f10	35 37 32 34 34 2c 0d 0a  20 20 20 20 20 20 20 20   57244,..        
8f20	20 20 30 2e 30 34 34 30  36 32 30 38 31 37 32 34     0.044062081724
8f30	34 30 35 32 39 2c 0d 0a  20 20 20 20 20 20 20 20   40529,..        
8f40	20 20 30 2e 30 30 36 31  37 34 36 36 33 35 34 37     0.006174663547
8f50	34 32 36 34 36 32 2c 0d  0a 20 20 20 20 20 20 20   426462,..       
8f60	20 20 20 30 2e 30 31 31  34 32 30 33 30 37 36 38      0.01142030768
8f70	30 39 36 34 34 37 2c 0d  0a 20 20 20 20 20 20 20   096447,..       
8f80	20 20 20 30 2e 30 32 38  38 32 36 31 35 36 36 33      0.02882615663
8f90	31 31 31 32 31 2c 0d 0a  20 20 20 20 20 20 20 20   11121,..        
8fa0	20 20 2d 30 2e 30 32 32  38 36 37 31 35 38 30 35     -0.02286715805
8fb0	35 33 30 35 34 38 2c 0d  0a 20 20 20 20 20 20 20   530548,..       
8fc0	20 20 20 30 2e 30 33 36  32 35 38 33 31 33 38 30      0.03625831380
8fd0	34 38 36 34 38 38 2c 0d  0a 20 20 20 20 20 20 20   486488,..       
8fe0	20 20 20 2d 30 2e 30 31  32 33 34 32 36 39 31 34      -0.0123426914
8ff0	32 31 35 30 38 37 38 39  2c 0d 0a 20 20 20 20 20   21508789,..     
9000	20 20 20 20 20 2d 30 2e  30 35 34 30 36 38 39 35        -0.05406895
9010	32 37 39 38 38 34 33 33  38 34 2c 0d 0a 20 20 20   2798843384,..   
9020	20 20 20 20 20 20 20 30  2e 30 39 31 30 34 33 39          0.0910439
9030	34 31 36 37 36 36 31 36  36 37 2c 0d 0a 20 20 20   4167661667,..   
9040	20 20 20 20 20 20 20 2d  30 2e 30 33 35 33 30 32          -0.035302
9050	37 35 30 37 36 36 32 37  37 33 31 2c 0d 0a 20 20   75076627731,..  
9060	20 20 20 20 20 20 20 20  30 2e 30 31 32 33 39 35           0.012395
9070	37 37 37 37 33 39 35 38  34 34 34 36 2c 0d 0a 20   777739584446,.. 
9080	20 20 20 20 20 20 20 20  20 2d 30 2e 30 30 33 32            -0.0032
9090	36 33 31 38 32 30 30 36  37 37 36 33 33 33 2c 0d   63182006776333,.
90a0	0a 20 20 20 20 20 20 20  20 20 20 2d 30 2e 30 30   .          -0.00
90b0	35 37 39 36 34 31 39 39  32 32 32 36 32 34 33 2c   579641992226243,
90c0	0d 0a 20 20 20 20 20 20  20 20 20 20 30 2e 30 39   ..          0.09
90d0	37 33 30 38 31 38 38 36  37 36 38 33 34 31 2c 0d   73081886768341,.
90e0	0a 20 20 20 20 20 20 20  20 20 20 30 2e 30 33 33   .          0.033
90f0	33 39 31 36 32 34 36 38  39 31 30 32 31 37 2c 0d   39162468910217,.
9100	0a 20 20 20 20 20 20 20  20 20 20 30 2e 30 30 31   .          0.001
9110	37 31 37 30 32 37 36 32  36 30 30 30 33 34 34 38   7170276260003448
9120	2c 0d 0a 20 20 20 20 20  20 20 20 20 20 30 2e 30   ,..          0.0
9130	33 35 30 33 37 33 31 36  33 38 31 39 33 31 33 30   3503731638193130
9140	35 2c 0d 0a 20 20 20 20  20 20 20 20 20 20 30 2e   5,..          0.
9150	30 30 35 38 31 39 36 34  35 32 34 34 36 32 38 31   0058196452446281
9160	39 31 2c 0d 0a 20 20 20  20 20 20 20 20 20 20 30   91,..          0
9170	2e 30 34 36 31 38 35 35  35 33 30 37 33 38 38 33   .046185553073883
9180	30 36 2c 0d 0a 20 20 20  20 20 20 20 20 20 20 2d   06,..          -
9190	30 2e 30 31 33 33 33 31  34 33 33 37 35 38 31 33   0.01333143375813
91a0	39 36 31 2c 0d 0a 20 20  20 20 20 20 20 20 20 20   961,..          
91b0	2d 30 2e 30 37 30 30 37  34 36 33 32 37 36 33 38   -0.0700746327638
91c0	36 32 36 31 2c 0d 0a 20  20 20 20 20 20 20 20 20   6261,..         
91d0	20 30 2e 30 31 32 36 39  34 33 39 31 34 32 31 39    0.0126943914219
91e0	37 33 37 30 35 2c 0d 0a  20 20 20 20 20 20 20 20   73705,..        
91f0	20 20 30 2e 30 34 31 34  30 37 37 33 37 38 38 30     0.041407737880
9200	39 34 35 32 30 36 2c 0d  0a 20 20 20 20 20 20 20   945206,..       
9210	20 20 20 2d 30 2e 30 32  31 33 35 34 31 38 33 35      -0.0213541835
9220	35 34 36 34 39 33 35 33  2c 0d 0a 20 20 20 20 20   54649353,..     
9230	20 20 20 20 20 2d 30 2e  30 38 30 35 33 32 37 34        -0.08053274
9240	34 35 32 36 38 36 33 31  2c 0d 0a 20 20 20 20 20   45268631,..     
9250	20 20 20 20 20 30 2e 30  31 30 30 35 33 33 32 30        0.010053320
9260	37 38 37 38 34 37 30 34  32 2c 0d 0a 20 20 20 20   787847042,..    
9270	20 20 20 20 20 20 2d 30  2e 30 30 35 37 31 36 37         -0.0057167
9280	38 39 35 31 33 38 32 36  33 37 2c 0d 0a 20 20 20   8951382637,..   
9290	20 20 20 20 20 20 20 30  2e 30 31 37 35 30 35 33          0.0175053
92a0	38 36 38 34 34 32 37 37  33 38 32 2c 0d 0a 20 20   86844277382,..  
92b0	20 20 20 20 20 20 20 20  2d 30 2e 30 31 35 33 31           -0.01531
92c0	35 35 35 35 30 33 36 30  36 37 39 36 33 2c 0d 0a   5555036067963,..
92d0	20 20 20 20 20 20 20 20  20 20 30 2e 30 31 30 32             0.0102
92e0	37 38 39 34 30 32 30 30  38 30 35 36 36 34 2c 0d   78940200805664,.
92f0	0a 20 20 20 20 20 20 20  20 20 20 2d 30 2e 30 35   .          -0.05
9300	33 31 33 39 39 33 32 34  35 33 36 33 32 33 35 35   3139932453632355
9310	2c 0d 0a 20 20 20 20 20  20 20 20 20 20 30 2e 30   ,..          0.0
9320	32 39 38 33 34 38 30 36  39 31 39 30 39 37 39 2c   298348069190979,
9330	0d 0a 20 20 20 20 20 20  20 20 20 20 2d 30 2e 30   ..          -0.0
9340	33 30 35 37 38 30 32 32  38 32 32 37 33 37 36 39   3057802282273769
9350	34 2c 0d 0a 20 20 20 20  20 20 20 20 20 20 2d 30   4,..          -0
9360	2e 30 31 39 38 36 37 37  35 31 37 34 37 33 36 39   .019867751747369
9370	37 36 36 2c 0d 0a 20 20  20 20 20 20 20 20 20 20   766,..          
9380	30 2e 30 34 33 33 39 38  34 39 35 37 36 33 35 34   0.04339849576354
9390	30 32 37 2c 0d 0a 20 20  20 20 20 20 20 20 20 20   027,..          
93a0	2d 30 2e 31 30 30 39 37  31 31 37 37 32 32 30 33   -0.1009711772203
93b0	34 34 35 34 2c 0d 0a 20  20 20 20 20 20 20 20 20   4454,..         
93c0	20 30 2e 30 31 39 33 37  36 36 39 38 38 38 31 33    0.0193766988813
93d0	38 37 37 31 2c 0d 0a 20  20 20 20 20 20 20 20 20   8771,..         
93e0	20 2d 30 2e 30 31 38 36  30 36 39 33 38 34 32 31    -0.018606938421
93f0	37 32 36 32 32 37 2c 0d  0a 20 20 20 20 20 20 20   726227,..       
9400	20 20 20 2d 30 2e 30 34  32 39 32 30 37 31 32 33      -0.0429207123
9410	38 31 36 30 31 33 33 34  2c 0d 0a 20 20 20 20 20   81601334,..     
9420	20 20 20 20 20 2d 30 2e  30 37 33 38 34 33 37 39        -0.07384379
9430	39 35 33 31 34 35 39 38  31 2c 0d 0a 20 20 20 20   953145981,..    
9440	20 20 20 20 20 20 30 2e  30 31 39 39 38 37 31 39         0.01998719
9450	37 35 39 32 38 35 34 35  2c 0d 0a 20 20 20 20 20   75928545,..     
9460	20 20 20 20 20 2d 30 2e  31 30 32 36 31 36 38 36        -0.10261686
9470	38 39 31 33 31 37 33 36  38 2c 0d 0a 20 20 20 20   891317368,..    
9480	20 20 20 20 20 20 2d 30  2e 30 32 36 35 30 33 36         -0.0265036
9490	30 37 36 33 30 37 32 39  36 37 35 2c 0d 0a 20 20   07630729675,..  
94a0	20 20 20 20 20 20 20 20  2d 30 2e 30 31 39 30 37           -0.01907
94b0	31 34 34 38 35 39 34 33  33 31 37 34 2c 0d 0a 20   144859433174,.. 
94c0	20 20 20 20 20 20 20 20  20 2d 30 2e 30 32 37 31            -0.0271
94d0	30 30 38 33 34 39 39 35  35 30 38 31 39 34 2c 0d   00834995508194,.
94e0	0a 20 20 20 20 20 20 20  20 20 20 2d 30 2e 30 30   .          -0.00
94f0	33 33 32 39 35 34 30 36  30 32 38 36 32 38 33 35   3329540602862835
9500	2c 0d 0a 20 20 20 20 20  20 20 20 20 20 30 2e 30   ,..          0.0
9510	30 35 36 32 30 35 36 39  34 35 36 33 36 38 36 38   0562056945636868
9520	35 2c 0d 0a 20 20 20 20  20 20 20 20 20 20 30 2e   5,..          0.
9530	30 30 31 30 37 30 30 33  31 36 36 33 34 30 32 39   0010700316634029
9540	31 35 2c 0d 0a 20 20 20  20 20 20 20 20 20 20 2d   15,..          -
9550	30 2e 30 30 31 31 31 38  31 34 31 36 39 32 31 33   0.00111814169213
9560	31 37 35 37 37 2c 0d 0a  20 20 20 20 20 20 20 20   17577,..        
9570	20 20 30 2e 30 34 30 33  39 39 30 38 39 34 35 35     0.040399089455
9580	36 30 34 35 35 2c 0d 0a  20 20 20 20 20 20 20 20   60455,..        
9590	20 20 30 2e 30 30 38 32  36 31 36 34 30 35 35 36     0.008261640556
95a0	31 35 36 36 33 35 2c 0d  0a 20 20 20 20 20 20 20   156635,..       
95b0	20 20 20 2d 30 2e 30 31  36 38 35 35 30 37 32 32      -0.0168550722
95c0	33 30 31 30 30 36 33 2c  0d 0a 20 20 20 20 20 20   3010063,..      
95d0	20 20 20 20 30 2e 30 32  39 33 38 33 35 36 38 30       0.0293835680
95e0	39 33 31 38 30 36 35 36  2c 0d 0a 20 20 20 20 20   93180656,..     
95f0	20 20 20 20 20 30 2e 30  32 36 36 30 39 37 38 30        0.026609780
9600	32 36 36 38 38 30 39 39  2c 0d 0a 20 20 20 20 20   26688099,..     
9610	20 20 20 20 20 30 2e 30  35 36 34 33 31 33 31 35        0.056431315
9620	38 33 39 32 39 30 36 32  2c 0d 0a 20 20 20 20 20   83929062,..     
9630	20 20 20 20 20 2d 30 2e  30 30 33 37 38 39 30 37        -0.00378907
9640	33 35 35 34 37 39 38 39  36 30 37 2c 0d 0a 20 20   35547989607,..  
9650	20 20 20 20 20 20 20 20  30 2e 30 36 37 32 30 37           0.067207
9660	39 34 37 33 37 33 33 39  30 32 2c 0d 0a 20 20 20   9473733902,..   
9670	20 20 20 20 20 20 20 2d  30 2e 30 33 37 35 38 35          -0.037585
9680	34 38 35 37 32 36 35 39  34 39 32 35 2c 0d 0a 20   485726594925,.. 
9690	20 20 20 20 20 20 20 20  20 30 2e 30 36 39 31 31            0.06911
96a0	39 30 37 33 34 35 30 35  36 35 33 34 2c 0d 0a 20   907345056534,.. 
96b0	20 20 20 20 20 20 20 20  20 2d 30 2e 30 32 35 33            -0.0253
96c0	34 38 39 36 38 38 30 33  38 38 32 36 2c 0d 0a 20   489688038826,.. 
96d0	20 20 20 20 20 20 20 20  20 2d 30 2e 30 33 35 39            -0.0359
96e0	36 36 33 33 36 37 32 37  31 34 32 33 33 34 2c 0d   66336727142334,.
96f0	0a 20 20 20 20 20 20 20  20 20 20 30 2e 30 32 34   .          0.024
9700	36 37 32 31 31 31 34 39  36 33 32 39 33 30 38 2c   672111496329308,
9710	0d 0a 20 20 20 20 20 20  20 20 20 20 2d 30 2e 30   ..          -0.0
9720	36 37 39 35 31 31 35 37  36 38 39 30 39 34 35 34   6795115768909454
9730	2c 0d 0a 20 20 20 20 20  20 20 20 20 20 2d 30 2e   ,..          -0.
9740	30 30 32 35 35 33 31 34  35 34 30 31 31 37 39 37   0025531454011797
9750	39 30 35 2c 0d 0a 20 20  20 20 20 20 20 20 20 20   905,..          
9760	2d 30 2e 30 36 31 37 33  39 39 39 39 38 30 30 39   -0.0617399998009
9770	32 30 34 38 36 2c 0d 0a  20 20 20 20 20 20 20 20   20486,..        
9780	20 20 2d 30 2e 30 31 39  36 34 32 31 33 33 32 36     -0.01964213326
9790	35 37 33 33 37 32 2c 0d  0a 20 20 20 20 20 20 20   573372,..       
97a0	20 20 20 2d 30 2e 30 30  34 33 37 33 30 32 38 38      -0.0043730288
97b0	37 34 33 39 37 32 37 38  2c 0d 0a 20 20 20 20 20   74397278,..     
97c0	20 20 20 20 20 30 2e 30  35 37 30 31 35 32 36 39        0.057015269
97d0	39 39 34 37 33 35 37 32  2c 0d 0a 20 20 20 20 20   99473572,..     
97e0	20 20 20 20 20 2d 30 2e  30 35 32 34 32 33 32 35        -0.05242325
97f0	37 33 38 30 37 32 33 39  35 2c 0d 0a 20 20 20 20   738072395,..    
9800	20 20 20 20 20 20 30 2e  30 36 31 31 35 36 30 34         0.06115604
9810	35 36 34 35 34 37 35 33  39 2c 0d 0a 20 20 20 20   564547539,..    
9820	20 20 20 20 20 20 30 2e  30 30 36 32 31 34 34 37         0.00621447
9830	38 35 31 38 38 31 33 38  34 38 35 2c 0d 0a 20 20   85188138485,..  
9840	20 20 20 20 20 20 20 20  30 2e 30 33 32 31 31 37           0.032117
9850	35 34 31 38 37 39 34 31  35 35 31 2c 0d 0a 20 20   54187941551,..  
9860	20 20 20 20 20 20 20 20  2d 30 2e 30 31 34 32 34           -0.01424
9870	30 35 34 36 31 35 31 39  39 35 36 35 39 2c 0d 0a   0546151995659,..
9880	20 20 20 20 20 20 20 20  20 20 30 2e 30 36 31 38             0.0618
9890	34 36 31 37 34 32 39 39  37 31 36 39 35 2c 0d 0a   4617429971695,..
98a0	20 20 20 20 20 20 20 20  20 20 30 2e 30 32 31 32             0.0212
98b0	33 34 37 33 37 37 30 39  31 36 34 36 32 2c 0d 0a   3473770916462,..
98c0	20 20 20 20 20 20 20 20  20 20 2d 30 2e 30 31 31             -0.011
98d0	30 39 35 31 35 30 33 37  33 38 37 36 30 39 35 2c   095150373876095,
98e0	0d 0a 20 20 20 20 20 20  20 20 20 20 2d 30 2e 30   ..          -0.0
98f0	31 37 33 34 36 31 32 36  39 35 38 37 32 37 38 33   1734612695872783
9900	37 2c 0d 0a 20 20 20 20  20 20 20 20 20 20 2d 30   7,..          -0
9910	2e 30 35 32 36 33 35 36  30 36 33 37 38 33 31 36   .052635606378316
9920	38 38 2c 0d 0a 20 20 20  20 20 20 20 20 20 20 2d   88,..          -
9930	30 2e 30 30 31 33 34 36  32 34 39 32 34 39 37 36   0.00134624924976
9940	33 37 38 36 38 2c 0d 0a  20 20 20 20 20 20 20 20   37868,..        
9950	20 20 30 2e 30 31 38 37  31 33 31 31 32 39 32 30     0.018713112920
9960	35 32 32 36 39 2c 0d 0a  20 20 20 20 20 20 20 20   52269,..        
9970	20 20 30 2e 30 30 32 32  37 32 37 38 30 35 31 38     0.002272780518
9980	39 37 38 38 33 34 2c 0d  0a 20 20 20 20 20 20 20   978834,..       
9990	20 20 20 2d 30 2e 30 32  38 34 30 31 34 36 32 33      -0.0284014623
99a0	36 31 32 31 36 35 34 35  2c 0d 0a 20 20 20 20 20   61216545,..     
99b0	20 20 20 20 20 2d 30 2e  30 31 35 34 32 31 37 32        -0.01542172
99c0	38 36 30 33 35 34 31 38  35 31 2c 0d 0a 20 20 20   8603541851,..   
99d0	20 20 20 20 20 20 20 2d  30 2e 32 39 38 39 38 35          -0.298985
99e0	30 39 33 38 33 32 30 31  36 2c 0d 0a 20 20 20 20   093832016,..    
99f0	20 20 20 20 20 20 2d 30  2e 30 32 33 32 31 32 32         -0.0232122
9a00	32 32 33 38 32 34 32 36  32 36 32 2c 0d 0a 20 20   22382426262,..  
9a10	20 20 20 20 20 20 20 20  30 2e 30 31 32 35 39 34           0.012594
9a20	38 35 33 35 32 37 38 34  33 39 35 32 2c 0d 0a 20   853527843952,.. 
9a30	20 20 20 20 20 20 20 20  20 30 2e 30 35 30 35 39            0.05059
9a40	31 37 36 33 31 30 38 39  36 38 37 33 35 2c 0d 0a   1763108968735,..
9a50	20 20 20 20 20 20 20 20  20 20 2d 30 2e 30 36 39             -0.069
9a60	39 36 38 34 36 31 39 39  30 33 35 36 34 35 2c 0d   96846199035645,.
9a70	0a 20 20 20 20 20 20 20  20 20 20 30 2e 30 30 37   .          0.007
9a80	39 35 36 33 39 31 32 30  30 34 32 33 32 34 2c 0d   95639120042324,.
9a90	0a 20 20 20 20 20 20 20  20 20 20 30 2e 30 33 39   .          0.039
9aa0	35 34 39 37 30 30 39 31  35 38 31 33 34 34 36 2c   549700915813446,
9ab0	0d 0a 20 20 20 20 20 20  20 20 20 20 30 2e 30 30   ..          0.00
9ac0	35 36 36 30 33 38 34 38  39 33 34 31 37 33 35 38   5660384893417358
9ad0	2c 0d 0a 20 20 20 20 20  20 20 20 20 20 2d 30 2e   ,..          -0.
9ae0	30 38 36 32 31 33 30 33  37 33 37 31 36 33 35 34   0862130373716354
9af0	34 2c 0d 0a 20 20 20 20  20 20 20 20 20 20 30 2e   4,..          0.
9b00	30 37 31 37 32 30 33 32  34 34 35 36 36 39 31 37   0717203244566917
9b10	34 2c 0d 0a 20 20 20 20  20 20 20 20 20 20 30 2e   4,..          0.
9b20	30 33 34 31 36 31 33 38  35 31 34 38 37 36 33 36   0341613851487636
9b30	36 2c 0d 0a 20 20 20 20  20 20 20 20 20 20 30 2e   6,..          0.
9b40	30 36 38 39 30 36 37 32  34 34 35 32 39 37 32 34   0689067244529724
9b50	31 2c 0d 0a 20 20 20 20  20 20 20 20 20 20 30 2e   1,..          0.
9b60	30 32 38 30 38 32 39 34  30 37 32 37 34 37 32 33   0280829407274723
9b70	30 35 2c 0d 0a 20 20 20  20 20 20 20 20 20 20 30   05,..          0
9b80	2e 30 30 32 36 35 39 33  31 39 32 30 31 34 38 34   .002659319201484
9b90	33 32 32 35 2c 0d 0a 20  20 20 20 20 20 20 20 20   3225,..         
9ba0	20 2d 30 2e 30 31 38 33  36 38 30 34 38 35 39 33    -0.018368048593
9bb0	34 30 31 39 31 2c 0d 0a  20 20 20 20 20 20 20 20   40191,..        
9bc0	20 20 2d 30 2e 30 33 36  34 39 37 32 30 35 34 39     -0.03649720549
9bd0	35 38 33 34 33 35 2c 0d  0a 20 20 20 20 20 20 20   583435,..       
9be0	20 20 20 30 2e 30 34 30  30 30 30 39 33 37 38 37      0.04000093787
9bf0	39 30 38 35 35 34 2c 0d  0a 20 20 20 20 20 20 20   908554,..       
9c00	20 20 20 2d 30 2e 30 31  39 31 39 30 38 39 34 34      -0.0191908944
9c10	33 39 38 31 36 34 37 35  2c 0d 0a 20 20 20 20 20   39816475,..     
9c20	20 20 20 20 20 30 2e 30  32 34 35 35 32 36 36 35        0.024552665
9c30	36 35 30 38 34 34 35 37  34 2c 0d 0a 20 20 20 20   650844574,..    
9c40	20 20 20 20 20 20 30 2e  30 30 33 35 37 33 34 30         0.00357340
9c50	38 31 31 37 35 31 37 38  32 39 2c 0d 0a 20 20 20   8117517829,..   
9c60	20 20 20 20 20 20 20 2d  30 2e 30 34 33 30 37 39          -0.043079
9c70	39 37 35 39 39 32 34 34  31 31 38 2c 0d 0a 20 20   97599244118,..  
9c80	20 20 20 20 20 20 20 20  30 2e 30 32 35 37 34 37           0.025747
9c90	31 32 30 33 38 30 34 30  31 36 31 2c 0d 0a 20 20   12038040161,..  
9ca0	20 20 20 20 20 20 20 20  30 2e 31 33 33 37 37 38           0.133778
9cb0	38 35 35 32 30 34 35 38  32 32 31 2c 0d 0a 20 20   85520458221,..  
9cc0	20 20 20 20 20 20 20 20  30 2e 30 31 32 30 35 30           0.012050
9cd0	37 31 33 34 31 32 34 36  33 36 36 35 2c 0d 0a 20   713412463665,.. 
9ce0	20 20 20 20 20 20 20 20  20 30 2e 30 33 32 39 34            0.03294
9cf0	30 33 38 37 37 32 35 38  33 30 30 38 2c 0d 0a 20   038772583008,.. 
9d00	20 20 20 20 20 20 20 20  20 30 2e 30 31 31 38 30            0.01180
9d10	35 31 38 36 39 37 39 34  37 32 36 33 37 2c 0d 0a   5186979472637,..
9d20	20 20 20 20 20 20 20 20  20 20 2d 30 2e 30 31 31             -0.011
9d30	31 34 31 36 30 31 39 34  39 39 33 30 31 39 31 2c   141601949930191,
9d40	0d 0a 20 20 20 20 20 20  20 20 20 20 30 2e 30 34   ..          0.04
9d50	33 30 30 30 33 34 34 31  38 37 30 32 31 32 35 35   3000344187021255
9d60	2c 0d 0a 20 20 20 20 20  20 20 20 20 20 30 2e 30   ,..          0.0
9d70	32 33 34 35 31 31 31 34  30 37 33 33 39 35 37 33   2345111407339573
9d80	2c 0d 0a 20 20 20 20 20  20 20 20 20 20 2d 30 2e   ,..          -0.
9d90	30 32 34 34 30 36 36 37  37 31 31 31 39 38 33 33   0244066771119833
9da0	2c 0d 0a 20 20 20 20 20  20 20 20 20 20 2d 30 2e   ,..          -0.
9db0	30 30 32 39 37 31 32 30  34 32 33 30 35 36 31 38   0029712042305618
9dc0	35 32 35 2c 0d 0a 20 20  20 20 20 20 20 20 20 20   525,..          
9dd0	30 2e 30 31 39 30 35 38  31 37 37 32 34 37 36 34   0.01905817724764
9de0	33 34 37 2c 0d 0a 20 20  20 20 20 20 20 20 20 20   347,..          
9df0	30 2e 30 33 35 39 36 36  33 33 36 37 32 37 31 34   0.03596633672714
9e00	32 33 33 34 2c 0d 0a 20  20 20 20 20 20 20 20 20   2334,..         
9e10	20 2d 30 2e 30 32 37 33  39 32 38 31 32 30 37 33    -0.027392812073
9e20	32 33 30 37 34 33 2c 0d  0a 20 20 20 20 20 20 20   230743,..       
9e30	20 20 20 2d 30 2e 30 30  36 34 31 30 32 33 36 34      -0.0064102364
9e40	37 30 34 30 31 32 38 37  2c 0d 0a 20 20 20 20 20   70401287,..     
9e50	20 20 20 20 20 30 2e 30  36 36 36 37 37 30 37 38        0.066677078
9e60	36 30 34 36 39 38 31 38  2c 0d 0a 20 20 20 20 20   60469818,..     
9e70	20 20 20 20 20 2d 30 2e  30 32 31 37 31 32 35 31        -0.02171251
9e80	39 32 32 38 34 35 38 34  30 35 2c 0d 0a 20 20 20   9228458405,..   
9e90	20 20 20 20 20 20 20 2d  30 2e 30 31 33 30 34 36          -0.013046
9ea0	30 39 32 33 35 33 37 36  31 31 39 36 2c 0d 0a 20   092353761196,.. 
9eb0	20 20 20 20 20 20 20 20  20 30 2e 30 35 31 38 33            0.05183
9ec0	39 33 30 33 32 32 35 32  37 38 38 35 34 2c 0d 0a   9303225278854,..
9ed0	20 20 20 20 20 20 20 20  20 20 30 2e 30 35 30 35             0.0505
9ee0	33 38 36 37 37 37 32 32  32 31 35 36 35 2c 0d 0a   3867772221565,..
9ef0	20 20 20 20 20 20 20 20  20 20 2d 30 2e 30 34 36             -0.046
9f00	38 34 39 31 33 39 30 33  34 37 34 38 30 38 2c 0d   84913903474808,.
9f10	0a 20 20 20 20 20 20 20  20 20 20 30 2e 30 39 37   .          0.097
9f20	39 34 35 32 32 38 32 31  39 30 33 32 32 39 2c 0d   94522821903229,.
9f30	0a 20 20 20 20 20 20 20  20 20 20 2d 30 2e 30 34   .          -0.04
9f40	33 35 30 34 36 37 30 32  36 32 33 33 36 37 33 2c   350467026233673,
9f50	0d 0a 20 20 20 20 20 20  20 20 20 20 2d 30 2e 30   ..          -0.0
9f60	33 31 39 33 31 37 33 35  35 37 35 31 39 39 31 33   3193173557519913
9f70	2c 0d 0a 20 20 20 20 20  20 20 20 20 20 30 2e 30   ,..          0.0
9f80	31 34 31 38 37 34 35 38  39 30 32 35 39 37 34 32   1418745890259742
9f90	37 2c 0d 0a 20 20 20 20  20 20 20 20 20 20 30 2e   7,..          0.
9fa0	30 30 32 32 34 34 35 37  38 32 30 38 37 37 34 33   0022445782087743
9fb0	32 38 32 2c 0d 0a 20 20  20 20 20 20 20 20 20 20   282,..          
9fc0	30 2e 30 30 37 38 35 36  38 35 33 33 30 36 32 39   0.00785685330629
9fd0	33 34 38 38 2c 0d 0a 20  20 20 20 20 20 20 20 20   3488,..         
9fe0	20 2d 30 2e 30 31 32 34  36 38 37 37 32 39 34 30    -0.012468772940
9ff0	33 33 37 36 35 38 2c 0d  0a 20 20 20 20 20 20 20   337658,..       
a000	20 20 20 2d 30 2e 30 30  33 30 34 35 38 35 37 36      -0.0030458576
a010	35 31 31 35 39 31 36 37  33 2c 0d 0a 20 20 20 20   511591673,..    
a020	20 20 20 20 20 20 30 2e  30 32 38 39 38 35 34 31         0.02898541
a030	36 35 31 36 36 36 31 36  34 34 2c 0d 0a 20 20 20   6516661644,..   
a040	20 20 20 20 20 20 20 30  2e 30 31 38 30 34 39 35          0.0180495
a050	32 36 39 35 39 36 35 37  36 37 2c 0d 0a 20 20 20   2695965767,..   
a060	20 20 20 20 20 20 20 2d  30 2e 30 31 36 37 37 35          -0.016775
a070	34 34 32 32 38 37 33 32  35 38 36 2c 0d 0a 20 20   44228732586,..  
a080	20 20 20 20 20 20 20 20  2d 30 2e 30 32 31 37 39           -0.02179
a090	32 31 34 39 31 37 31 32  33 33 31 37 37 2c 0d 0a   2149171233177,..
a0a0	20 20 20 20 20 20 20 20  20 20 30 2e 30 30 30 33             0.0003
a0b0	30 31 35 31 36 36 37 33  30 36 31 39 39 36 37 2c   015166730619967,
a0c0	0d 0a 20 20 20 20 20 20  20 20 20 20 30 2e 30 32   ..          0.02
a0d0	30 37 34 33 36 38 34 38  34 33 31 38 32 35 36 34   0743684843182564
a0e0	2c 0d 0a 20 20 20 20 20  20 20 20 20 20 2d 30 2e   ,..          -0.
a0f0	30 32 38 38 32 36 31 35  36 36 33 31 31 31 32 31   0288261566311121
a100	2c 0d 0a 20 20 20 20 20  20 20 20 20 20 2d 30 2e   ,..          -0.
a110	30 38 30 34 32 36 35 36  36 33 30 32 37 37 36 33   0804265663027763
a120	34 2c 0d 0a 20 20 20 20  20 20 20 20 20 20 2d 30   4,..          -0
a130	2e 30 35 35 34 32 32 36  36 37 34 31 33 39 34 39   .055422667413949
a140	39 36 36 2c 0d 0a 20 20  20 20 20 20 20 20 20 20   966,..          
a150	30 2e 30 32 39 37 30 32  30 38 39 37 32 36 39 32   0.02970208972692
a160	34 38 39 36 2c 0d 0a 20  20 20 20 20 20 20 20 20   4896,..         
a170	20 2d 30 2e 30 33 35 35  39 34 37 32 37 38 34 33    -0.035594727843
a180	39 39 39 38 36 2c 0d 0a  20 20 20 20 20 20 20 20   99986,..        
a190	20 20 30 2e 30 34 38 31  37 36 33 31 30 39 35 36     0.048176310956
a1a0	34 37 38 31 32 2c 0d 0a  20 20 20 20 20 20 20 20   47812,..        
a1b0	20 20 2d 30 2e 30 30 37  34 36 35 33 33 37 34 30     -0.00746533740
a1c0	33 31 31 38 36 31 2c 0d  0a 20 20 20 20 20 20 20   311861,..       
a1d0	20 20 20 30 2e 30 31 34  34 33 39 36 32 31 39 34      0.01443962194
a1e0	30 32 35 35 31 36 35 2c  0d 0a 20 20 20 20 20 20   0255165,..      
a1f0	20 20 20 20 30 2e 30 30  32 37 36 32 31 37 34 39       0.0027621749
a200	33 32 32 38 36 31 34 33  33 2c 0d 0a 20 20 20 20   322861433,..    
a210	20 20 20 20 20 20 30 2e  30 31 38 35 32 37 33 30         0.01852730
a220	38 34 37 38 39 35 31 34  35 34 0d 0a 20 20 20 20   8478951454..    
a230	20 20 20 20 5d 2c 0d 0a  20 20 20 20 20 20 20 20       ],..        
a240	22 6b 65 79 77 6f 72 64  73 22 3a 20 7b 0d 0a 20   "keywords": {.. 
a250	20 20 20 20 20 20 20 20  20 22 69 6e 64 69 63 65            "indice
a260	73 22 3a 20 5b 0d 0a 20  20 20 20 20 20 20 20 20   s": [..         
a270	20 20 20 31 35 34 39 39  38 30 31 34 32 2c 0d 0a      1549980142,..
a280	20 20 20 20 20 20 20 20  20 20 20 20 31 35 31 34               1514
a290	38 37 32 35 30 35 2c 0d  0a 20 20 20 20 20 20 20   872505,..       
a2a0	20 20 20 20 20 32 38 34  33 39 36 38 34 38 2c 0d        284396848,.
a2b0	0a 20 20 20 20 20 20 20  20 20 20 20 20 31 39 32   .            192
a2c0	30 36 34 35 30 34 33 2c  0d 0a 20 20 20 20 20 20   0645043,..      
a2d0	20 20 20 20 20 20 31 33  32 38 33 38 33 39 37 2c         132838397,
a2e0	0d 0a 20 20 20 20 20 20  20 20 20 20 20 20 31 34   ..            14
a2f0	35 37 35 35 38 35 32 31  2c 0d 0a 20 20 20 20 20   57558521,..     
a300	20 20 20 20 20 20 20 31  33 38 34 34 33 33 30 39          138443309
a310	33 2c 0d 0a 20 20 20 20  20 20 20 20 20 20 20 20   3,..            
a320	38 35 37 30 35 33 35 31  34 2c 0d 0a 20 20 20 20   857053514,..    
a330	20 20 20 20 20 20 20 20  31 32 35 39 30 38 39 34           12590894
a340	36 2c 0d 0a 20 20 20 20  20 20 20 20 20 20 20 20   6,..            
a350	31 34 31 38 38 37 34 38  37 36 2c 0d 0a 20 20 20   1418874876,..   
a360	20 20 20 20 20 20 20 20  20 35 33 34 38 37 39 31            5348791
a370	31 2c 0d 0a 20 20 20 20  20 20 20 20 20 20 20 20   1,..            
a380	33 31 36 32 36 37 38 35  32 2c 0d 0a 20 20 20 20   316267852,..    
a390	20 20 20 20 20 20 20 20  31 33 30 35 31 36 30 31           13051601
a3a0	36 36 2c 0d 0a 20 20 20  20 20 20 20 20 20 20 20   66,..           
a3b0	20 39 31 30 37 32 37 37  38 31 2c 0d 0a 20 20 20    910727781,..   
a3c0	20 20 20 20 20 20 20 20  20 38 37 31 36 33 32 33            8716323
a3d0	35 2c 0d 0a 20 20 20 20  20 20 20 20 20 20 20 20   5,..            
a3e0	36 30 31 37 39 30 39 33  36 2c 0d 0a 20 20 20 20   601790936,..    
a3f0	20 20 20 20 20 20 20 20  39 30 32 37 32 31 33 31           90272131
a400	39 2c 0d 0a 20 20 20 20  20 20 20 20 20 20 20 20   9,..            
a410	31 32 37 31 32 35 35 35  35 36 2c 0d 0a 20 20 20   1271255556,..   
a420	20 20 20 20 20 20 20 20  20 33 37 30 36 31 30 36            3706106
a430	37 32 0d 0a 20 20 20 20  20 20 20 20 20 20 5d 2c   72..          ],
a440	0d 0a 20 20 20 20 20 20  20 20 20 20 22 76 61 6c   ..          "val
a450	75 65 73 22 3a 20 5b 0d  0a 20 20 20 20 20 20 20   ues": [..       
a460	20 20 20 20 20 31 2e 36  30 31 33 36 34 37 39 39        1.601364799
a470	35 34 35 30 36 37 2c 0d  0a 20 20 20 20 20 20 20   545067,..       
a480	20 20 20 20 20 31 2e 36  30 31 33 36 34 37 39 39        1.601364799
a490	35 34 35 30 36 37 2c 0d  0a 20 20 20 20 20 20 20   545067,..       
a4a0	20 20 20 20 20 31 2e 38  35 33 35 34 36 31 35 37        1.853546157
a4b0	36 34 33 35 37 34 2c 0d  0a 20 20 20 20 20 20 20   643574,..       
a4c0	20 20 20 20 20 31 2e 38  35 33 35 34 36 31 35 37        1.853546157
a4d0	36 34 33 35 37 34 2c 0d  0a 20 20 20 20 20 20 20   643574,..       
a4e0	20 20 20 20 20 31 2e 36  30 31 33 36 34 37 39 39        1.601364799
a4f0	35 34 35 30 36 37 2c 0d  0a 20 20 20 20 20 20 20   545067,..       
a500	20 20 20 20 20 31 2e 36  30 31 33 36 34 37 39 39        1.601364799
a510	35 34 35 30 36 37 2c 0d  0a 20 20 20 20 20 20 20   545067,..       
a520	20 20 20 20 20 31 2e 36  30 31 33 36 34 37 39 39        1.601364799
a530	35 34 35 30 36 37 2c 0d  0a 20 20 20 20 20 20 20   545067,..       
a540	20 20 20 20 20 31 2e 36  30 31 33 36 34 37 39 39        1.601364799
a550	35 34 35 30 36 37 2c 0d  0a 20 20 20 20 20 20 20   545067,..       
a560	20 20 20 20 20 31 2e 36  30 31 33 36 34 37 39 39        1.601364799
a570	35 34 35 30 36 37 2c 0d  0a 20 20 20 20 20 20 20   545067,..       
a580	20 20 20 20 20 31 2e 36  30 31 33 36 34 37 39 39        1.601364799
a590	35 34 35 30 36 37 2c 0d  0a 20 20 20 20 20 20 20   545067,..       
a5a0	20 20 20 20 20 31 2e 36  30 31 33 36 34 37 39 39        1.601364799
a5b0	35 34 35 30 36 37 2c 0d  0a 20 20 20 20 20 20 20   545067,..       
a5c0	20 20 20 20 20 31 2e 36  30 31 33 36 34 37 39 39        1.601364799
a5d0	35 34 35 30 36 37 2c 0d  0a 20 20 20 20 20 20 20   545067,..       
a5e0	20 20 20 20 20 31 2e 36  30 31 33 36 34 37 39 39        1.601364799
a5f0	35 34 35 30 36 37 2c 0d  0a 20 20 20 20 20 20 20   545067,..       
a600	20 20 20 20 20 31 2e 36  30 31 33 36 34 37 39 39        1.601364799
a610	35 34 35 30 36 37 2c 0d  0a 20 20 20 20 20 20 20   545067,..       
a620	20 20 20 20 20 31 2e 36  30 31 33 36 34 37 39 39        1.601364799
a630	35 34 35 30 36 37 2c 0d  0a 20 20 20 20 20 20 20   545067,..       
a640	20 20 20 20 20 31 2e 36  30 31 33 36 34 37 39 39        1.601364799
a650	35 34 35 30 36 37 2c 0d  0a 20 20 20 20 20 20 20   545067,..       
a660	20 20 20 20 20 31 2e 36  30 31 33 36 34 37 39 39        1.601364799
a670	35 34 35 30 36 37 2c 0d  0a 20 20 20 20 20 20 20   545067,..       
a680	20 20 20 20 20 31 2e 36  30 31 33 36 34 37 39 39        1.601364799
a690	35 34 35 30 36 37 2c 0d  0a 20 20 20 20 20 20 20   545067,..       
a6a0	20 20 20 20 20 31 2e 36  30 31 33 36 34 37 39 39        1.601364799
a6b0	35 34 35 30 36 37 0d 0a  20 20 20 20 20 20 20 20   545067..        
a6c0	20 20 5d 0d 0a 20 20 20  20 20 20 20 20 7d 0d 0a     ]..        }..
a6d0	20 20 20 20 20 20 7d 2c  0d 0a 20 20 20 20 20 20         },..      
a6e0	22 70 61 79 6c 6f 61 64  22 3a 20 7b 0d 0a 20 20   "payload": {..  
a6f0	20 20 20 20 20 20 22 64  6f 63 75 6d 65 6e 74 5f         "document_
a700	69 64 22 3a 20 22 44 4f  43 2d 30 30 39 22 2c 0d   id": "DOC-009",.
a710	0a 20 20 20 20 20 20 20  20 22 74 69 74 6c 65 22   .        "title"
a720	3a 20 22 43 68 c3 ad 6e  68 20 73 c3 a1 63 68 20   : "Ch..nh s..ch 
a730	6d 75 61 20 73 e1 ba af  6d 22 2c 0d 0a 20 20 20   mua s...m",..   
a740	20 20 20 20 20 22 64 6f  6d 61 69 6e 22 3a 20 22        "domain": "
a750	68 61 6e 68 5f 63 68 69  6e 68 22 2c 0d 0a 20 20   hanh_chinh",..  
a760	20 20 20 20 20 20 22 64  65 70 61 72 74 6d 65 6e         "departmen
a770	74 22 3a 20 22 50 48 4f  4e 47 5f 48 43 22 2c 0d   t": "PHONG_HC",.
a780	0a 20 20 20 20 20 20 20  20 22 64 6f 63 5f 74 79   .        "doc_ty
a790	70 65 22 3a 20 22 63 68  69 6e 68 5f 73 61 63 68   pe": "chinh_sach
a7a0	22 2c 0d 0a 20 20 20 20  20 20 20 20 22 64 6f 63   ",..        "doc
a7b0	5f 73 74 61 74 75 73 22  3a 20 22 41 43 54 49 56   _status": "ACTIV
a7c0	45 22 2c 0d 0a 20 20 20  20 20 20 20 20 22 74 65   E",..        "te
a7d0	78 74 22 3a 20 22 59 c3  aa 75 20 63 e1 ba a7 75   xt": "Y..u c...u
a7e0	20 6d 75 61 20 73 e1 ba  af 6d 20 64 c6 b0 e1 bb    mua s...m d....
a7f0	9b 69 20 6e 67 c6 b0 e1  bb a1 6e 67 20 68 e1 ba   .i ng.....ng h..
a800	a1 6e 20 6d e1 bb a9 63  20 63 e1 ba a7 6e 20 63   .n m...c c...n c
a810	c3 b3 20 78 c3 a1 63 20  6e 68 e1 ba ad 6e 20 63   .. x..c nh...n c
a820	e1 bb a7 61 20 71 75 e1  ba a3 6e 20 6c c3 bd 20   ...a qu...n l.. 
a830	74 72 e1 bb b1 63 20 74  69 e1 ba bf 70 2e 22 0d   tr...c ti...p.".
a840	0a 20 20 20 20 20 20 7d  0d 0a 20 20 20 20 7d 2c   .      }..    },
a850	0d 0a 20 20 20 20 7b 0d  0a 20 20 20 20 20 20 22   ..    {..      "
a860	69 64 22 3a 20 31 30 2c  0d 0a 20 20 20 20 20 20   id": 10,..      
a870	22 76 65 63 74 6f 72 22  3a 20 7b 0d 0a 20 20 20   "vector": {..   
a880	20 20 20 20 20 22 64 65  6e 73 65 22 3a 20 5b 0d        "dense": [.
a890	0a 20 20 20 20 20 20 20  20 20 20 2d 30 2e 30 30   .          -0.00
a8a0	37 30 39 32 39 35 31 33  33 31 32 38 37 36 32 32   7092951331287622
a8b0	35 2c 0d 0a 20 20 20 20  20 20 20 20 20 20 30 2e   5,..          0.
a8c0	30 31 33 30 38 35 39 36  32 32 37 33 31 38 30 34   0130859622731804
a8d0	38 35 2c 0d 0a 20 20 20  20 20 20 20 20 20 20 30   85,..          0
a8e0	2e 30 32 36 30 33 38 35  39 38 32 36 39 32 32 34   .026038598269224
a8f0	31 36 37 2c 0d 0a 20 20  20 20 20 20 20 20 20 20   167,..          
a900	2d 30 2e 30 32 31 31 30  35 35 32 39 37 34 30 34   -0.0211055297404
a910	35 32 37 36 36 2c 0d 0a  20 20 20 20 20 20 20 20   52766,..        
a920	20 20 30 2e 30 34 35 38  33 37 35 33 32 37 32 38     0.045837532728
a930	39 31 30 34 34 36 2c 0d  0a 20 20 20 20 20 20 20   910446,..       
a940	20 20 20 30 2e 30 31 32  30 30 36 30 32 30 31 37      0.01200602017
a950	33 34 33 30 34 34 33 2c  0d 0a 20 20 20 20 20 20   3430443,..      
a960	20 20 20 20 30 2e 31 32  34 33 36 36 36 33 33 35       0.1243666335
a970	39 34 30 33 36 31 2c 0d  0a 20 20 20 20 20 20 20   940361,..       
a980	20 20 20 30 2e 30 31 30  39 35 39 34 31 30 31 30      0.01095941010
a990	38 36 32 35 38 38 39 2c  0d 0a 20 20 20 20 20 20   8625889,..      
a9a0	20 20 20 20 30 2e 30 34  37 35 39 37 34 33 38 30       0.0475974380
a9b0	39 37 30 30 30 31 32 2c  0d 0a 20 20 20 20 20 20   9700012,..      
a9c0	20 20 20 20 2d 30 2e 30  31 31 33 38 36 30 35 33       -0.011386053
a9d0	36 33 36 36 37 30 31 31  33 2c 0d 0a 20 20 20 20   636670113,..    
a9e0	20 20 20 20 20 20 2d 30  2e 30 31 38 32 32 35 36         -0.0182256
a9f0	38 34 37 36 32 30 30 31  30 33 38 2c 0d 0a 20 20   84762001038,..  
aa00	20 20 20 20 20 20 20 20  2d 30 2e 31 33 32 31 35           -0.13215
aa10	32 38 38 35 31 39 38 35  39 33 31 34 2c 0d 0a 20   288519859314,.. 
aa20	20 20 20 20 20 20 20 20  20 30 2e 30 35 34 30 37            0.05407
aa30	37 30 38 38 38 33 32 38  35 35 32 32 35 2c 0d 0a   7088832855225,..
aa40	20 20 20 20 20 20 20 20  20 20 30 2e 30 33 38 38             0.0388
aa50	35 31 32 34 32 35 31 32  34 36 34 35 32 2c 0d 0a   5124251246452,..
aa60	20 20 20 20 20 20 20 20  20 20 30 2e 30 34 31 36             0.0416
aa70	32 34 34 32 36 38 34 31  37 33 35 38 34 2c 0d 0a   2442684173584,..
aa80	20 20 20 20 20 20 20 20  20 20 2d 30 2e 30 30 30             -0.000
aa90	35 31 38 33 30 35 34 30  31 37 38 33 34 33 36 35   5183054017834365
aaa0	2c 0d 0a 20 20 20 20 20  20 20 20 20 20 2d 30 2e   ,..          -0.
aab0	30 31 35 39 35 39 31 33  39 39 31 33 33 32 30 35   0159591399133205
aac0	34 2c 0d 0a 20 20 20 20  20 20 20 20 20 20 30 2e   4,..          0.
aad0	30 30 34 35 39 39 37 35  32 33 37 30 32 36 38 31   0045997523702681
aae0	30 36 35 2c 0d 0a 20 20  20 20 20 20 20 20 20 20   065,..          
aaf0	2d 30 2e 30 30 35 39 35  33 30 31 32 39 36 35 36   -0.0059530129656
ab00	31 39 35 36 34 2c 0d 0a  20 20 20 20 20 20 20 20   19564,..        
ab10	20 20 2d 30 2e 30 31 30  31 33 32 37 38 37 37 34     -0.01013278774
ab20	39 31 37 31 32 35 37 2c  0d 0a 20 20 20 20 20 20   9171257,..      
ab30	20 20 20 20 30 2e 30 30  37 37 39 32 39 31 33 38       0.0077929138
ab40	32 30 35 39 34 35 34 39  2c 0d 0a 20 20 20 20 20   20594549,..     
ab50	20 20 20 20 20 2d 30 2e  30 32 34 33 39 38 36 38        -0.02439868
ab60	36 33 36 34 32 39 33 31  2c 0d 0a 20 20 20 20 20   63642931,..     
ab70	20 20 20 20 20 2d 30 2e  30 30 33 36 35 33 31 33        -0.00365313
ab80	36 35 34 37 36 35 34 38  36 37 2c 0d 0a 20 20 20   6547654867,..   
ab90	20 20 20 20 20 20 20 2d  30 2e 30 34 37 38 36 34          -0.047864
aba0	30 39 30 36 35 31 32 37  33 37 33 2c 0d 0a 20 20   09065127373,..  
abb0	20 20 20 20 20 20 20 20  30 2e 30 30 37 30 35 32           0.007052
abc0	39 35 33 33 35 35 30 31  34 33 32 34 2c 0d 0a 20   953355014324,.. 
abd0	20 20 20 20 20 20 20 20  20 2d 30 2e 30 35 37 32            -0.0572
abe0	32 33 35 38 34 35 30 32  39 33 35 34 31 2c 0d 0a   2358450293541,..
abf0	20 20 20 20 20 20 20 20  20 20 30 2e 30 30 39 39             0.0099
ac00	31 32 37 39 39 31 31 32  34 39 38 37 36 2c 0d 0a   1279911249876,..
ac10	20 20 20 20 20 20 20 20  20 20 2d 30 2e 30 33 35             -0.035
ac20	33 30 34 37 36 36 31 34  38 33 32 38 37 38 2c 0d   30476614832878,.
ac30	0a 20 20 20 20 20 20 20  20 20 20 30 2e 30 31 36   .          0.016
ac40	35 33 32 34 34 33 34 36  33 38 30 32 33 33 38 2c   532443463802338,
ac50	0d 0a 20 20 20 20 20 20  20 20 20 20 2d 30 2e 30   ..          -0.0
ac60	38 37 39 39 35 32 36 30  39 35 33 39 30 33 32 2c   879952609539032,
ac70	0d 0a 20 20 20 20 20 20  20 20 20 20 30 2e 30 31   ..          0.01
ac80	36 38 36 35 37 35 38 32  32 35 33 32 31 37 37 2c   686575822532177,
ac90	0d 0a 20 20 20 20 20 20  20 20 20 20 30 2e 30 34   ..          0.04
aca0	31 37 33 31 30 38 35 36  32 38 32 37 31 31 2c 0d   17310856282711,.
acb0	0a 20 20 20 20 20 20 20  20 20 20 30 2e 30 30 35   .          0.005
acc0	36 39 36 33 36 30 30 32  31 38 32 39 36 30 35 2c   696360021829605,
acd0	0d 0a 20 20 20 20 20 20  20 20 20 20 30 2e 30 34   ..          0.04
ace0	36 37 37 30 38 31 34 38  30 36 32 32 32 39 31 36   6770814806222916
acf0	2c 0d 0a 20 20 20 20 20  20 20 20 20 20 30 2e 30   ,..          0.0
ad00	32 34 36 31 32 30 30 37  36 36 32 36 35 33 39 32   2461200766265392
ad10	33 2c 0d 0a 20 20 20 20  20 20 20 20 20 20 30 2e   3,..          0.
ad20	30 36 35 38 36 33 31 31  37 35 37 35 36 34 35 34   0658631175756454
ad30	35 2c 0d 0a 20 20 20 20  20 20 20 20 20 20 30 2e   5,..          0.
ad40	30 30 36 38 33 39 36 33  31 35 39 30 39 39 32 32   0068396315909922
ad50	31 32 2c 0d 0a 20 20 20  20 20 20 20 20 20 20 2d   12,..          -
ad60	30 2e 30 35 33 39 39 37  30 39 31 39 34 38 39 38   0.05399709194898
ad70	36 30 35 2c 0d 0a 20 20  20 20 20 20 20 20 20 20   605,..          
ad80	2d 30 2e 30 31 32 30 31  32 36 38 36 35 38 30 34   -0.0120126865804
ad90	31 39 35 34 2c 0d 0a 20  20 20 20 20 20 20 20 20   1954,..         
ada0	20 2d 30 2e 30 31 39 38  33 38 39 33 31 30 33 38    -0.019838931038
adb0	39 37 35 37 31 36 2c 0d  0a 20 20 20 20 20 20 20   975716,..       
adc0	20 20 20 30 2e 30 33 37  31 37 31 33 33 30 33 30      0.03717133030
add0	32 39 35 33 37 32 2c 0d  0a 20 20 20 20 20 20 20   295372,..       
ade0	20 20 20 30 2e 30 31 33  36 32 35 39 33 32 38 35      0.01362593285
adf0	37 33 39 34 32 31 38 2c  0d 0a 20 20 20 20 20 20   7394218,..      
ae00	20 20 20 20 2d 30 2e 30  32 35 35 39 38 36 32 30       -0.025598620
ae10	39 39 35 38 37 39 31 37  33 2c 0d 0a 20 20 20 20   995879173,..    
ae20	20 20 20 20 20 20 2d 30  2e 30 33 39 30 36 34 35         -0.0390645
ae30	36 33 38 31 30 38 32 35  33 35 2c 0d 0a 20 20 20   6381082535,..   
ae40	20 20 20 20 20 20 20 30  2e 30 33 38 34 32 34 35          0.0384245
ae50	39 36 31 39 30 34 35 32  35 37 36 2c 0d 0a 20 20   96190452576,..  
ae60	20 20 20 20 20 20 20 20  30 2e 30 30 39 36 39 32           0.009692
ae70	38 31 31 34 30 37 31 34  38 38 33 38 2c 0d 0a 20   811407148838,.. 
ae80	20 20 20 20 20 20 20 20  20 2d 30 2e 30 33 39 35            -0.0395
ae90	31 37 38 37 32 30 33 35  35 30 33 33 39 2c 0d 0a   1787203550339,..
aea0	20 20 20 20 20 20 20 20  20 20 2d 30 2e 30 33 35             -0.035
aeb0	33 30 34 37 36 36 31 34  38 33 32 38 37 38 2c 0d   30476614832878,.
aec0	0a 20 20 20 20 20 20 20  20 20 20 30 2e 30 35 37   .          0.057
aed0	36 35 30 32 32 37 30 39  39 36 35 37 30 36 2c 0d   65022709965706,.
aee0	0a 20 20 20 20 20 20 20  20 20 20 30 2e 30 33 39   .          0.039
aef0	35 34 34 35 33 37 36 36  33 34 35 39 37 38 2c 0d   54453766345978,.
af00	0a 20 20 20 20 20 20 20  20 20 20 2d 30 2e 30 33   .          -0.03
af10	34 34 32 34 38 31 31 36  30 31 36 33 38 37 39 34   4424811601638794
af20	2c 0d 0a 20 20 20 20 20  20 20 20 20 20 30 2e 30   ,..          0.0
af30	36 34 31 35 36 35 34 37  31 38 38 37 35 38 38 35   6415654718875885
af40	2c 0d 0a 20 20 20 20 20  20 20 20 20 20 2d 30 2e   ,..          -0.
af50	30 31 30 39 35 39 34 31  30 31 30 38 36 32 35 38   0109594101086258
af60	38 39 2c 0d 0a 20 20 20  20 20 20 20 20 20 20 2d   89,..          -
af70	30 2e 30 31 32 36 39 39  33 31 36 32 35 35 37 34   0.01269931625574
af80	38 32 37 32 2c 0d 0a 20  20 20 20 20 20 20 20 20   8272,..         
af90	20 30 2e 30 31 34 39 37  32 35 32 36 35 38 30 30    0.0149725265800
afa0	39 35 32 39 31 2c 0d 0a  20 20 20 20 20 20 20 20   95291,..        
afb0	20 20 30 2e 30 30 30 35  31 34 31 33 38 39 35 35     0.000514138955
afc0	36 32 32 39 31 31 35 2c  0d 0a 20 20 20 20 20 20   6229115,..      
afd0	20 20 20 20 30 2e 30 31  35 34 37 39 31 36 36 30       0.0154791660
afe0	36 30 36 38 36 31 31 31  2c 0d 0a 20 20 20 20 20   60686111,..     
aff0	20 20 20 20 20 2d 30 2e  30 33 33 35 37 31 35 32        -0.03357152
b000	36 34 30 38 31 39 35 34  39 36 2c 0d 0a 20 20 20   6408195496,..   
b010	20 20 20 20 20 20 20 30  2e 30 31 36 36 31 32 34          0.0166124
b020	33 38 34 38 35 30 32 36  33 36 2c 0d 0a 20 20 20   3848502636,..   
b030	20 20 20 20 20 20 20 2d  30 2e 30 32 30 38 31 32          -0.020812
b040	32 31 33 34 32 30 38 36  37 39 32 2c 0d 0a 20 20   21342086792,..  
b050	20 20 20 20 20 20 20 20  30 2e 30 33 31 31 39 38           0.031198
b060	33 31 39 30 34 37 36 38  39 34 33 38 2c 0d 0a 20   319047689438,.. 
b070	20 20 20 20 20 20 20 20  20 30 2e 30 32 39 37 35            0.02975
b080	38 33 39 37 34 38 39 37  38 36 31 34 38 2c 0d 0a   8397489786148,..
b090	20 20 20 20 20 20 20 20  20 20 2d 30 2e 31 38 31             -0.181
b0a0	33 32 33 35 37 32 39 39  33 32 37 38 35 2c 0d 0a   3235729932785,..
b0b0	20 20 20 20 20 20 20 20  20 20 30 2e 30 31 36 39             0.0169
b0c0	35 39 30 38 36 30 36 30  35 32 33 39 38 37 2c 0d   59086060523987,.
b0d0	0a 20 20 20 20 20 20 20  20 20 20 2d 30 2e 30 35   .          -0.05
b0e0	30 32 39 30 36 32 35 35  34 32 34 30 32 32 37 2c   029062554240227,
b0f0	0d 0a 20 20 20 20 20 20  20 20 20 20 2d 30 2e 30   ..          -0.0
b100	35 39 30 33 36 38 32 31  31 32 36 39 33 37 38 36   5903682112693786
b110	36 2c 0d 0a 20 20 20 20  20 20 20 20 20 20 30 2e   6,..          0.
b120	30 31 37 30 35 32 34 31  35 37 35 38 33 37 31 33   0170524157583713
b130	35 33 2c 0d 0a 20 20 20  20 20 20 20 20 20 20 30   53,..          0
b140	2e 30 34 32 36 31 31 30  34 30 31 37 34 39 36 31   .042611040174961
b150	30 39 2c 0d 0a 20 20 20  20 20 20 20 20 20 20 30   09,..          0
b160	2e 30 32 30 30 37 38 39  31 37 39 36 35 32 39 32   .020078917965292
b170	39 33 2c 0d 0a 20 20 20  20 20 20 20 20 20 20 30   93,..          0
b180	2e 30 32 36 38 33 38 35  35 34 30 36 39 33 39 39   .026838554069399
b190	38 33 34 2c 0d 0a 20 20  20 20 20 20 20 20 20 20   834,..          
b1a0	2d 30 2e 30 31 36 32 35  32 34 35 38 30 39 35 35   -0.0162524580955
b1b0	35 30 35 33 37 2c 0d 0a  20 20 20 20 20 20 20 20   50537,..        
b1c0	20 20 2d 30 2e 30 30 32  31 34 36 35 35 31 31 35     -0.00214655115
b1d0	32 36 39 31 32 34 35 2c  0d 0a 20 20 20 20 20 20   2691245,..      
b1e0	20 20 20 20 30 2e 30 31  36 33 34 35 37 38 35 39       0.0163457859
b1f0	33 30 37 35 32 37 35 34  2c 0d 0a 20 20 20 20 20   30752754,..     
b200	20 20 20 20 20 30 2e 30  33 34 36 33 38 31 33 32        0.034638132
b210	38 39 39 39 39 39 36 32  2c 0d 0a 20 20 20 20 20   89999962,..     
b220	20 20 20 20 20 30 2e 30  34 30 31 35 37 38 33 35        0.040157835
b230	39 33 30 35 38 35 38 36  2c 0d 0a 20 20 20 20 20   93058586,..     
b240	20 20 20 20 20 30 2e 30  31 37 31 37 32 34 30 39        0.017172409
b250	32 32 31 35 32 39 39 36  2c 0d 0a 20 20 20 20 20   22152996,..     
b260	20 20 20 20 20 2d 30 2e  30 30 32 33 31 31 35 34        -0.00231154
b270	32 31 36 34 35 33 34 33  33 30 34 2c 0d 0a 20 20   21645343304,..  
b280	20 20 20 20 20 20 20 20  2d 30 2e 30 31 30 32 37           -0.01027
b290	32 37 38 30 34 33 33 32  39 37 31 35 37 2c 0d 0a   2780433297157,..
b2a0	20 20 20 20 20 20 20 20  20 20 2d 30 2e 30 32 30             -0.020
b2b0	37 38 35 35 34 37 37 39  32 39 31 31 35 33 2c 0d   78554779291153,.
b2c0	0a 20 20 20 20 20 20 20  20 20 20 2d 30 2e 30 31   .          -0.01
b2d0	33 32 36 35 39 35 32 34  36 37 39 31 38 33 39 36   3265952467918396
b2e0	2c 0d 0a 20 20 20 20 20  20 20 20 20 20 2d 30 2e   ,..          -0.
b2f0	30 30 37 35 35 39 35 39  32 38 33 35 36 30 35 31   0075595928356051
b300	34 34 35 2c 0d 0a 20 20  20 20 20 20 20 20 20 20   445,..          
b310	30 2e 30 34 31 33 38 34  34 33 36 31 39 30 31 32   0.04138443619012
b320	38 33 32 36 2c 0d 0a 20  20 20 20 20 20 20 20 20   8326,..         
b330	20 2d 30 2e 30 32 37 39  37 31 38 32 36 34 39 33    -0.027971826493
b340	37 34 30 30 38 32 2c 0d  0a 20 20 20 20 20 20 20   740082,..       
b350	20 20 20 2d 30 2e 30 31  32 37 35 39 33 31 32 39      -0.0127593129
b360	38 37 33 32 37 35 37 36  2c 0d 0a 20 20 20 20 20   87327576,..     
b370	20 20 20 20 20 2d 30 2e  30 36 39 39 31 36 32 33        -0.06991623
b380	33 34 32 30 33 37 32 30  31 2c 0d 0a 20 20 20 20   342037201,..    
b390	20 20 20 20 20 20 30 2e  30 34 30 32 36 34 34 39         0.04026449
b3a0	38 34 34 32 34 31 31 34  32 2c 0d 0a 20 20 20 20   844241142,..    
b3b0	20 20 20 20 20 20 2d 30  2e 30 34 33 38 31 30 39         -0.0438109
b3c0	37 34 38 30 36 35 34 37  31 36 35 2c 0d 0a 20 20   74806547165,..  
b3d0	20 20 20 20 20 20 20 20  30 2e 30 32 34 34 36 35           0.024465
b3e0	33 34 38 35 37 31 35 33  38 39 32 35 2c 0d 0a 20   348571538925,.. 
b3f0	20 20 20 20 20 20 20 20  20 2d 30 2e 30 33 37 31            -0.0371
b400	31 38 30 30 32 37 37 32  33 33 31 32 34 2c 0d 0a   1800277233124,..
b410	20 20 20 20 20 20 20 20  20 20 30 2e 30 31 33 34             0.0134
b420	34 35 39 34 32 36 36 32  36 35 36 33 30 37 2c 0d   45942662656307,.
b430	0a 20 20 20 20 20 20 20  20 20 20 30 2e 30 30 39   .          0.009
b440	34 39 32 38 32 31 39 39  31 34 34 33 36 33 34 2c   492821991443634,
b450	0d 0a 20 20 20 20 20 20  20 20 20 20 2d 30 2e 30   ..          -0.0
b460	30 33 39 34 36 34 35 34  32 36 34 32 32 33 35 37   0394645426422357
b470	36 2c 0d 0a 20 20 20 20  20 20 20 20 20 20 2d 30   6,..          -0
b480	2e 30 32 36 39 37 31 38  38 30 33 34 36 35 33 36   .026971880346536
b490	36 33 36 2c 0d 0a 20 20  20 20 20 20 20 20 20 20   636,..          
b4a0	30 2e 30 32 36 34 36 35  32 34 30 38 36 35 39 34   0.02646524086594
b4b0	35 38 31 36 2c 0d 0a 20  20 20 20 20 20 20 20 20   5816,..         
b4c0	20 2d 30 2e 30 30 35 31  30 39 37 32 34 35 38 38    -0.005109724588
b4d0	36 39 32 31 38 38 2c 0d  0a 20 20 20 20 20 20 20   692188,..       
b4e0	20 20 20 2d 30 2e 30 31  34 35 39 39 32 31 33 33      -0.0145992133
b4f0	37 36 36 34 31 32 37 33  2c 0d 0a 20 20 20 20 20   76641273,..     
b500	20 20 20 20 20 2d 30 2e  30 30 37 36 39 32 39 31        -0.00769291
b510	39 31 31 32 37 34 31 39  34 37 2c 0d 0a 20 20 20   9112741947,..   
b520	20 20 20 20 20 20 20 2d  30 2e 30 31 35 32 35 32          -0.015252
b530	35 31 31 39 34 38 33 34  37 30 39 32 2c 0d 0a 20   511948347092,.. 
b540	20 20 20 20 20 20 20 20  20 2d 30 2e 30 34 33 35            -0.0435
b550	34 34 33 32 32 32 35 32  32 37 33 35 36 2c 0d 0a   4432225227356,..
b560	20 20 20 20 20 20 20 20  20 20 30 2e 34 34 31 31             0.4411
b570	34 39 35 36 32 35 39 37  32 37 34 38 2c 0d 0a 20   495625972748,.. 
b580	20 20 20 20 20 20 20 20  20 2d 30 2e 30 33 39 39            -0.0399
b590	37 31 31 38 30 32 36 30  31 38 31 34 33 2c 0d 0a   7118026018143,..
b5a0	20 20 20 20 20 20 20 20  20 20 2d 30 2e 30 30 34             -0.004
b5b0	39 34 39 37 33 33 36 31  34 39 32 31 35 37 2c 0d   94973361492157,.
b5c0	0a 20 20 20 20 20 20 20  20 20 20 30 2e 30 32 32   .          0.022
b5d0	32 32 35 34 36 39 33 35  30 38 31 34 38 32 2c 0d   22546935081482,.
b5e0	0a 20 20 20 20 20 20 20  20 20 20 2d 30 2e 30 34   .          -0.04
b5f0	31 33 38 34 34 33 36 31  39 30 31 32 38 33 32 36   1384436190128326
b600	2c 0d 0a 20 20 20 20 20  20 20 20 20 20 2d 30 2e   ,..          -0.
b610	30 30 35 35 34 33 30 33  34 39 38 39 33 38 36 37   0055430349893867
b620	39 37 2c 0d 0a 20 20 20  20 20 20 20 20 20 20 30   97,..          0
b630	2e 30 33 33 37 35 38 31  38 32 30 37 38 35 39 39   .033758182078599
b640	39 33 2c 0d 0a 20 20 20  20 20 20 20 20 20 20 2d   93,..          -
b650	30 2e 30 30 34 32 37 39  37 36 39 34 39 31 34 30   0.00427976949140
b660	34 32 39 35 2c 0d 0a 20  20 20 20 20 20 20 20 20   4295,..         
b670	20 2d 30 2e 30 34 35 38  36 34 31 39 38 33 35 36    -0.045864198356
b680	38 36 36 38 34 2c 0d 0a  20 20 20 20 20 20 20 20   86684,..        
b690	20 20 30 2e 30 32 35 31  39 38 36 34 32 31 36 34     0.025198642164
b6a0	34 36 38 37 36 35 2c 0d  0a 20 20 20 20 20 20 20   468765,..       
b6b0	20 20 20 30 2e 30 31 31  31 31 32 37 33 34 36 37      0.01111273467
b6c0	35 34 30 37 34 31 2c 0d  0a 20 20 20 20 20 20 20   540741,..       
b6d0	20 20 20 30 2e 30 32 32  30 31 32 31 34 38 30 35      0.02201214805
b6e0	32 34 35 33 39 39 35 2c  0d 0a 20 20 20 20 20 20   2453995,..      
b6f0	20 20 20 20 2d 30 2e 30  33 31 35 34 34 39 36 38       -0.031544968
b700	34 38 35 38 33 32 32 31  34 2c 0d 0a 20 20 20 20   485832214,..    
b710	20 20 20 20 20 20 30 2e  30 34 30 30 35 31 31 37         0.04005117
b720	37 31 34 34 30 35 30 36  2c 0d 0a 20 20 20 20 20   71440506,..     
b730	20 20 20 20 20 2d 30 2e  30 33 39 38 33 37 38 35        -0.03983785
b740	35 38 34 35 36 38 39 37  37 34 2c 0d 0a 20 20 20   5845689774,..   
b750	20 20 20 20 20 20 20 2d  30 2e 30 35 35 35 31 37          -0.055517
b760	30 31 30 33 39 30 37 35  38 35 31 34 2c 0d 0a 20   010390758514,.. 
b770	20 20 20 20 20 20 20 20  20 30 2e 30 33 32 31 38            0.03218
b780	34 39 33 32 33 38 30 39  31 34 36 39 2c 0d 0a 20   493238091469,.. 
b790	20 20 20 20 20 20 20 20  20 30 2e 30 34 33 39 34            0.04394
b7a0	34 32 39 39 32 32 31 30  33 38 38 32 2c 0d 0a 20   429922103882,.. 
b7b0	20 20 20 20 20 20 20 20  20 30 2e 30 32 33 31 33            0.02313
b7c0	32 30 38 37 36 36 32 38  31 36 30 34 38 2c 0d 0a   2087662816048,..
b7d0	20 20 20 20 20 20 20 20  20 20 2d 30 2e 30 34 38             -0.048
b7e0	31 35 37 34 30 35 31 30  38 32 31 33 34 32 35 2c   157405108213425,
b7f0	0d 0a 20 20 20 20 20 20  20 20 20 20 2d 30 2e 30   ..          -0.0
b800	34 34 32 36 34 32 38 33  30 33 31 32 32 35 32 30   4426428303122520
b810	34 2c 0d 0a 20 20 20 20  20 20 20 20 20 20 2d 30   4,..          -0
b820	2e 30 32 34 35 35 38 36  37 38 32 36 39 33 38 36   .024558678269386
b830	32 39 2c 0d 0a 20 20 20  20 20 20 20 20 20 20 2d   29,..          -
b840	30 2e 30 34 32 30 32 34  34 30 33 38 31 30 35 30   0.04202440381050
b850	31 31 2c 0d 0a 20 20 20  20 20 20 20 20 20 20 30   11,..          0
b860	2e 30 31 32 38 31 39 33  30 39 37 31 38 39 30 36   .012819309718906
b870	38 38 2c 0d 0a 20 20 20  20 20 20 20 20 20 20 2d   88,..          -
b880	30 2e 30 35 32 33 37 30  35 31 34 37 32 30 36 37   0.05237051472067
b890	38 33 33 2c 0d 0a 20 20  20 20 20 20 20 20 20 20   833,..          
b8a0	30 2e 30 35 37 30 36 33  35 39 34 34 36 30 34 38   0.05706359446048
b8b0	37 33 36 36 2c 0d 0a 20  20 20 20 20 20 20 20 20   7366,..         
b8c0	20 2d 30 2e 30 35 30 39  33 30 35 38 39 34 33 37    -0.050930589437
b8d0	34 38 34 37 34 2c 0d 0a  20 20 20 20 20 20 20 20   48474,..        
b8e0	20 20 30 2e 30 31 30 30  35 32 37 39 31 37 39 36     0.010052791796
b8f0	36 32 34 36 36 2c 0d 0a  20 20 20 20 20 20 20 20   62466,..        
b900	20 20 30 2e 30 35 33 37  35 37 31 30 35 30 32 32     0.053757105022
b910	36 36 38 38 34 2c 0d 0a  20 20 20 20 20 20 20 20   66884,..        
b920	20 20 30 2e 30 31 30 38  31 39 34 31 37 34 32 34     0.010819417424
b930	34 39 39 39 38 39 2c 0d  0a 20 20 20 20 20 20 20   499989,..       
b940	20 20 20 30 2e 30 30 35  32 35 39 37 31 36 38 38      0.00525971688
b950	33 33 30 31 37 33 35 2c  0d 0a 20 20 20 20 20 20   3301735,..      
b960	20 20 20 20 2d 30 2e 30  31 30 37 32 36 30 38 38       -0.010726088
b970	36 35 37 39 37 35 31 39  37 2c 0d 0a 20 20 20 20   657975197,..    
b980	20 20 20 20 20 20 2d 30  2e 30 33 39 39 39 37 38         -0.0399978
b990	34 35 38 38 38 31 33 37  38 32 2c 0d 0a 20 20 20   4588813782,..   
b9a0	20 20 20 20 20 20 20 30  2e 30 32 37 33 30 35 31          0.0273051
b9b0	39 36 39 37 30 37 30 31  32 31 38 2c 0d 0a 20 20   96970701218,..  
b9c0	20 20 20 20 20 20 20 20  2d 30 2e 30 35 30 36 31           -0.05061
b9d0	30 36 30 39 33 35 32 35  38 38 36 35 34 2c 0d 0a   0609352588654,..
b9e0	20 20 20 20 20 20 20 20  20 20 2d 30 2e 30 31 33             -0.013
b9f0	37 31 39 32 36 31 36 32  33 39 31 39 30 31 2c 0d   71926162391901,.
ba00	0a 20 20 20 20 20 20 20  20 20 20 2d 30 2e 30 34   .          -0.04
ba10	36 31 33 30 38 34 37 31  38 35 38 35 30 31 34 2c   613084718585014,
ba20	0d 0a 20 20 20 20 20 20  20 20 20 20 30 2e 30 30   ..          0.00
ba30	36 31 30 36 33 33 37 39  39 38 30 36 32 33 37 32   6106337998062372
ba40	2c 0d 0a 20 20 20 20 20  20 20 20 20 20 2d 30 2e   ,..          -0.
ba50	30 33 30 34 32 35 30 32  38 38 37 35 34 37 30 31   0304250288754701
ba60	36 2c 0d 0a 20 20 20 20  20 20 20 20 20 20 2d 30   6,..          -0
ba70	2e 30 32 33 35 39 38 37  32 38 37 30 31 34 37 32   .023598728701472
ba80	32 38 32 2c 0d 0a 20 20  20 20 20 20 20 20 20 20   282,..          
ba90	2d 30 2e 30 36 34 31 30  33 32 31 35 39 33 32 38   -0.0641032159328
baa0	34 36 30 37 2c 0d 0a 20  20 20 20 20 20 20 20 20   4607,..         
bab0	20 2d 30 2e 30 32 30 32  36 35 35 37 35 34 39 38    -0.020265575498
bac0	33 34 32 35 31 34 2c 0d  0a 20 20 20 20 20 20 20   342514,..       
bad0	20 20 20 2d 30 2e 30 33  39 33 33 31 32 31 36 33      -0.0393312163
bae0	36 35 30 39 38 39 35 2c  0d 0a 20 20 20 20 20 20   6509895,..      
baf0	20 20 20 20 2d 30 2e 30  37 35 38 38 39 32 34 34       -0.075889244
bb00	36 37 35 36 33 36 32 39  2c 0d 0a 20 20 20 20 20   67563629,..     
bb10	20 20 20 20 20 2d 30 2e  30 37 32 32 36 32 37 37        -0.07226277
bb20	31 34 32 37 36 33 31 33  38 2c 0d 0a 20 20 20 20   142763138,..    
bb30	20 20 20 20 20 20 2d 30  2e 30 35 35 39 34 33 36         -0.0559436
bb40	35 32 39 38 37 34 38 30  31 36 34 2c 0d 0a 20 20   52987480164,..  
bb50	20 20 20 20 20 20 20 20  30 2e 30 31 34 39 39 39           0.014999
bb60	31 39 32 32 30 38 30 35  31 36 38 32 2c 0d 0a 20   192208051682,.. 
bb70	20 20 20 20 20 20 20 20  20 2d 30 2e 30 31 36 30            -0.0160
bb80	32 35 38 30 33 39 38 33  32 31 31 35 31 37 2c 0d   25803983211517,.
bb90	0a 20 20 20 20 20 20 20  20 20 20 2d 30 2e 30 30   .          -0.00
bba0	30 31 38 30 38 32 33 35  39 37 34 37 34 39 35 35   0180823597474955
bbb0	30 32 2c 0d 0a 20 20 20  20 20 20 20 20 20 20 2d   02,..          -
bbc0	30 2e 30 30 38 33 35 39  35 34 39 35 36 37 31 30   0.00835954956710
bbd0	33 33 38 36 2c 0d 0a 20  20 20 20 20 20 20 20 20   3386,..         
bbe0	20 2d 30 2e 30 34 34 31  30 34 32 39 32 39 38 38    -0.044104292988
bbf0	37 37 37 31 36 2c 0d 0a  20 20 20 20 20 20 20 20   77716,..        
bc00	20 20 30 2e 30 30 33 30  35 36 35 30 31 39 36 39     0.003056501969
bc10	36 39 35 30 39 31 32 2c  0d 0a 20 20 20 20 20 20   6950912,..      
bc20	20 20 20 20 30 2e 30 31  32 31 38 36 30 31 30 33       0.0121860103
bc30	36 38 31 36 38 33 35 34  2c 0d 0a 20 20 20 20 20   68168354,..     
bc40	20 20 20 20 20 2d 30 2e  30 30 36 38 38 36 32 39        -0.00688629
bc50	35 39 37 34 32 35 34 36  30 38 2c 0d 0a 20 20 20   5974254608,..   
bc60	20 20 20 20 20 20 20 30  2e 30 30 38 30 31 32 39          0.0080129
bc70	30 31 39 39 31 36 30 35  37 35 39 2c 0d 0a 20 20   01991605759,..  
bc80	20 20 20 20 20 20 20 20  30 2e 30 32 33 34 33 38           0.023438
bc90	37 33 36 37 39 36 33 37  39 30 39 2c 0d 0a 20 20   73679637909,..  
bca0	20 20 20 20 20 20 20 20  2d 30 2e 30 30 34 36 36           -0.00466
bcb0	36 34 31 35 35 30 38 38  33 36 35 30 38 2c 0d 0a   6415508836508,..
bcc0	20 20 20 20 20 20 20 20  20 20 30 2e 30 31 39 37             0.0197
bcd0	38 35 36 30 31 36 34 35  37 30 38 30 38 34 2c 0d   85601645708084,.
bce0	0a 20 20 20 20 20 20 20  20 20 20 30 2e 30 32 34   .          0.024
bcf0	32 31 32 30 32 38 38 33  31 32 34 33 35 31 35 2c   212028831243515,
bd00	0d 0a 20 20 20 20 20 20  20 20 20 20 2d 30 2e 30   ..          -0.0
bd10	31 37 32 39 32 34 30 32  36 38 34 36 38 38 35 36   1729240268468856
bd20	38 2c 0d 0a 20 20 20 20  20 20 20 20 20 20 2d 30   8,..          -0
bd30	2e 30 30 37 32 30 36 32  37 38 33 38 37 34 35 37   .007206278387457
bd40	31 33 32 2c 0d 0a 20 20  20 20 20 20 20 20 20 20   132,..          
bd50	30 2e 30 33 35 36 32 34  37 34 39 39 35 38 35 31   0.03562474995851
bd60	35 31 37 2c 0d 0a 20 20  20 20 20 20 20 20 20 20   517,..          
bd70	2d 30 2e 30 34 36 31 30  34 31 38 35 32 38 33 31   -0.0461041852831
bd80	38 34 30 35 2c 0d 0a 20  20 20 20 20 20 20 20 20   8405,..         
bd90	20 2d 30 2e 30 34 33 31  31 37 36 37 39 36 35 35    -0.043117679655
bda0	35 35 31 39 31 2c 0d 0a  20 20 20 20 20 20 20 20   55191,..        
bdb0	20 20 30 2e 30 37 30 32  38 39 35 34 34 37 36 31     0.070289544761
bdc0	31 38 30 38 38 2c 0d 0a  20 20 20 20 20 20 20 20   18088,..        
bdd0	20 20 2d 30 2e 30 32 36  30 37 38 35 39 34 38 34     -0.02607859484
bde0	38 35 31 33 36 30 33 2c  0d 0a 20 20 20 20 20 20   8513603,..      
bdf0	20 20 20 20 2d 30 2e 30  31 33 37 33 32 35 39 33       -0.013732593
be00	35 30 36 35 37 34 36 33  2c 0d 0a 20 20 20 20 20   50657463,..     
be10	20 20 20 20 20 2d 30 2e  30 30 34 36 39 36 34 31        -0.00469641
be20	33 38 37 34 36 32 36 31  36 2c 0d 0a 20 20 20 20   387462616,..    
be30	20 20 20 20 20 20 2d 30  2e 30 33 34 33 31 38 31         -0.0343181
be40	35 32 38 31 35 31 30 33  35 33 2c 0d 0a 20 20 20   5281510353,..   
be50	20 20 20 20 20 20 20 30  2e 30 34 34 38 37 37 35          0.0448775
be60	38 31 32 39 38 33 35 31  32 39 2c 0d 0a 20 20 20   8129835129,..   
be70	20 20 20 20 20 20 20 2d  30 2e 30 35 33 36 35 30          -0.053650
be80	34 34 32 35 31 30 38 34  33 32 38 2c 0d 0a 20 20   44251084328,..  
be90	20 20 20 20 20 20 20 20  30 2e 30 35 31 30 39 30           0.051090
bea0	35 38 33 32 30 35 32 32  33 30 38 33 2c 0d 0a 20   583205223083,.. 
beb0	20 20 20 20 20 20 20 20  20 2d 30 2e 30 31 34 31            -0.0141
bec0	33 32 35 37 32 33 33 37  39 38 35 30 33 39 2c 0d   32572337985039,.
bed0	0a 20 20 20 20 20 20 20  20 20 20 2d 30 2e 30 36   .          -0.06
bee0	32 37 36 39 39 34 39 34  33 36 31 38 37 37 34 2c   276994943618774,
bef0	0d 0a 20 20 20 20 20 20  20 20 20 20 2d 30 2e 30   ..          -0.0
bf00	31 36 33 35 39 31 31 38  37 34 34 37 33 30 39 35   1635911874473095
bf10	2c 0d 0a 20 20 20 20 20  20 20 20 20 20 30 2e 30   ,..          0.0
bf20	37 31 31 39 36 31 36 38  36 36 31 31 31 37 35 35   7119616866111755
bf30	2c 0d 0a 20 20 20 20 20  20 20 20 20 20 2d 30 2e   ,..          -0.
bf40	30 30 34 39 31 39 37 33  35 32 34 39 31 33 31 39   0049197352491319
bf50	31 38 2c 0d 0a 20 20 20  20 20 20 20 20 20 20 30   18,..          0
bf60	2e 30 33 33 38 39 31 35  30 36 34 39 33 30 39 31   .033891506493091
bf70	35 38 2c 0d 0a 20 20 20  20 20 20 20 20 20 20 2d   58,..          -
bf80	30 2e 30 31 35 30 32 35  38 35 37 38 33 36 30 30   0.01502585783600
bf90	38 30 37 32 2c 0d 0a 20  20 20 20 20 20 20 20 20   8072,..         
bfa0	20 2d 30 2e 30 30 38 32  30 36 32 32 35 30 30 30    -0.008206225000
bfb0	33 32 31 38 36 35 2c 0d  0a 20 20 20 20 20 20 20   321865,..       
bfc0	20 20 20 30 2e 30 36 32  31 38 33 33 31 36 37 39      0.06218331679
bfd0	37 30 31 38 30 35 2c 0d  0a 20 20 20 20 20 20 20   701805,..       
bfe0	20 20 20 2d 30 2e 30 32  32 39 34 35 34 33 30 31      -0.0229454301
bff0	32 39 37 36 36 34 36 34  2c 0d 0a 20 20 20 20 20   29766464,..     
c000	20 20 20 20 20 2d 30 2e  30 32 39 30 36 35 31 30        -0.02906510
c010	30 34 37 36 31 34 35 37  34 34 2c 0d 0a 20 20 20   0476145744,..   
c020	20 20 20 20 20 20 20 30  2e 30 32 34 35 35 38 36          0.0245586
c030	37 38 32 36 39 33 38 36  32 39 2c 0d 0a 20 20 20   7826938629,..   
c040	20 20 20 20 20 20 20 30  2e 30 31 35 31 39 39 31          0.0151991
c050	38 31 36 32 33 37 35 36  38 38 36 2c 0d 0a 20 20   81623756886,..  
c060	20 20 20 20 20 20 20 20  30 2e 30 35 31 34 31 30           0.051410
c070	35 36 33 32 39 30 31 31  39 31 37 2c 0d 0a 20 20   56329011917,..  
c080	20 20 20 20 20 20 20 20  2d 30 2e 30 34 35 38 39           -0.04589
c090	30 38 36 30 32 35 39 35  33 32 39 33 2c 0d 0a 20   086025953293,.. 
c0a0	20 20 20 20 20 20 20 20  20 2d 30 2e 30 36 33 39            -0.0639
c0b0	39 36 35 35 33 34 32 31  30 32 30 35 31 2c 0d 0a   9655342102051,..
c0c0	20 20 20 20 20 20 20 20  20 20 30 2e 30 30 39 35             0.0095
c0d0	34 36 31 35 32 33 31 36  30 33 33 38 34 2c 0d 0a   4615231603384,..
c0e0	20 20 20 20 20 20 20 20  20 20 30 2e 30 31 37 34             0.0174
c0f0	36 35 37 32 35 35 34 31  31 31 34 38 30 37 2c 0d   65725541114807,.
c100	0a 20 20 20 20 20 20 20  20 20 20 2d 30 2e 30 33   .          -0.03
c110	30 36 31 31 36 38 34 35  34 35 38 37 34 35 39 36   0611684545874596
c120	2c 0d 0a 20 20 20 20 20  20 20 20 20 20 2d 30 2e   ,..          -0.
c130	30 33 34 32 31 31 34 39  30 33 30 33 32 37 37 39   0342114903032779
c140	37 2c 0d 0a 20 20 20 20  20 20 20 20 20 20 30 2e   7,..          0.
c150	30 35 36 37 39 36 39 34  31 39 30 36 32 31 33 37   0567969419062137
c160	36 2c 0d 0a 20 20 20 20  20 20 20 20 20 20 2d 30   6,..          -0
c170	2e 30 31 31 33 36 36 30  35 34 34 31 35 37 30 32   .011366054415702
c180	38 32 2c 0d 0a 20 20 20  20 20 20 20 20 20 20 30   82,..          0
c190	2e 30 30 35 35 38 39 36  39 38 39 30 36 39 38 37   .005589698906987
c1a0	39 30 35 35 2c 0d 0a 20  20 20 20 20 20 20 20 20   9055,..         
c1b0	20 2d 30 2e 30 31 37 38  33 39 30 33 38 37 34 34    -0.017839038744
c1c0	35 36 38 38 32 35 2c 0d  0a 20 20 20 20 20 20 20   568825,..       
c1d0	20 20 20 2d 30 2e 30 33  31 36 37 38 32 39 32 39      -0.0316782929
c1e0	30 30 33 32 33 38 37 2c  0d 0a 20 20 20 20 20 20   0032387,..      
c1f0	20 20 20 20 2d 30 2e 30  33 36 34 32 34 37 30 33       -0.036424703
c200	38 39 36 30 34 35 36 38  35 2c 0d 0a 20 20 20 20   896045685,..    
c210	20 20 20 20 20 20 2d 30  2e 30 31 34 39 39 39 31         -0.0149991
c220	39 32 32 30 38 30 35 31  36 38 32 2c 0d 0a 20 20   92208051682,..  
c230	20 20 20 20 20 20 20 20  2d 30 2e 30 33 31 34 33           -0.03143
c240	38 33 30 35 39 37 34 30  30 36 36 35 2c 0d 0a 20   830597400665,.. 
c250	20 20 20 20 20 20 20 20  20 30 2e 30 35 33 39 34            0.05394
c260	33 37 36 30 36 39 33 30  37 33 32 37 2c 0d 0a 20   376069307327,.. 
c270	20 20 20 20 20 20 20 20  20 2d 30 2e 30 32 35 33            -0.0253
c280	33 31 39 36 38 34 34 31  36 30 35 35 36 38 2c 0d   31968441605568,.
c290	0a 20 20 20 20 20 20 20  20 20 20 2d 30 2e 30 33   .          -0.03
c2a0	31 34 39 31 36 33 37 32  32 39 39 31 39 34 33 34   1491637229919434
c2b0	2c 0d 0a 20 20 20 20 20  20 20 20 20 20 2d 30 2e   ,..          -0.
c2c0	30 35 31 35 37 30 35 35  37 30 35 37 38 35 37 35   0515705570578575
c2d0	31 2c 0d 0a 20 20 20 20  20 20 20 20 20 20 2d 30   1,..          -0
c2e0	2e 30 32 33 36 32 35 33  39 34 33 32 39 34 32 38   .023625394329428
c2f0	36 37 33 2c 0d 0a 20 20  20 20 20 20 20 20 20 20   673,..          
c300	30 2e 31 32 31 38 30 36  37 37 30 35 36 33 31 32   0.12180677056312
c310	35 36 31 2c 0d 0a 20 20  20 20 20 20 20 20 20 20   561,..          
c320	2d 30 2e 30 31 37 31 37  32 34 30 39 32 32 31 35   -0.0171724092215
c330	32 39 39 36 2c 0d 0a 20  20 20 20 20 20 20 20 20   2996,..         
c340	20 2d 30 2e 30 33 33 36  35 31 35 31 39 35 36 36    -0.033651519566
c350	37 37 34 33 37 2c 0d 0a  20 20 20 20 20 20 20 20   77437,..        
c360	20 20 2d 30 2e 30 32 36  35 39 38 35 36 37 31 34     -0.02659856714
c370	33 30 38 32 36 32 2c 0d  0a 20 20 20 20 20 20 20   308262,..       
c380	20 20 20 2d 30 2e 30 31  37 32 33 39 30 37 31 34      -0.0172390714
c390	32 38 37 37 35 37 38 37  2c 0d 0a 20 20 20 20 20   28775787,..     
c3a0	20 20 20 20 20 30 2e 30  37 38 35 35 35 37 37 30        0.078555770
c3b0	32 31 38 33 37 32 33 34  2c 0d 0a 20 20 20 20 20   21837234,..     
c3c0	20 20 20 20 20 2d 30 2e  30 32 32 30 39 32 31 34        -0.02209214
c3d0	33 30 37 33 36 37 38 30  31 37 2c 0d 0a 20 20 20   3073678017,..   
c3e0	20 20 20 20 20 20 20 30  2e 30 35 35 38 39 30 33          0.0558903
c3f0	32 31 37 33 31 35 36 37  33 38 2c 0d 0a 20 20 20   2173156738,..   
c400	20 20 20 20 20 20 20 2d  30 2e 30 30 30 37 35 34          -0.000754
c410	35 34 32 37 30 36 39 39  39 39 32 37 38 2c 0d 0a   5427069999278,..
c420	20 20 20 20 20 20 20 20  20 20 2d 30 2e 30 31 31             -0.011
c430	34 34 36 30 35 30 33 36  38 32 34 39 34 31 36 2c   446050368249416,
c440	0d 0a 20 20 20 20 20 20  20 20 20 20 2d 30 2e 30   ..          -0.0
c450	30 31 39 38 34 38 39 33  31 31 31 35 31 32 30 36   0198489311151206
c460	35 2c 0d 0a 20 20 20 20  20 20 20 20 20 20 2d 30   5,..          -0
c470	2e 30 33 31 35 34 34 39  36 38 34 38 35 38 33 32   .031544968485832
c480	32 31 34 2c 0d 0a 20 20  20 20 20 20 20 20 20 20   214,..          
c490	30 2e 30 33 33 30 39 31  35 35 32 35 35 35 35 36   0.03309155255556
c4a0	31 30 36 36 2c 0d 0a 20  20 20 20 20 20 20 20 20   1066,..         
c4b0	20 30 2e 30 35 37 39 37  30 32 31 30 39 30 39 38    0.0579702109098
c4c0	34 33 34 34 35 2c 0d 0a  20 20 20 20 20 20 20 20   43445,..        
c4d0	20 20 2d 30 2e 30 31 34  39 37 32 35 32 36 35 38     -0.01497252658
c4e0	30 30 39 35 32 39 31 2c  0d 0a 20 20 20 20 20 20   0095291,..      
c4f0	20 20 20 20 30 2e 30 32  34 36 39 32 30 30 32 36       0.0246920026
c500	38 33 38 37 37 39 34 35  2c 0d 0a 20 20 20 20 20   83877945,..     
c510	20 20 20 20 20 2d 30 2e  30 31 32 35 37 32 36 35        -0.01257265
c520	36 33 38 35 36 30 30 35  36 37 2c 0d 0a 20 20 20   6385600567,..   
c530	20 20 20 20 20 20 20 2d  30 2e 30 33 38 39 33 31          -0.038931
c540	32 33 35 36 37 31 30 34  33 33 39 36 2c 0d 0a 20   235671043396,.. 
c550	20 20 20 20 20 20 20 20  20 2d 30 2e 30 34 38 38            -0.0488
c560	35 30 37 30 33 39 38 34  34 39 38 39 38 2c 0d 0a   5070398449898,..
c570	20 20 20 20 20 20 20 20  20 20 2d 30 2e 32 38 38             -0.288
c580	34 31 31 31 34 30 34 34  31 38 39 34 35 33 2c 0d   41114044189453,.
c590	0a 20 20 20 20 20 20 20  20 20 20 30 2e 30 34 30   .          0.040
c5a0	31 30 34 35 30 38 33 39  39 39 36 33 33 38 2c 0d   10450839996338,.
c5b0	0a 20 20 20 20 20 20 20  20 20 20 30 2e 30 31 33   .          0.013
c5c0	33 33 39 32 38 32 30 31  33 34 37 35 38 39 35 2c   339282013475895,
c5d0	0d 0a 20 20 20 20 20 20  20 20 20 20 2d 30 2e 30   ..          -0.0
c5e0	33 30 39 33 31 36 36 38  33 35 36 30 36 30 39 38   3093166835606098
c5f0	32 2c 0d 0a 20 20 20 20  20 20 20 20 20 20 30 2e   2,..          0.
c600	30 31 35 33 31 39 31 37  35 30 38 36 39 31 35 34   0153191750869154
c610	39 33 2c 0d 0a 20 20 20  20 20 20 20 20 20 20 2d   93,..          -
c620	30 2e 30 32 33 38 35 32  30 34 38 34 34 31 37 36   0.02385204844176
c630	37 36 39 33 2c 0d 0a 20  20 20 20 20 20 20 20 20   7693,..         
c640	20 2d 30 2e 30 30 36 32  32 39 36 36 34 36 36 34    -0.006229664664
c650	37 31 35 35 32 38 35 2c  0d 0a 20 20 20 20 20 20   7155285,..      
c660	20 20 20 20 30 2e 30 31  30 35 33 32 37 36 35 36       0.0105327656
c670	34 39 32 35 39 30 39 2c  0d 0a 20 20 20 20 20 20   4925909,..      
c680	20 20 20 20 30 2e 31 30  36 38 37 34 32 34 32 34       0.1068742424
c690	32 34 39 36 34 39 2c 0d  0a 20 20 20 20 20 20 20   249649,..       
c6a0	20 20 20 2d 30 2e 30 30  35 37 38 33 30 32 31 39      -0.0057830219
c6b0	31 35 37 30 34 30 31 32  2c 0d 0a 20 20 20 20 20   15704012,..     
c6c0	20 20 20 20 20 30 2e 30  31 38 34 32 35 36 37 35        0.018425675
c6d0	31 30 39 30 32 38 38 31  36 2c 0d 0a 20 20 20 20   109028816,..    
c6e0	20 20 20 20 20 20 30 2e  30 30 38 36 39 39 35 33         0.00869953
c6f0	31 36 36 36 39 33 34 34  39 2c 0d 0a 20 20 20 20   166693449,..    
c700	20 20 20 20 20 20 30 2e  30 30 33 32 39 33 31 35         0.00329315
c710	35 39 32 35 33 34 38 34  30 31 2c 0d 0a 20 20 20   5925348401,..   
c720	20 20 20 20 20 20 20 30  2e 30 31 34 38 36 35 38          0.0148658
c730	36 35 39 33 30 39 31 34  38 37 39 2c 0d 0a 20 20   65930914879,..  
c740	20 20 20 20 20 20 20 20  30 2e 30 36 35 37 35 36           0.065756
c750	34 35 35 30 36 33 38 31  39 38 39 2c 0d 0a 20 20   45506381989,..  
c760	20 20 20 20 20 20 20 20  30 2e 30 33 31 32 37 38           0.031278
c770	33 31 35 39 33 31 35 35  38 36 31 2c 0d 0a 20 20   31593155861,..  
c780	20 20 20 20 20 20 20 20  30 2e 30 39 31 39 39 35           0.091995
c790	30 34 35 35 34 32 37 31  36 39 38 2c 0d 0a 20 20   04554271698,..  
c7a0	20 20 20 20 20 20 20 20  30 2e 30 32 32 36 35 32           0.022652
c7b0	31 31 33 38 31 30 31 38  31 36 31 38 2c 0d 0a 20   113810181618,.. 
c7c0	20 20 20 20 20 20 20 20  20 30 2e 30 33 35 33 35            0.03535
c7d0	38 30 39 37 34 30 34 32  34 31 35 36 2c 0d 0a 20   809740424156,.. 
c7e0	20 20 20 20 20 20 20 20  20 30 2e 30 31 31 30 34            0.01104
c7f0	36 30 37 31 35 33 36 38  33 39 30 30 38 2c 0d 0a   6071536839008,..
c800	20 20 20 20 20 20 20 20  20 20 2d 30 2e 30 34 30             -0.040
c810	35 30 34 34 38 35 33 36  38 37 32 38 36 34 2c 0d   50448536872864,.
c820	0a 20 20 20 20 20 20 20  20 20 20 30 2e 30 36 35   .          0.065
c830	37 30 33 31 33 31 32 35  38 34 38 37 37 2c 0d 0a   7031312584877,..
c840	20 20 20 20 20 20 20 20  20 20 2d 30 2e 30 35 38             -0.058
c850	39 33 30 31 35 38 36 31  35 31 31 32 33 30 35 2c   930158615112305,
c860	0d 0a 20 20 20 20 20 20  20 20 20 20 2d 30 2e 30   ..          -0.0
c870	31 39 35 38 35 36 31 31  32 39 38 36 38 30 33 30   1958561129868030
c880	35 2c 0d 0a 20 20 20 20  20 20 20 20 20 20 2d 30   5,..          -0
c890	2e 30 35 30 39 33 30 35  38 39 34 33 37 34 38 34   .050930589437484
c8a0	37 34 2c 0d 0a 20 20 20  20 20 20 20 20 20 20 2d   74,..          -
c8b0	30 2e 30 30 32 36 32 33  31 39 32 30 33 34 36 36   0.00262319203466
c8c0	31 37 37 2c 0d 0a 20 20  20 20 20 20 20 20 20 20   177,..          
c8d0	30 2e 31 35 30 36 30 35  32 31 36 36 32 32 33 35   0.15060521662235
c8e0	32 36 2c 0d 0a 20 20 20  20 20 20 20 20 20 20 30   26,..          0
c8f0	2e 30 31 32 34 30 35 39  39 39 30 30 34 38 34 30   .012405999004840
c900	38 35 2c 0d 0a 20 20 20  20 20 20 20 20 20 20 30   85,..          0
c910	2e 30 33 37 32 32 34 36  36 31 35 35 38 38 36 36   .037224661558866
c920	35 2c 0d 0a 20 20 20 20  20 20 20 20 20 20 30 2e   5,..          0.
c930	30 36 33 35 31 36 35 37  39 35 36 38 33 38 36 30   0635165795683860
c940	38 2c 0d 0a 20 20 20 20  20 20 20 20 20 20 30 2e   8,..          0.
c950	30 37 34 30 37 36 30 31  31 37 37 36 39 32 34 31   0740760117769241
c960	33 2c 0d 0a 20 20 20 20  20 20 20 20 20 20 2d 30   3,..          -0
c970	2e 30 32 32 38 35 32 31  30 32 32 39 34 35 36 34   .022852102294564
c980	32 34 37 2c 0d 0a 20 20  20 20 20 20 20 20 20 20   247,..          
c990	2d 30 2e 30 36 39 35 34  32 39 32 32 30 37 39 35   -0.0695429220795
c9a0	36 33 31 34 2c 0d 0a 20  20 20 20 20 20 20 20 20   6314,..         
c9b0	20 2d 30 2e 31 30 37 36  37 34 32 30 33 38 31 33    -0.107674203813
c9c0	30 37 36 30 32 2c 0d 0a  20 20 20 20 20 20 20 20   07602,..        
c9d0	20 20 30 2e 30 38 37 35  36 38 36 31 38 33 35 37     0.087568618357
c9e0	31 38 31 35 35 2c 0d 0a  20 20 20 20 20 20 20 20   18155,..        
c9f0	20 20 30 2e 30 34 32 32  31 31 30 35 39 34 38 30     0.042211059480
ca00	39 30 35 35 33 2c 0d 0a  20 20 20 20 20 20 20 20   90553,..        
ca10	20 20 30 2e 30 30 34 30  34 39 37 38 31 37 30 39     0.004049781709
ca20	39 30 39 34 33 39 2c 0d  0a 20 20 20 20 20 20 20   909439,..       
ca30	20 20 20 2d 30 2e 30 33  35 30 39 31 34 34 34 38      -0.0350914448
ca40	34 39 39 36 37 39 36 2c  0d 0a 20 20 20 20 20 20   4996796,..      
ca50	20 20 20 20 2d 30 2e 30  30 36 39 32 36 32 39 33       -0.006926293
ca60	34 38 34 38 36 36 36 31  39 2c 0d 0a 20 20 20 20   484866619,..    
ca70	20 20 20 20 20 20 30 2e  30 32 35 39 39 38 35 39         0.02599859
ca80	39 38 32 37 32 38 39 35  38 2c 0d 0a 20 20 20 20   982728958,..    
ca90	20 20 20 20 20 20 30 2e  30 33 38 35 38 34 35 38         0.03858458
caa0	39 39 35 38 31 39 30 39  32 2c 0d 0a 20 20 20 20   995819092,..    
cab0	20 20 20 20 20 20 30 2e  30 34 38 31 38 34 30 37         0.04818407
cac0	30 37 33 36 31 36 39 38  31 35 2c 0d 0a 20 20 20   0736169815,..   
cad0	20 20 20 20 20 20 20 2d  30 2e 30 37 33 35 34 32          -0.073542
cae0	37 30 36 36 36 38 33 37  36 39 32 2c 0d 0a 20 20   70666837692,..  
caf0	20 20 20 20 20 20 20 20  2d 30 2e 30 32 32 30 32           -0.02202
cb00	35 34 38 30 38 36 36 34  33 32 31 39 2c 0d 0a 20   548086643219,.. 
cb10	20 20 20 20 20 20 20 20  20 2d 30 2e 30 32 38 31            -0.0281
cb20	35 38 34 38 34 30 32 36  37 38 39 36 36 35 2c 0d   58484026789665,.
cb30	0a 20 20 20 20 20 20 20  20 20 20 30 2e 30 31 32   .          0.012
cb40	37 33 39 33 31 33 37 36  36 33 36 30 32 38 33 2c   739313766360283,
cb50	0d 0a 20 20 20 20 20 20  20 20 20 20 30 2e 30 30   ..          0.00
cb60	32 30 37 31 35 35 35 30  30 35 33 38 36 34 37 31   2071555005386471
cb70	37 2c 0d 0a 20 20 20 20  20 20 20 20 20 20 30 2e   7,..          0.
cb80	30 32 32 37 34 35 34 34  31 36 34 35 33 38 33 38   0227454416453838
cb90	33 35 2c 0d 0a 20 20 20  20 20 20 20 20 20 20 2d   35,..          -
cba0	30 2e 30 36 37 36 37 36  33 35 37 39 32 34 39 33   0.06767635792493
cbb0	38 32 2c 0d 0a 20 20 20  20 20 20 20 20 20 20 30   82,..          0
cbc0	2e 30 35 31 38 39 30 35  33 37 31 34 32 37 35 33   .051890537142753
cbd0	36 2c 0d 0a 20 20 20 20  20 20 20 20 20 20 30 2e   6,..          0.
cbe0	30 33 39 39 34 34 35 31  34 36 33 32 32 32 35 30   0399445146322250
cbf0	34 2c 0d 0a 20 20 20 20  20 20 20 20 20 20 2d 30   4,..          -0
cc00	2e 30 31 30 35 36 36 30  39 37 36 38 34 32 30 34   .010566097684204
cc10	35 37 38 2c 0d 0a 20 20  20 20 20 20 20 20 20 20   578,..          
cc20	2d 30 2e 30 37 31 38 38  39 34 36 30 30 38 36 38   -0.0718894600868
cc30	32 32 35 31 2c 0d 0a 20  20 20 20 20 20 20 20 20   2251,..         
cc40	20 30 2e 30 33 37 37 30  34 36 33 35 34 31 31 35    0.0377046354115
cc50	30 30 39 33 2c 0d 0a 20  20 20 20 20 20 20 20 20   0093,..         
cc60	20 2d 30 2e 30 35 31 31  39 37 32 34 31 39 39 31    -0.051197241991
cc70	37 35 38 33 35 2c 0d 0a  20 20 20 20 20 20 20 20   75835,..        
cc80	20 20 2d 30 2e 30 30 31  30 32 35 37 37 38 31 32     -0.00102577812
cc90	35 30 34 30 32 33 33 31  2c 0d 0a 20 20 20 20 20   50402331,..     
cca0	20 20 20 20 20 2d 30 2e  30 31 35 31 39 39 31 38        -0.01519918
ccb0	31 36 32 33 37 35 36 38  38 36 2c 0d 0a 20 20 20   1623756886,..   
ccc0	20 20 20 20 20 20 20 2d  30 2e 30 31 36 34 39 32          -0.016492
ccd0	34 34 35 30 32 31 38 36  37 37 35 32 2c 0d 0a 20   445021867752,.. 
cce0	20 20 20 20 20 20 20 20  20 30 2e 30 31 31 33 39            0.01139
ccf0	39 33 38 36 34 35 30 36  34 38 33 30 38 2c 0d 0a   9386450648308,..
cd00	20 20 20 20 20 20 20 20  20 20 30 2e 30 33 32 31             0.0321
cd10	38 34 39 33 32 33 38 30  39 31 34 36 39 2c 0d 0a   8493238091469,..
cd20	20 20 20 20 20 20 20 20  20 20 30 2e 30 31 38 39             0.0189
cd30	31 38 39 38 31 37 37 35  36 34 31 34 34 2c 0d 0a   1898177564144,..
cd40	20 20 20 20 20 20 20 20  20 20 2d 30 2e 30 30 31             -0.001
cd50	33 31 34 39 32 39 32 32  30 38 32 35 34 33 33 37   3149292208254337
cd60	2c 0d 0a 20 20 20 20 20  20 20 20 20 20 30 2e 30   ,..          0.0
cd70	36 35 38 30 39 37 38 36  33 31 39 37 33 32 36 37   6580978631973267
cd80	2c 0d 0a 20 20 20 20 20  20 20 20 20 20 2d 30 2e   ,..          -0.
cd90	30 31 30 34 38 36 31 30  31 37 33 31 36 35 37 39   0104861017316579
cda0	38 32 2c 0d 0a 20 20 20  20 20 20 20 20 20 20 30   82,..          0
cdb0	2e 30 33 39 30 36 34 35  36 33 38 31 30 38 32 35   .039064563810825
cdc0	33 35 2c 0d 0a 20 20 20  20 20 20 20 20 20 20 2d   35,..          -
cdd0	30 2e 30 31 33 32 34 35  39 35 33 32 34 36 39 35   0.01324595324695
cde0	31 31 30 33 2c 0d 0a 20  20 20 20 20 20 20 20 20   1103,..         
cdf0	20 30 2e 30 32 33 32 32  35 34 31 35 34 39 38 30    0.0232254154980
ce00	31 38 32 36 35 2c 0d 0a  20 20 20 20 20 20 20 20   18265,..        
ce10	20 20 2d 30 2e 30 30 32  37 31 34 38 35 33 37 33     -0.00271485373
ce20	33 37 37 38 2c 0d 0a 20  20 20 20 20 20 20 20 20   3778,..         
ce30	20 30 2e 30 30 35 35 33  39 37 30 31 37 38 35 38    0.0055397017858
ce40	39 32 32 34 38 2c 0d 0a  20 20 20 20 20 20 20 20   92248,..        
ce50	20 20 30 2e 30 38 38 36  38 38 35 35 39 38 33 30     0.088688559830
ce60	31 38 38 37 35 2c 0d 0a  20 20 20 20 20 20 20 20   18875,..        
ce70	20 20 2d 30 2e 30 35 35  35 31 37 30 31 30 33 39     -0.05551701039
ce80	30 37 35 38 35 31 34 2c  0d 0a 20 20 20 20 20 20   0758514,..      
ce90	20 20 20 20 30 2e 30 31  32 38 38 35 39 37 32 38       0.0128859728
cea0	35 37 34 37 35 32 38 2c  0d 0a 20 20 20 20 20 20   5747528,..      
ceb0	20 20 20 20 30 2e 30 30  33 35 32 39 38 30 39 38       0.0035298098
cec0	38 31 30 30 31 37 31 31  2c 0d 0a 20 20 20 20 20   81001711,..     
ced0	20 20 20 20 20 30 2e 30  31 32 36 38 35 39 38 33        0.012685983
cee0	34 34 31 37 37 30 30 37  37 2c 0d 0a 20 20 20 20   441770077,..    
cef0	20 20 20 20 20 20 30 2e  30 37 36 36 33 35 38 37         0.07663587
cf00	34 38 30 37 38 33 34 36  33 2c 0d 0a 20 20 20 20   480783463,..    
cf10	20 20 20 20 20 20 2d 30  2e 30 37 37 37 30 32 34         -0.0777024
cf20	38 35 30 32 34 39 32 39  30 35 2c 0d 0a 20 20 20   8502492905,..   
cf30	20 20 20 20 20 20 20 30  2e 30 31 33 31 39 32 36          0.0131926
cf40	32 32 39 32 32 33 36 30  38 39 37 2c 0d 0a 20 20   22922360897,..  
cf50	20 20 20 20 20 20 20 20  30 2e 30 31 31 37 33 39           0.011739
cf60	33 36 37 36 31 39 31 35  36 38 33 37 2c 0d 0a 20   367619156837,.. 
cf70	20 20 20 20 20 20 20 20  20 30 2e 30 30 32 32 31            0.00221
cf80	34 38 38 30 36 36 30 31  37 36 32 37 37 2c 0d 0a   4880660176277,..
cf90	20 20 20 20 20 20 20 20  20 20 2d 30 2e 30 33 32             -0.032
cfa0	35 33 31 35 38 31 38 31  39 30 35 37 34 36 35 2c   531581819057465,
cfb0	0d 0a 20 20 20 20 20 20  20 20 20 20 30 2e 30 32   ..          0.02
cfc0	30 30 35 32 32 35 34 31  39 39 39 38 31 36 39 2c   005225419998169,
cfd0	0d 0a 20 20 20 20 20 20  20 20 20 20 2d 30 2e 30   ..          -0.0
cfe0	37 39 34 30 39 30 35 35  34 31 31 38 31 35 36 34   7940905541181564
cff0	2c 0d 0a 20 20 20 20 20  20 20 20 20 20 30 2e 30   ,..          0.0
d000	35 35 37 33 30 33 33 31  36 38 39 31 31 39 33 34   5573033168911934
d010	2c 0d 0a 20 20 20 20 20  20 20 20 20 20 30 2e 30   ,..          0.0
d020	34 31 34 33 37 37 36 37  34 34 36 30 34 31 31 31   4143776744604111
d030	2c 0d 0a 20 20 20 20 20  20 20 20 20 20 30 2e 30   ,..          0.0
d040	31 31 30 35 39 34 30 34  33 35 30 38 31 37 32 30   1105940435081720
d050	34 2c 0d 0a 20 20 20 20  20 20 20 20 20 20 2d 30   4,..          -0
d060	2e 30 34 32 32 39 31 30  35 36 33 36 34 37 37 34   .042291056364774
d070	37 30 34 2c 0d 0a 20 20  20 20 20 20 20 20 20 20   704,..          
d080	30 2e 30 32 33 37 39 38  37 31 39 30 34 38 35 30   0.02379871904850
d090	30 30 36 2c 0d 0a 20 20  20 20 20 20 20 20 20 20   006,..          
d0a0	2d 30 2e 30 32 36 36 35  31 38 39 38 33 39 38 39   -0.0266518983989
d0b0	39 35 34 2c 0d 0a 20 20  20 20 20 20 20 20 20 20   954,..          
d0c0	30 2e 30 35 31 31 31 37  32 34 38 38 33 33 31 37   0.05111724883317
d0d0	39 34 37 34 2c 0d 0a 20  20 20 20 20 20 20 20 20   9474,..         
d0e0	20 30 2e 30 30 38 38 39  32 38 35 34 36 37 35 36    0.0088928546756
d0f0	35 30 35 39 37 2c 0d 0a  20 20 20 20 20 20 20 20   50597,..        
d100	20 20 2d 30 2e 30 30 35  30 34 36 33 39 35 31 31     -0.00504639511
d110	39 32 37 39 36 32 33 2c  0d 0a 20 20 20 20 20 20   9279623,..      
d120	20 20 20 20 30 2e 30 35  34 32 36 33 37 34 34 35       0.0542637445
d130	30 33 32 35 39 36 36 2c  0d 0a 20 20 20 20 20 20   0325966,..      
d140	20 20 20 20 2d 30 2e 30  33 30 35 33 31 36 38 39       -0.030531689
d150	35 32 34 36 35 30 35 37  34 2c 0d 0a 20 20 20 20   524650574,..    
d160	20 20 20 20 20 20 30 2e  30 30 35 31 37 39 37 32         0.00517972
d170	30 39 33 30 37 35 35 31  33 38 2c 0d 0a 20 20 20   0930755138,..   
d180	20 20 20 20 20 20 20 30  2e 30 34 34 30 35 30 39          0.0440509
d190	36 31 37 33 32 38 36 34  33 38 2c 0d 0a 20 20 20   6173286438,..   
d1a0	20 20 20 20 20 20 20 2d  30 2e 30 30 34 38 30 36          -0.004806
d1b0	34 30 37 37 32 37 33 30  31 31 32 31 2c 0d 0a 20   407727301121,.. 
d1c0	20 20 20 20 20 20 20 20  20 2d 30 2e 32 39 32 30            -0.2920
d1d0	33 37 36 30 36 32 33 39  33 31 38 38 35 2c 0d 0a   3760623931885,..
d1e0	20 20 20 20 20 20 20 20  20 20 2d 30 2e 30 31 35             -0.015
d1f0	36 36 35 38 32 33 35 39  33 37 33 35 36 39 35 2c   665823593735695,
d200	0d 0a 20 20 20 20 20 20  20 20 20 20 2d 30 2e 30   ..          -0.0
d210	31 33 38 35 32 35 38 36  39 36 39 37 33 33 32 33   1385258696973323
d220	38 2c 0d 0a 20 20 20 20  20 20 20 20 20 20 30 2e   8,..          0.
d230	30 35 32 31 35 37 31 38  39 36 39 37 30 32 37 32   0521571896970272
d240	30 36 2c 0d 0a 20 20 20  20 20 20 20 20 20 20 2d   06,..          -
d250	30 2e 30 33 37 38 33 37  39 36 33 35 35 31 32 38   0.03783796355128
d260	32 38 38 2c 0d 0a 20 20  20 20 20 20 20 20 20 20   288,..          
d270	30 2e 30 34 34 35 35 37  36 30 31 32 31 33 34 35   0.04455760121345
d280	35 32 2c 0d 0a 20 20 20  20 20 20 20 20 20 20 30   52,..          0
d290	2e 30 34 36 33 37 30 38  33 37 38 33 37 34 35 37   .046370837837457
d2a0	36 36 2c 0d 0a 20 20 20  20 20 20 20 20 20 20 30   66,..          0
d2b0	2e 30 36 34 35 32 39 38  35 38 35 32 39 35 36 37   .064529858529567
d2c0	37 32 2c 0d 0a 20 20 20  20 20 20 20 20 20 20 2d   72,..          -
d2d0	30 2e 30 38 35 33 38 32  30 36 36 36 36 37 30 37   0.08538206666707
d2e0	39 39 33 2c 0d 0a 20 20  20 20 20 20 20 20 20 20   993,..          
d2f0	2d 30 2e 30 31 36 31 39  39 31 32 36 38 33 39 36   -0.0161991268396
d300	33 37 37 35 36 2c 0d 0a  20 20 20 20 20 20 20 20   37756,..        
d310	20 20 30 2e 30 33 31 36  37 38 32 39 32 39 30 30     0.031678292900
d320	33 32 33 38 37 2c 0d 0a  20 20 20 20 20 20 20 20   32387,..        
d330	20 20 30 2e 30 34 36 32  36 34 31 37 35 33 32 35     0.046264175325
d340	36 33 32 30 39 35 2c 0d  0a 20 20 20 20 20 20 20   632095,..       
d350	20 20 20 2d 30 2e 30 30  30 39 34 36 36 31 35 37      -0.0009466157
d360	30 36 31 39 37 39 31 37  35 2c 0d 0a 20 20 20 20   061979175,..    
d370	20 20 20 20 20 20 2d 30  2e 30 31 37 36 39 32 33         -0.0176923
d380	37 39 36 35 33 34 35 33  38 32 37 2c 0d 0a 20 20   79653453827,..  
d390	20 20 20 20 20 20 20 20  2d 30 2e 30 33 38 31 30           -0.03810
d3a0	34 36 31 36 31 30 35 35  35 36 34 39 2c 0d 0a 20   461610555649,.. 
d3b0	20 20 20 20 20 20 20 20  20 2d 30 2e 30 30 30 39            -0.0009
d3c0	37 33 32 38 30 39 32 36  37 30 30 36 38 31 34 2c   732809267006814,
d3d0	0d 0a 20 20 20 20 20 20  20 20 20 20 2d 30 2e 30   ..          -0.0
d3e0	33 30 33 34 35 30 33 31  39 39 31 36 30 30 39 39   3034503199160099
d3f0	2c 0d 0a 20 20 20 20 20  20 20 20 20 20 30 2e 30   ,..          0.0
d400	31 37 35 31 39 30 35 36  37 39 37 30 32 37 35 38   1751905679702758
d410	38 2c 0d 0a 20 20 20 20  20 20 20 20 20 20 30 2e   8,..          0.
d420	30 32 33 31 38 35 34 31  38 39 31 38 37 32 38 38   0231854189187288
d430	33 2c 0d 0a 20 20 20 20  20 20 20 20 20 20 30 2e   3,..          0.
d440	30 33 36 32 33 38 30 34  38 32 32 35 36 34 31 32   0362380482256412
d450	35 2c 0d 0a 20 20 20 20  20 20 20 20 20 20 2d 30   5,..          -0
d460	2e 30 34 30 32 39 31 31  36 34 30 37 30 33 36 37   .040291164070367
d470	38 31 2c 0d 0a 20 20 20  20 20 20 20 20 20 20 30   81,..          0
d480	2e 30 30 36 31 34 36 33  33 35 35 30 38 36 37 34   .006146335508674
d490	33 38 33 2c 0d 0a 20 20  20 20 20 20 20 20 20 20   383,..          
d4a0	30 2e 31 34 30 35 37 39  30 38 39 35 32 32 33 36   0.14057908952236
d4b0	31 37 36 2c 0d 0a 20 20  20 20 20 20 20 20 20 20   176,..          
d4c0	2d 30 2e 30 35 38 36 36  33 35 30 36 30 36 30 38   -0.0586635060608
d4d0	33 38 37 2c 0d 0a 20 20  20 20 20 20 20 20 20 20   387,..          
d4e0	30 2e 30 31 31 34 31 32  37 31 38 33 33 33 33 30   0.01141271833330
d4f0	33 39 32 38 2c 0d 0a 20  20 20 20 20 20 20 20 20   3928,..         
d500	20 2d 30 2e 30 31 30 36  36 36 30 39 31 39 32 36    -0.010666091926
d510	33 39 35 38 39 33 2c 0d  0a 20 20 20 20 20 20 20   395893,..       
d520	20 20 20 30 2e 30 34 34  35 33 30 39 33 35 35 38      0.04453093558
d530	35 34 39 38 38 31 2c 0d  0a 20 20 20 20 20 20 20   549881,..       
d540	20 20 20 30 2e 30 30 33  32 34 33 31 35 38 35 37      0.00324315857
d550	31 34 32 32 31 2c 0d 0a  20 20 20 20 20 20 20 20   14221,..        
d560	20 20 2d 30 2e 30 31 31  35 34 36 30 34 34 36 31     -0.01154604461
d570	30 34 34 30 37 33 31 2c  0d 0a 20 20 20 20 20 20   0440731,..      
d580	20 20 20 20 2d 30 2e 30  34 35 37 35 37 35 33 35       -0.045757535
d590	38 34 35 30 34 31 32 37  35 2c 0d 0a 20 20 20 20   845041275,..    
d5a0	20 20 20 20 20 20 30 2e  30 30 32 36 32 34 38 35         0.00262485
d5b0	38 36 33 36 34 30 39 30  34 34 33 2c 0d 0a 20 20   86364090443,..  
d5c0	20 20 20 20 20 20 20 20  30 2e 30 34 31 35 34 34           0.041544
d5d0	34 32 39 39 35 37 38 36  36 36 37 2c 0d 0a 20 20   42995786667,..  
d5e0	20 20 20 20 20 20 20 20  30 2e 30 33 36 34 32 34           0.036424
d5f0	37 30 33 38 39 36 30 34  35 36 38 35 2c 0d 0a 20   703896045685,.. 
d600	20 20 20 20 20 20 20 20  20 2d 30 2e 30 30 32 39            -0.0029
d610	39 33 31 37 32 30 33 34  36 32 31 32 33 38 37 2c   931720346212387,
d620	0d 0a 20 20 20 20 20 20  20 20 20 20 2d 30 2e 30   ..          -0.0
d630	30 34 39 38 36 33 39 37  39 32 32 30 33 39 30 33   0498639792203903
d640	32 2c 0d 0a 20 20 20 20  20 20 20 20 20 20 30 2e   2,..          0.
d650	30 35 38 32 39 30 31 39  34 37 32 30 30 32 39 38   0582901947200298
d660	33 2c 0d 0a 20 20 20 20  20 20 20 20 20 20 2d 30   3,..          -0
d670	2e 30 36 33 37 32 39 39  30 34 35 39 32 30 33 37   .063729904592037
d680	32 2c 0d 0a 20 20 20 20  20 20 20 20 20 20 30 2e   2,..          0.
d690	30 30 36 34 33 39 36 35  33 32 32 35 32 34 33 30   0064396532252430
d6a0	39 32 2c 0d 0a 20 20 20  20 20 20 20 20 20 20 30   92,..          0
d6b0	2e 30 33 32 30 35 31 36  30 37 39 36 36 34 32 33   .032051607966423
d6c0	30 33 35 2c 0d 0a 20 20  20 20 20 20 20 20 20 20   035,..          
d6d0	30 2e 30 31 33 30 32 35  39 36 35 35 34 31 36 30   0.01302596554160
d6e0	31 31 38 31 2c 0d 0a 20  20 20 20 20 20 20 20 20   1181,..         
d6f0	20 2d 30 2e 30 32 31 30  37 38 38 36 34 31 31 32    -0.021078864112
d700	34 39 36 33 37 36 2c 0d  0a 20 20 20 20 20 20 20   496376,..       
d710	20 20 20 30 2e 30 34 38  38 35 30 37 30 33 39 38      0.04885070398
d720	34 34 39 38 39 38 2c 0d  0a 20 20 20 20 20 20 20   449898,..       
d730	20 20 20 2d 30 2e 30 35  33 36 37 37 31 30 38 31      -0.0536771081
d740	33 38 37 39 39 36 37 2c  0d 0a 20 20 20 20 20 20   3879967,..      
d750	20 20 20 20 30 2e 30 35  33 38 36 33 37 36 37 35       0.0538637675
d760	33 34 34 39 34 34 2c 0d  0a 20 20 20 20 20 20 20   344944,..       
d770	20 20 20 30 2e 30 34 35  39 39 37 35 32 32 37 37      0.04599752277
d780	31 33 35 38 34 39 2c 0d  0a 20 20 20 20 20 20 20   135849,..       
d790	20 20 20 30 2e 30 30 38  33 35 32 38 38 33 31 36      0.00835288316
d7a0	30 31 31 34 32 38 38 2c  0d 0a 20 20 20 20 20 20   0114288,..      
d7b0	20 20 20 20 30 2e 30 32  38 37 34 35 31 31 38 35       0.0287451185
d7c0	32 38 36 30 34 35 30 37  2c 0d 0a 20 20 20 20 20   28604507,..     
d7d0	20 20 20 20 20 2d 30 2e  30 32 36 32 37 38 35 38        -0.02627858
d7e0	35 31 39 35 35 34 31 33  38 32 2c 0d 0a 20 20 20   5195541382,..   
d7f0	20 20 20 20 20 20 20 30  2e 30 31 30 36 39 32 37          0.0106927
d800	35 37 35 35 34 33 35 32  32 38 33 2c 0d 0a 20 20   57554352283,..  
d810	20 20 20 20 20 20 20 20  30 2e 30 35 35 39 34 33           0.055943
d820	36 35 32 39 38 37 34 38  30 31 36 34 2c 0d 0a 20   652987480164,.. 
d830	20 20 20 20 20 20 20 20  20 30 2e 30 32 31 39 37            0.02197
d840	32 31 34 39 36 31 30 35  31 39 34 31 2c 0d 0a 20   214961051941,.. 
d850	20 20 20 20 20 20 20 20  20 2d 30 2e 30 35 30 34            -0.0504
d860	37 37 32 38 31 32 31 32  38 30 36 37 2c 0d 0a 20   772812128067,.. 
d870	20 20 20 20 20 20 20 20  20 30 2e 30 32 31 33 38            0.02138
d880	35 35 31 35 31 30 38 37  30 34 35 36 37 2c 0d 0a   5515108704567,..
d890	20 20 20 20 20 20 20 20  20 20 2d 30 2e 30 30 36             -0.006
d8a0	32 30 36 33 33 32 32 34  30 32 35 33 36 38 37 2c   206332240253687,
d8b0	0d 0a 20 20 20 20 20 20  20 20 20 20 30 2e 30 30   ..          0.00
d8c0	32 38 31 38 31 38 31 36  34 35 31 32 35 31 35 30   2818181645125150
d8d0	37 2c 0d 0a 20 20 20 20  20 20 20 20 20 20 2d 30   7,..          -0
d8e0	2e 30 37 33 33 38 32 37  31 32 39 30 30 36 33 38   .073382712900638
d8f0	35 38 2c 0d 0a 20 20 20  20 20 20 20 20 20 20 2d   58,..          -
d900	30 2e 30 33 38 33 31 37  39 33 37 34 30 33 39 31   0.03831793740391
d910	37 33 31 2c 0d 0a 20 20  20 20 20 20 20 20 20 20   731,..          
d920	2d 30 2e 30 37 37 39 31  35 38 30 32 35 39 37 39   -0.0779158025979
d930	39 39 35 37 2c 0d 0a 20  20 20 20 20 20 20 20 20   9957,..         
d940	20 30 2e 30 33 30 36 39  31 36 37 39 35 36 37 30    0.0306916795670
d950	39 38 36 31 38 2c 0d 0a  20 20 20 20 20 20 20 20   98618,..        
d960	20 20 2d 30 2e 30 32 36  37 35 38 35 35 39 30 34     -0.02675855904
d970	38 31 37 35 38 31 32 2c  0d 0a 20 20 20 20 20 20   8175812,..      
d980	20 20 20 20 2d 30 2e 30  31 39 37 35 38 39 33 36       -0.019758936
d990	30 31 37 37 35 31 36 39  34 2c 0d 0a 20 20 20 20   017751694,..    
d9a0	20 20 20 20 20 20 30 2e  30 30 30 36 38 30 33 38         0.00068038
d9b0	30 30 33 35 31 39 31 37  37 34 34 2c 0d 0a 20 20   00351917744,..  
d9c0	20 20 20 20 20 20 20 20  30 2e 30 37 34 35 30 32           0.074502
d9d0	36 35 34 33 37 33 36 34  35 37 38 2c 0d 0a 20 20   65437364578,..  
d9e0	20 20 20 20 20 20 20 20  2d 30 2e 30 33 34 30 37           -0.03407
d9f0	38 31 36 35 38 38 38 37  38 36 33 31 36 2c 0d 0a   8165888786316,..
da00	20 20 20 20 20 20 20 20  20 20 30 2e 30 33 38 35             0.0385
da10	38 34 35 38 39 39 35 38  31 39 30 39 32 0d 0a 20   8458995819092.. 
da20	20 20 20 20 20 20 20 5d  2c 0d 0a 20 20 20 20 20          ],..     
da30	20 20 20 22 6b 65 79 77  6f 72 64 73 22 3a 20 7b      "keywords": {
da40	0d 0a 20 20 20 20 20 20  20 20 20 20 22 69 6e 64   ..          "ind
da50	69 63 65 73 22 3a 20 5b  0d 0a 20 20 20 20 20 20   ices": [..      
da60	20 20 20 20 20 20 31 30  33 39 34 34 36 31 33 30         1039446130
da70	2c 0d 0a 20 20 20 20 20  20 20 20 20 20 20 20 35   ,..            5
da80	39 39 35 39 30 37 33 30  2c 0d 0a 20 20 20 20 20   99590730,..     
da90	20 20 20 20 20 20 20 39  38 30 36 32 32 30 31 36          980622016
daa0	2c 0d 0a 20 20 20 20 20  20 20 20 20 20 20 20 38   ,..            8
dab0	31 30 39 39 32 33 32 38  2c 0d 0a 20 20 20 20 20   10992328,..     
dac0	20 20 20 20 20 20 20 31  34 30 39 32 30 38 34 39          140920849
dad0	36 2c 0d 0a 20 20 20 20  20 20 20 20 20 20 20 20   6,..            
dae0	31 32 32 39 35 35 34 34  31 35 2c 0d 0a 20 20 20   1229554415,..   
daf0	20 20 20 20 20 20 20 20  20 38 32 31 38 36 33 36            8218636
db00	30 33 2c 0d 0a 20 20 20  20 20 20 20 20 20 20 20   03,..           
db10	20 31 39 33 38 38 37 31  33 37 33 2c 0d 0a 20 20    1938871373,..  
db20	20 20 20 20 20 20 20 20  20 20 31 34 36 30 35 38             146058
db30	34 36 36 35 2c 0d 0a 20  20 20 20 20 20 20 20 20   4665,..         
db40	20 20 20 31 30 38 37 30  31 36 31 38 39 2c 0d 0a      1087016189,..
db50	20 20 20 20 20 20 20 20  20 20 20 20 31 37 34 35               1745
db60	34 35 30 37 30 36 2c 0d  0a 20 20 20 20 20 20 20   450706,..       
db70	20 20 20 20 20 31 37 36  37 37 34 31 34 31 39 2c        1767741419,
db80	0d 0a 20 20 20 20 20 20  20 20 20 20 20 20 31 35   ..            15
db90	38 35 31 38 39 38 32 39  2c 0d 0a 20 20 20 20 20   85189829,..     
dba0	20 20 20 20 20 20 20 36  38 33 30 32 32 38 39 39          683022899
dbb0	2c 0d 0a 20 20 20 20 20  20 20 20 20 20 20 20 31   ,..            1
dbc0	35 35 32 39 38 38 31 38  39 2c 0d 0a 20 20 20 20   552988189,..    
dbd0	20 20 20 20 20 20 20 20  31 34 38 32 39 35 37 36           14829576
dbe0	36 39 2c 0d 0a 20 20 20  20 20 20 20 20 20 20 20   69,..           
dbf0	20 31 30 30 34 33 38 37  34 31 2c 0d 0a 20 20 20    100438741,..   
dc00	20 20 20 20 20 20 20 20  20 32 39 32 32 34 37 34            2922474
dc10	30 39 0d 0a 20 20 20 20  20 20 20 20 20 20 5d 2c   09..          ],
dc20	0d 0a 20 20 20 20 20 20  20 20 20 20 22 76 61 6c   ..          "val
dc30	75 65 73 22 3a 20 5b 0d  0a 20 20 20 20 20 20 20   ues": [..       
dc40	20 20 20 20 20 31 2e 38  35 30 38 30 35 31 32 36        1.850805126
dc50	35 31 39 38 38 31 37 2c  0d 0a 20 20 20 20 20 20   5198817,..      
dc60	20 20 20 20 20 20 31 2e  38 35 30 38 30 35 31 32         1.85080512
dc70	36 35 31 39 38 38 31 37  2c 0d 0a 20 20 20 20 20   65198817,..     
dc80	20 20 20 20 20 20 20 31  2e 38 35 30 38 30 35 31          1.8508051
dc90	32 36 35 31 39 38 38 31  37 2c 0d 0a 20 20 20 20   265198817,..    
dca0	20 20 20 20 20 20 20 20  31 2e 38 35 30 38 30 35           1.850805
dcb0	31 32 36 35 31 39 38 38  31 37 2c 0d 0a 20 20 20   1265198817,..   
dcc0	20 20 20 20 20 20 20 20  20 31 2e 35 39 37 32 37            1.59727
dcd0	37 33 36 38 31 32 32 35  31 38 35 2c 0d 0a 20 20   73681225185,..  
dce0	20 20 20 20 20 20 20 20  20 20 31 2e 35 39 37 32             1.5972
dcf0	37 37 33 36 38 31 32 32  35 31 38 35 2c 0d 0a 20   773681225185,.. 
dd00	20 20 20 20 20 20 20 20  20 20 20 31 2e 35 39 37              1.597
dd10	32 37 37 33 36 38 31 32  32 35 31 38 35 2c 0d 0a   2773681225185,..
dd20	20 20 20 20 20 20 20 20  20 20 20 20 31 2e 35 39               1.59
dd30	37 32 37 37 33 36 38 31  32 32 35 31 38 35 2c 0d   72773681225185,.
dd40	0a 20 20 20 20 20 20 20  20 20 20 20 20 31 2e 35   .            1.5
dd50	39 37 32 37 37 33 36 38  31 32 32 35 31 38 35 2c   972773681225185,
dd60	0d 0a 20 20 20 20 20 20  20 20 20 20 20 20 31 2e   ..            1.
dd70	35 39 37 32 37 37 33 36  38 31 32 32 35 31 38 35   5972773681225185
dd80	2c 0d 0a 20 20 20 20 20  20 20 20 20 20 20 20 31   ,..            1
dd90	2e 35 39 37 32 37 37 33  36 38 31 32 32 35 31 38   .597277368122518
dda0	35 2c 0d 0a 20 20 20 20  20 20 20 20 20 20 20 20   5,..            
ddb0	31 2e 35 39 37 32 37 37  33 36 38 31 32 32 35 31   1.59727736812251
ddc0	38 35 2c 0d 0a 20 20 20  20 20 20 20 20 20 20 20   85,..           
ddd0	20 31 2e 35 39 37 32 37  37 33 36 38 31 32 32 35    1.5972773681225
dde0	31 38 35 2c 0d 0a 20 20  20 20 20 20 20 20 20 20   185,..          
ddf0	20 20 31 2e 35 39 37 32  37 37 33 36 38 31 32 32     1.597277368122
de00	35 31 38 35 2c 0d 0a 20  20 20 20 20 20 20 20 20   5185,..         
de10	20 20 20 31 2e 35 39 37  32 37 37 33 36 38 31 32      1.59727736812
de20	32 35 31 38 35 2c 0d 0a  20 20 20 20 20 20 20 20   25185,..        
de30	20 20 20 20 31 2e 35 39  37 32 37 37 33 36 38 31       1.5972773681
de40	32 32 35 31 38 35 2c 0d  0a 20 20 20 20 20 20 20   225185,..       
de50	20 20 20 20 20 31 2e 35  39 37 32 37 37 33 36 38        1.597277368
de60	31 32 32 35 31 38 35 2c  0d 0a 20 20 20 20 20 20   1225185,..      
de70	20 20 20 20 20 20 31 2e  35 39 37 32 37 37 33 36         1.59727736
de80	38 31 32 32 35 31 38 35  0d 0a 20 20 20 20 20 20   81225185..      
de90	20 20 20 20 5d 0d 0a 20  20 20 20 20 20 20 20 7d       ]..        }
dea0	0d 0a 20 20 20 20 20 20  7d 2c 0d 0a 20 20 20 20   ..      },..    
deb0	20 20 22 70 61 79 6c 6f  61 64 22 3a 20 7b 0d 0a     "payload": {..
dec0	20 20 20 20 20 20 20 20  22 64 6f 63 75 6d 65 6e           "documen
ded0	74 5f 69 64 22 3a 20 22  44 4f 43 2d 30 31 30 22   t_id": "DOC-010"
dee0	2c 0d 0a 20 20 20 20 20  20 20 20 22 74 69 74 6c   ,..        "titl
def0	65 22 3a 20 22 48 e1 bb  93 20 73 c6 a1 20 6e 68   e": "H... s.. nh
df00	c3 a2 6e 20 73 e1 bb b1  22 2c 0d 0a 20 20 20 20   ..n s...",..    
df10	20 20 20 20 22 64 6f 6d  61 69 6e 22 3a 20 22 6e       "domain": "n
df20	68 61 6e 5f 73 75 22 2c  0d 0a 20 20 20 20 20 20   han_su",..      
df30	20 20 22 64 65 70 61 72  74 6d 65 6e 74 22 3a 20     "department": 
df40	22 42 41 4e 5f 4c 45 22  2c 0d 0a 20 20 20 20 20   "BAN_LE",..     
df50	20 20 20 22 64 6f 63 5f  74 79 70 65 22 3a 20 22      "doc_type": "
df60	6d 61 75 22 2c 0d 0a 20  20 20 20 20 20 20 20 22   mau",..        "
df70	64 6f 63 5f 73 74 61 74  75 73 22 3a 20 22 41 43   doc_status": "AC
df80	54 49 56 45 22 2c 0d 0a  20 20 20 20 20 20 20 20   TIVE",..        
df90	22 74 65 78 74 22 3a 20  22 48 e1 bb 93 20 73 c6   "text": "H... s.
dfa0	a1 20 6e 68 c3 a2 6e 20  73 e1 bb b1 20 70 68 e1   . nh..n s... ph.
dfb0	ba a3 69 20 c4 91 c6 b0  e1 bb a3 63 20 6c c6 b0   ..i .......c l..
dfc0	75 20 74 72 e1 bb af 20  74 68 65 6f 20 71 75 79   u tr... theo quy
dfd0	20 c4 91 e1 bb 8b 6e 68  20 62 e1 ba a3 6f 20 6d    .....nh b...o m
dfe0	e1 ba ad 74 20 76 c3 a0  20 63 e1 ba ad 70 20 6e   ...t v.. c...p n
dff0	68 e1 ba ad 74 20 68 c3  a0 6e 67 20 71 75 c3 bd   h...t h..ng qu..
e000	2e 22 0d 0a 20 20 20 20  20 20 7d 0d 0a 20 20 20   ."..      }..   
e010	20 7d 2c 0d 0a 20 20 20  20 7b 0d 0a 20 20 20 20    },..    {..    
e020	20 20 22 69 64 22 3a 20  31 31 2c 0d 0a 20 20 20     "id": 11,..   
e030	20 20 20 22 76 65 63 74  6f 72 22 3a 20 7b 0d 0a      "vector": {..
e040	20 20 20 20 20 20 20 20  22 64 65 6e 73 65 22 3a           "dense":
e050	20 5b 0d 0a 20 20 20 20  20 20 20 20 20 20 2d 30    [..          -0
e060	2e 30 34 35 30 37 35 31  35 32 30 36 39 33 33 30   .045075152069330
e070	32 31 35 2c 0d 0a 20 20  20 20 20 20 20 20 20 20   215,..          
e080	30 2e 30 36 37 32 39 33  30 34 30 34 35 34 33 38   0.06729304045438
e090	37 36 36 2c 0d 0a 20 20  20 20 20 20 20 20 20 20   766,..          
e0a0	30 2e 30 30 32 33 31 37  36 39 33 37 38 32 39 37   0.00231769378297
e0b0	30 33 30 39 33 2c 0d 0a  20 20 20 20 20 20 20 20   03093,..        
e0c0	20 20 30 2e 30 34 30 35  31 39 36 38 34 35 35 33     0.040519684553
e0d0	31 34 36 33 36 2c 0d 0a  20 20 20 20 20 20 20 20   14636,..        
e0e0	20 20 30 2e 30 33 33 38  35 39 36 34 34 30 38 35     0.033859644085
e0f0	31 36 38 38 34 2c 0d 0a  20 20 20 20 20 20 20 20   16884,..        
e100	20 20 2d 30 2e 30 30 39  31 38 34 31 39 34 37 32     -0.00918419472
e110	38 37 33 32 31 30 39 2c  0d 0a 20 20 20 20 20 20   8732109,..      
e120	20 20 20 20 30 2e 30 39  32 33 33 34 37 39 32 30       0.0923347920
e130	31 37 39 33 36 37 2c 0d  0a 20 20 20 20 20 20 20   179367,..       
e140	20 20 20 2d 30 2e 30 32  32 36 37 30 37 37 35 36      -0.0226707756
e150	35 31 39 33 31 37 36 33  2c 0d 0a 20 20 20 20 20   51931763,..     
e160	20 20 20 20 20 30 2e 30  32 34 31 36 32 36 32 34        0.024162624
e170	30 33 31 33 30 35 33 31  33 2c 0d 0a 20 20 20 20   031305313,..    
e180	20 20 20 20 20 20 2d 30  2e 30 36 32 30 37 31 35         -0.0620715
e190	37 32 39 38 39 32 32 35  33 39 2c 0d 0a 20 20 20   7298922539,..   
e1a0	20 20 20 20 20 20 20 2d  30 2e 30 30 30 31 32 35          -0.000125
e1b0	39 31 36 33 38 33 36 39  34 38 35 37 33 36 2c 0d   91638369485736,.
e1c0	0a 20 20 20 20 20 20 20  20 20 20 2d 30 2e 31 34   .          -0.14
e1d0	35 33 34 38 37 31 32 38  30 31 39 33 33 33 2c 0d   53487128019333,.
e1e0	0a 20 20 20 20 20 20 20  20 20 20 30 2e 30 35 39   .          0.059
e1f0	35 31 34 31 31 36 34 39  35 38 34 37 37 2c 0d 0a   5141164958477,..
e200	20 20 20 20 20 20 20 20  20 20 30 2e 30 33 39 37             0.0397
e210	37 33 37 35 38 35 30 30  38 31 34 34 34 2c 0d 0a   7375850081444,..
e220	20 20 20 20 20 20 20 20  20 20 30 2e 30 37 35 33             0.0753
e230	33 38 33 37 31 30 39 38  30 34 31 35 33 2c 0d 0a   3837109804153,..
e240	20 20 20 20 20 20 20 20  20 20 2d 30 2e 30 32 30             -0.020
e250	30 36 30 30 34 30 30 35  36 37 30 35 34 37 35 2c   060040056705475,
e260	0d 0a 20 20 20 20 20 20  20 20 20 20 30 2e 30 32   ..          0.02
e270	34 37 37 35 33 34 38 36  30 33 37 32 35 34 33 33   4775348603725433
e280	2c 0d 0a 20 20 20 20 20  20 20 20 20 20 2d 30 2e   ,..          -0.
e290	30 35 31 32 32 39 30 32  36 31 36 38 35 38 34 38   0512290261685848
e2a0	32 34 2c 0d 0a 20 20 20  20 20 20 20 20 20 20 30   24,..          0
e2b0	2e 30 33 37 34 35 36 30  36 35 34 31 36 33 33 36   .037456065416336
e2c0	30 36 2c 0d 0a 20 20 20  20 20 20 20 20 20 20 2d   06,..          -
e2d0	30 2e 30 34 36 33 35 33  38 37 36 35 39 30 37 32   0.04635387659072
e2e0	38 37 36 2c 0d 0a 20 20  20 20 20 20 20 20 20 20   876,..          
e2f0	30 2e 30 30 36 31 34 30  35 35 36 36 35 32 30 39   0.00614055665209
e300	38 38 39 34 2c 0d 0a 20  20 20 20 20 20 20 20 20   8894,..         
e310	20 2d 30 2e 30 32 33 32  31 36 38 39 39 34 38 34    -0.023216899484
e320	33 39 35 39 38 2c 0d 0a  20 20 20 20 20 20 20 20   39598,..        
e330	20 20 2d 30 2e 30 31 33  35 33 39 38 36 30 39 35     -0.01353986095
e340	36 33 37 30 38 33 2c 0d  0a 20 20 20 20 20 20 20   637083,..       
e350	20 20 20 30 2e 30 31 38  38 36 31 32 33 32 33 32      0.01886123232
e360	35 34 33 34 36 38 35 2c  0d 0a 20 20 20 20 20 20   5434685,..      
e370	20 20 20 20 30 2e 30 31  35 37 35 37 36 35 33 38       0.0157576538
e380	36 32 32 33 37 39 33 2c  0d 0a 20 20 20 20 20 20   6223793,..      
e390	20 20 20 20 30 2e 30 32  31 30 34 35 37 32 35 37       0.0210457257
e3a0	39 32 36 34 36 34 30 38  2c 0d 0a 20 20 20 20 20   92646408,..     
e3b0	20 20 20 20 20 30 2e 30  31 39 32 30 37 35 35 35        0.019207555
e3c0	38 30 30 36 37 36 33 34  36 2c 0d 0a 20 20 20 20   800676346,..    
e3d0	20 20 20 20 20 20 2d 30  2e 30 32 37 35 34 35 39         -0.0275459
e3e0	32 35 32 32 39 37 38 37  38 32 37 2c 0d 0a 20 20   25229787827,..  
e3f0	20 20 20 20 20 20 20 20  30 2e 30 31 39 39 39 33           0.019993
e400	34 33 39 33 31 36 37 34  39 35 37 33 2c 0d 0a 20   439316749573,.. 
e410	20 20 20 20 20 20 20 20  20 2d 30 2e 31 33 33 32            -0.1332
e420	30 30 37 39 34 34 35 38  33 38 39 32 38 2c 0d 0a   0079445838928,..
e430	20 20 20 20 20 20 20 20  20 20 30 2e 30 30 34 38             0.0048
e440	38 38 34 36 39 33 35 33  33 31 38 32 31 34 2c 0d   88469353318214,.
e450	0a 20 20 20 20 20 20 20  20 20 20 30 2e 30 32 39   .          0.029
e460	31 34 34 33 33 35 35 33  38 31 34 38 38 38 2c 0d   14433553814888,.
e470	0a 20 20 20 20 20 20 20  20 20 20 2d 30 2e 30 31   .          -0.01
e480	35 31 37 31 35 37 30 37  30 33 33 38 37 32 36 2c   517157070338726,
e490	0d 0a 20 20 20 20 20 20  20 20 20 20 30 2e 30 31   ..          0.01
e4a0	39 36 33 33 37 39 37 39  32 38 36 39 30 39 31 2c   963379792869091,
e4b0	0d 0a 20 20 20 20 20 20  20 20 20 20 30 2e 30 36   ..          0.06
e4c0	35 36 34 31 33 35 31 30  34 34 31 37 38 30 31 2c   564135104417801,
e4d0	0d 0a 20 20 20 20 20 20  20 20 20 20 30 2e 30 31   ..          0.01
e4e0	39 35 31 33 39 31 36 32  32 34 32 34 31 32 35 37   9513916224241257
e4f0	2c 0d 0a 20 20 20 20 20  20 20 20 20 20 30 2e 30   ,..          0.0
e500	30 36 30 38 37 32 37 36  36 31 38 39 32 37 37 31   0608727661892771
e510	37 2c 0d 0a 20 20 20 20  20 20 20 20 20 20 2d 30   7,..          -0
e520	2e 30 30 33 37 39 36 32  32 32 38 35 32 35 34 32   .003796222852542
e530	39 39 36 34 2c 0d 0a 20  20 20 20 20 20 20 20 20   9964,..         
e540	20 2d 30 2e 30 31 32 33  32 31 30 37 33 35 36 31    -0.012321073561
e550	39 30 36 38 31 35 2c 0d  0a 20 20 20 20 20 20 20   906815,..       
e560	20 20 20 2d 30 2e 30 30  37 33 32 36 30 34 34 31      -0.0073260441
e570	34 32 32 34 36 32 34 36  2c 0d 0a 20 20 20 20 20   42246246,..     
e580	20 20 20 20 20 30 2e 30  31 34 35 34 35 35 32 37        0.014545527
e590	32 38 36 38 32 37 35 36  34 2c 0d 0a 20 20 20 20   286827564,..    
e5a0	20 20 20 20 20 20 2d 30  2e 30 30 39 31 31 37 35         -0.0091175
e5b0	39 34 39 32 30 30 39 38  37 38 32 2c 0d 0a 20 20   94920098782,..  
e5c0	20 20 20 20 20 20 20 20  2d 30 2e 30 31 37 36 36           -0.01766
e5d0	32 34 32 36 34 35 36 38  30 39 30 34 34 2c 0d 0a   2426456809044,..
e5e0	20 20 20 20 20 20 20 20  20 20 2d 30 2e 30 30 35             -0.005
e5f0	33 38 34 36 34 32 31 36  35 31 35 34 32 31 39 2c   384642165154219,
e600	0d 0a 20 20 20 20 20 20  20 20 20 20 30 2e 30 37   ..          0.07
e610	39 33 38 37 36 37 32 32  34 35 35 30 32 34 37 2c   938767224550247,
e620	0d 0a 20 20 20 20 20 20  20 20 20 20 30 2e 30 31   ..          0.01
e630	34 37 30 35 33 36 38 33  31 37 36 36 33 36 37 2c   470536831766367,
e640	0d 0a 20 20 20 20 20 20  20 20 20 20 2d 30 2e 30   ..          -0.0
e650	31 30 39 30 32 34 38 35  38 31 30 32 32 30 32 34   1090248581022024
e660	32 2c 0d 0a 20 20 20 20  20 20 20 20 20 20 30 2e   2,..          0.
e670	30 30 32 39 34 30 34 30  37 37 32 31 33 32 35 37   0029404077213257
e680	35 35 2c 0d 0a 20 20 20  20 20 20 20 20 20 20 30   55,..          0
e690	2e 30 37 37 34 31 36 33  30 30 37 37 33 36 32 30   .077416300773620
e6a0	36 2c 0d 0a 20 20 20 20  20 20 20 20 20 20 30 2e   6,..          0.
e6b0	30 33 37 33 34 39 35 30  33 34 38 37 33 34 38 35   0373495034873485
e6c0	35 37 2c 0d 0a 20 20 20  20 20 20 20 20 20 20 2d   57,..          -
e6d0	30 2e 30 32 39 30 39 31  30 35 34 35 37 33 36 35   0.02909105457365
e6e0	35 31 33 2c 0d 0a 20 20  20 20 20 20 20 20 20 20   513,..          
e6f0	2d 30 2e 30 30 32 39 31  35 34 33 32 34 34 33 38   -0.0029154324438
e700	34 32 32 39 32 2c 0d 0a  20 20 20 20 20 20 20 20   42292,..        
e710	20 20 2d 30 2e 30 33 36  36 30 33 35 38 31 31 36     -0.03660358116
e720	30 33 30 36 39 33 2c 0d  0a 20 20 20 20 20 20 20   030693,..       
e730	20 20 20 2d 30 2e 30 30  34 34 32 35 35 39 36 34      -0.0044255964
e740	34 35 37 39 38 38 37 34  2c 0d 0a 20 20 20 20 20   45798874,..     
e750	20 20 20 20 20 2d 30 2e  30 36 35 39 30 37 37 35        -0.06590775
e760	34 30 30 34 30 30 31 36  32 2c 0d 0a 20 20 20 20   400400162,..    
e770	20 20 20 20 20 20 2d 30  2e 30 30 39 38 39 36 38         -0.0098968
e780	31 39 34 37 39 37 36 33  35 30 38 2c 0d 0a 20 20   19479763508,..  
e790	20 20 20 20 20 20 20 20  30 2e 30 32 39 33 38 34           0.029384
e7a0	30 39 37 30 38 34 34 30  33 30 33 38 2c 0d 0a 20   097084403038,.. 
e7b0	20 20 20 20 20 20 20 20  20 30 2e 30 33 30 38 37            0.03087
e7c0	35 39 34 35 34 36 33 37  37 36 35 39 2c 0d 0a 20   594546377659,.. 
e7d0	20 20 20 20 20 20 20 20  20 30 2e 30 34 34 32 34            0.04424
e7e0	39 33 30 33 36 33 38 39  33 35 30 39 2c 0d 0a 20   930363893509,.. 
e7f0	20 20 20 20 20 20 20 20  20 2d 30 2e 30 31 37 34            -0.0174
e800	36 32 36 32 34 32 33 36  39 34 31 33 33 38 2c 0d   62624236941338,.
e810	0a 20 20 20 20 20 20 20  20 20 20 30 2e 30 37 38   .          0.078
e820	37 34 38 33 31 35 35 37  32 37 33 38 36 35 2c 0d   74831557273865,.
e830	0a 20 20 20 20 20 20 20  20 20 20 30 2e 30 35 33   .          0.053
e840	36 35 33 32 38 31 31 38  32 30 35 30 37 30 35 2c   653281182050705,
e850	0d 0a 20 20 20 20 20 20  20 20 20 20 2d 30 2e 31   ..          -0.1
e860	38 39 38 39 31 30 35 35  32 32 36 33 32 36 2c 0d   89891055226326,.
e870	0a 20 20 20 20 20 20 20  20 20 20 30 2e 30 32 34   .          0.024
e880	32 38 32 35 30 35 37 33  35 37 35 34 39 36 37 2c   282505735754967,
e890	0d 0a 20 20 20 20 20 20  20 20 20 20 2d 30 2e 30   ..          -0.0
e8a0	31 31 32 30 32 31 38 37  32 37 37 33 37 36 36 35   1120218727737665
e8b0	32 2c 0d 0a 20 20 20 20  20 20 20 20 20 20 2d 30   2,..          -0
e8c0	2e 30 30 36 35 31 36 38  34 39 31 35 36 34 36 39   .006516849156469
e8d0	31 30 37 2c 0d 0a 20 20  20 20 20 20 20 20 20 20   107,..          
e8e0	30 2e 30 34 31 32 36 35  36 30 36 38 38 30 31 38   0.04126560688018
e8f0	37 39 39 2c 0d 0a 20 20  20 20 20 20 20 20 20 20   799,..          
e900	30 2e 30 33 31 33 32 38  38 32 37 31 34 32 37 31   0.03132882714271
e910	35 34 35 34 2c 0d 0a 20  20 20 20 20 20 20 20 20   5454,..         
e920	20 30 2e 30 31 32 33 34  31 30 35 34 31 35 36 34    0.0123410541564
e930	32 32 36 31 35 2c 0d 0a  20 20 20 20 20 20 20 20   22615,..        
e940	20 20 30 2e 30 32 38 38  32 34 36 35 33 34 37 36     0.028824653476
e950	34 37 36 36 37 2c 0d 0a  20 20 20 20 20 20 20 20   47667,..        
e960	20 20 2d 30 2e 30 36 32  34 39 37 38 31 33 32 35     -0.06249781325
e970	34 35 39 34 38 2c 0d 0a  20 20 20 20 20 20 20 20   45948,..        
e980	20 20 2d 30 2e 30 35 32  30 35 34 38 37 30 38 37     -0.05205487087
e990	33 36 38 39 36 35 2c 0d  0a 20 20 20 20 20 20 20   368965,..       
e9a0	20 20 20 30 2e 30 31 38  34 33 34 39 39 30 31 39      0.01843499019
e9b0	37 34 32 30 31 32 2c 0d  0a 20 20 20 20 20 20 20   742012,..       
e9c0	20 20 20 30 2e 30 33 34  34 39 39 30 30 38 32 30      0.03449900820
e9d0	38 35 31 33 32 36 2c 0d  0a 20 20 20 20 20 20 20   851326,..       
e9e0	20 20 20 2d 30 2e 30 30  30 34 36 32 34 35 36 35      -0.0004624565
e9f0	31 39 30 31 36 39 39 36  2c 0d 0a 20 20 20 20 20   19016996,..     
ea00	20 20 20 20 20 2d 30 2e  30 33 31 31 31 35 37 30        -0.03111570
ea10	37 30 31 30 30 33 30 37  34 36 2c 0d 0a 20 20 20   7010030746,..   
ea20	20 20 20 20 20 20 20 30  2e 30 31 35 31 30 34 39          0.0151049
ea30	37 30 38 39 34 37 35 33  39 33 33 2c 0d 0a 20 20   70894753933,..  
ea40	20 20 20 20 20 20 20 20  30 2e 30 33 30 32 36 33           0.030263
ea50	32 32 30 38 39 31 33 35  36 34 36 38 2c 0d 0a 20   220891356468,.. 
ea60	20 20 20 20 20 20 20 20  20 2d 30 2e 30 31 34 39            -0.0149
ea70	30 35 31 36 39 36 30 36  32 30 38 38 30 31 2c 0d   05169606208801,.
ea80	0a 20 20 20 20 20 20 20  20 20 20 30 2e 30 30 32   .          0.002
ea90	37 33 32 32 38 31 33 34  30 32 38 36 31 33 35 37   7322813402861357
eaa0	2c 0d 0a 20 20 20 20 20  20 20 20 20 20 2d 30 2e   ,..          -0.
eab0	30 32 31 37 32 35 30 35  31 31 30 35 30 32 32 34   0217250511050224
eac0	33 2c 0d 0a 20 20 20 20  20 20 20 20 20 20 30 2e   3,..          0.
ead0	30 31 38 33 31 35 31 31  30 33 35 35 36 31 35 36   0183151103556156
eae0	31 36 2c 0d 0a 20 20 20  20 20 20 20 20 20 20 2d   16,..          -
eaf0	30 2e 30 32 38 35 35 38  32 35 30 35 31 36 36 35   0.02855825051665
eb00	33 30 36 2c 0d 0a 20 20  20 20 20 20 20 20 20 20   306,..          
eb10	2d 30 2e 30 31 39 37 31  33 37 31 38 34 34 34 31   -0.0197137184441
eb20	30 38 39 36 33 2c 0d 0a  20 20 20 20 20 20 20 20   08963,..        
eb30	20 20 2d 30 2e 30 33 36  37 39 30 30 36 31 37 34     -0.03679006174
eb40	32 30 36 37 33 34 2c 0d  0a 20 20 20 20 20 20 20   206734,..       
eb50	20 20 20 2d 30 2e 30 32  34 39 30 38 35 35 30 30      -0.0249085500
eb60	38 33 36 33 37 32 33 38  2c 0d 0a 20 20 20 20 20   83637238,..     
eb70	20 20 20 20 20 2d 30 2e  30 36 31 33 32 35 36 34        -0.06132564
eb80	36 39 33 36 38 39 33 34  36 2c 0d 0a 20 20 20 20   693689346,..    
eb90	20 20 20 20 20 20 30 2e  30 32 34 38 36 38 35 38         0.02486858
eba0	38 38 39 34 36 30 35 36  33 37 2c 0d 0a 20 20 20   8894605637,..   
ebb0	20 20 20 20 20 20 20 2d  30 2e 30 31 39 37 39 33          -0.019793
ebc0	36 33 38 39 35 39 35 32  37 30 31 36 2c 0d 0a 20   638959527016,.. 
ebd0	20 20 20 20 20 20 20 20  20 30 2e 30 31 35 39 33            0.01593
ebe0	30 38 31 34 36 36 38 35  33 36 31 38 36 2c 0d 0a   0814668536186,..
ebf0	20 20 20 20 20 20 20 20  20 20 30 2e 30 32 33 33             0.0233
ec00	36 33 34 32 30 37 33 39  37 36 39 39 33 36 2c 0d   63420739769936,.
ec10	0a 20 20 20 20 20 20 20  20 20 20 2d 30 2e 30 31   .          -0.01
ec20	38 36 36 31 34 33 31 39  36 38 32 31 32 31 32 38   8661431968212128
ec30	2c 0d 0a 20 20 20 20 20  20 20 20 20 20 30 2e 30   ,..          0.0
ec40	33 37 30 32 39 38 32 31  34 32 35 36 37 36 33 34   3702982142567634
ec50	36 2c 0d 0a 20 20 20 20  20 20 20 20 20 20 30 2e   6,..          0.
ec60	30 31 33 38 32 36 32 34  32 36 34 38 30 36 35 30   0138262426480650
ec70	39 2c 0d 0a 20 20 20 20  20 20 20 20 20 20 2d 30   9,..          -0
ec80	2e 30 32 32 35 37 37 35  33 35 33 36 31 30 35 31   .022577535361051
ec90	35 36 2c 0d 0a 20 20 20  20 20 20 20 20 20 20 2d   56,..          -
eca0	30 2e 30 31 39 39 35 33  34 37 39 39 39 30 33 36   0.01995347999036
ecb0	33 31 32 2c 0d 0a 20 20  20 20 20 20 20 20 20 20   312,..          
ecc0	30 2e 30 31 30 33 32 39  37 32 31 34 39 35 35 30   0.01032972149550
ecd0	39 31 34 38 2c 0d 0a 20  20 20 20 20 20 20 20 20   9148,..         
ece0	20 2d 30 2e 30 33 36 35  37 36 39 33 37 38 38 34    -0.036576937884
ecf0	30 39 32 33 33 2c 0d 0a  20 20 20 20 20 20 20 20   09233,..        
ed00	20 20 2d 30 2e 30 36 31  33 32 35 36 34 36 39 33     -0.06132564693
ed10	36 38 39 33 34 36 2c 0d  0a 20 20 20 20 20 20 20   689346,..       
ed20	20 20 20 30 2e 34 34 38  38 33 33 34 30 35 39 37      0.44883340597
ed30	31 35 32 37 31 2c 0d 0a  20 20 20 20 20 20 20 20   15271,..        
ed40	20 20 2d 30 2e 30 30 38  35 35 38 31 35 31 33 31     -0.00855815131
ed50	32 31 37 32 34 31 33 2c  0d 0a 20 20 20 20 20 20   2172413,..      
ed60	20 20 20 20 2d 30 2e 30  30 34 38 38 35 31 33 39       -0.004885139
ed70	34 30 39 34 35 32 36 37  37 2c 0d 0a 20 20 20 20   409452677,..    
ed80	20 20 20 20 20 20 2d 30  2e 30 34 31 37 31 38 34         -0.0417184
ed90	39 30 34 32 31 37 37 32  2c 0d 0a 20 20 20 20 20   90421772,..     
eda0	20 20 20 20 20 2d 30 2e  30 33 34 38 37 31 39 36        -0.03487196
edb0	39 33 37 32 30 33 34 30  37 2c 0d 0a 20 20 20 20   937203407,..    
edc0	20 20 20 20 20 20 30 2e  30 35 32 34 38 31 31 31         0.05248111
edd0	34 38 36 34 33 34 39 33  36 35 2c 0d 0a 20 20 20   4864349365,..   
ede0	20 20 20 20 20 20 20 30  2e 30 34 35 39 30 30 39          0.0459009
edf0	39 36 37 37 34 34 33 35  30 34 2c 0d 0a 20 20 20   9677443504,..   
ee00	20 20 20 20 20 20 20 30  2e 30 32 30 32 39 39 38          0.0202998
ee10	30 31 36 30 32 39 35 39  36 33 33 2c 0d 0a 20 20   01602959633,..  
ee20	20 20 20 20 20 20 20 20  2d 30 2e 30 39 37 37 31           -0.09771
ee30	36 31 30 37 39 36 34 35  31 35 36 39 2c 0d 0a 20   610796451569,.. 
ee40	20 20 20 20 20 20 20 20  20 30 2e 30 32 34 37 32            0.02472
ee50	32 30 36 37 36 33 39 32  33 31 36 38 32 2c 0d 0a   2067639231682,..
ee60	20 20 20 20 20 20 20 20  20 20 30 2e 30 30 33 36             0.0036
ee70	34 33 30 34 31 39 34 32  32 36 38 36 31 2c 0d 0a   4304194226861,..
ee80	20 20 20 20 20 20 20 20  20 20 2d 30 2e 30 32 36             -0.026
ee90	37 36 30 30 33 39 38 35  31 30 36 39 34 35 2c 0d   76003985106945,.
eea0	0a 20 20 20 20 20 20 20  20 20 20 2d 30 2e 30 34   .          -0.04
eeb0	38 33 37 38 35 33 30 38  38 39 37 34 39 35 33 2c   837853088974953,
eec0	0d 0a 20 20 20 20 20 20  20 20 20 20 30 2e 30 32   ..          0.02
eed0	38 33 37 31 37 36 39 39  33 34 38 39 32 36 35 34   8371769934892654
eee0	2c 0d 0a 20 20 20 20 20  20 20 20 20 20 2d 30 2e   ,..          -0.
eef0	30 33 31 35 36 38 35 39  30 35 35 31 36 31 34 37   0315685905516147
ef00	36 2c 0d 0a 20 20 20 20  20 20 20 20 20 20 2d 30   6,..          -0
ef10	2e 30 37 34 36 34 35 37  32 37 38 37 32 38 34 38   .074645727872848
ef20	35 31 2c 0d 0a 20 20 20  20 20 20 20 20 20 20 30   51,..          0
ef30	2e 30 38 31 30 39 32 36  34 38 32 30 38 31 34 31   .081092648208141
ef40	33 33 2c 0d 0a 20 20 20  20 20 20 20 20 20 20 30   33,..          0
ef50	2e 30 33 30 35 38 32 39  30 32 39 35 33 30 32 38   .030582902953028
ef60	36 38 2c 0d 0a 20 20 20  20 20 20 20 20 20 20 2d   68,..          -
ef70	30 2e 30 32 39 32 37 37  35 33 35 31 35 35 34 31   0.02927753515541
ef80	35 35 33 35 2c 0d 0a 20  20 20 20 20 20 20 20 20   5535,..         
ef90	20 2d 30 2e 30 31 32 32  34 37 38 31 33 38 36 35    -0.012247813865
efa0	35 34 32 34 31 32 2c 0d  0a 20 20 20 20 20 20 20   542412,..       
efb0	20 20 20 30 2e 30 33 34  33 31 32 35 32 33 39 30      0.03431252390
efc0	31 34 36 32 35 35 35 2c  0d 0a 20 20 20 20 20 20   1462555,..      
efd0	20 20 20 20 30 2e 30 31  38 34 30 38 33 35 30 36       0.0184083506
efe0	34 36 34 39 35 38 32 2c  0d 0a 20 20 20 20 20 20   4649582,..      
eff0	20 20 20 20 2d 30 2e 30  33 35 35 39 31 32 35 32       -0.035591252
f000	31 34 38 31 35 31 34 2c  0d 0a 20 20 20 20 20 20   1481514,..      
f010	20 20 20 20 2d 30 2e 30  31 39 38 37 33 35 35 39       -0.019873559
f020	34 37 34 39 34 35 30 37  2c 0d 0a 20 20 20 20 20   47494507,..     
f030	20 20 20 20 20 2d 30 2e  30 33 30 31 30 33 33 37        -0.03010337
f040	39 38 36 30 35 32 30 33  36 33 2c 0d 0a 20 20 20   9860520363,..   
f050	20 20 20 20 20 20 20 2d  30 2e 30 30 39 36 32 33          -0.009623
f060	37 35 37 35 36 33 35 33  31 33 39 39 2c 0d 0a 20   757563531399,.. 
f070	20 20 20 20 20 20 20 20  20 2d 30 2e 30 37 31 37            -0.0717
f080	36 38 35 38 39 33 31 37  37 39 38 36 31 2c 0d 0a   6858931779861,..
f090	20 20 20 20 20 20 20 20  20 20 30 2e 30 33 32 31             0.0321
f0a0	35 34 36 37 31 38 34 37  38 32 30 32 38 2c 0d 0a   5467184782028,..
f0b0	20 20 20 20 20 20 20 20  20 20 30 2e 30 32 38 33             0.0283
f0c0	39 38 34 30 39 34 38 35  38 31 36 39 35 36 2c 0d   98409485816956,.
f0d0	0a 20 20 20 20 20 20 20  20 20 20 30 2e 30 32 39   .          0.029
f0e0	32 32 34 32 35 36 30 35  33 35 36 36 39 33 33 2c   224256053566933,
f0f0	0d 0a 20 20 20 20 20 20  20 20 20 20 30 2e 30 31   ..          0.01
f100	36 35 35 36 38 35 39 30  31 36 34 31 38 34 35 37   6556859016418457
f110	2c 0d 0a 20 20 20 20 20  20 20 20 20 20 30 2e 30   ,..          0.0
f120	34 31 37 37 31 37 36 39  35 32 33 36 32 30 36 30   4177176952362060
f130	35 2c 0d 0a 20 20 20 20  20 20 20 20 20 20 30 2e   5,..          0.
f140	30 30 38 31 31 38 35 38  38 34 37 37 33 37 33 31   0081185884773731
f150	32 33 2c 0d 0a 20 20 20  20 20 20 20 20 20 20 30   23,..          0
f160	2e 30 35 31 36 38 31 39  30 39 37 31 30 31 36 38   .051681909710168
f170	38 34 2c 0d 0a 20 20 20  20 20 20 20 20 20 20 2d   84,..          -
f180	30 2e 30 32 30 30 34 36  37 32 30 32 38 31 32 34   0.02004672028124
f190	33 33 32 34 2c 0d 0a 20  20 20 20 20 20 20 20 20   3324,..         
f1a0	20 30 2e 30 31 30 39 34  39 31 30 35 39 35 35 36    0.0109491059556
f1b0	36 30 33 34 33 2c 0d 0a  20 20 20 20 20 20 20 20   60343,..        
f1c0	20 20 2d 30 2e 30 32 39  37 33 30 34 31 38 36 39     -0.02973041869
f1d0	36 39 39 39 35 35 2c 0d  0a 20 20 20 20 20 20 20   699955,..       
f1e0	20 20 20 2d 30 2e 30 30  39 32 32 34 31 35 34 39      -0.0092241549
f1f0	38 36 34 34 31 31 33 35  2c 0d 0a 20 20 20 20 20   86441135,..     
f200	20 20 20 20 20 30 2e 30  30 36 32 38 37 30 37 37        0.006287077
f210	39 30 37 34 37 32 38 34  39 2c 0d 0a 20 20 20 20   907472849,..    
f220	20 20 20 20 20 20 2d 30  2e 30 34 36 38 30 36 37         -0.0468067
f230	36 30 31 33 32 33 31 32  37 37 35 2c 0d 0a 20 20   60132312775,..  
f240	20 20 20 20 20 20 20 20  2d 30 2e 30 37 34 35 33           -0.07453
f250	39 31 36 39 36 36 39 31  35 31 33 2c 0d 0a 20 20   91696691513,..  
f260	20 20 20 20 20 20 20 20  2d 30 2e 30 31 30 36 31           -0.01061
f270	36 31 30 33 31 38 37 32  30 33 34 30 37 2c 0d 0a   6103187203407,..
f280	20 20 20 20 20 20 20 20  20 20 2d 30 2e 30 37 33             -0.073
f290	33 36 36 39 39 39 36 32  36 31 35 39 36 37 2c 0d   36699962615967,.
f2a0	0a 20 20 20 20 20 20 20  20 20 20 2d 30 2e 30 33   .          -0.03
f2b0	34 37 36 35 34 30 37 34  34 33 30 34 36 35 37 2c   476540744304657,
f2c0	0d 0a 20 20 20 20 20 20  20 20 20 20 2d 30 2e 30   ..          -0.0
f2d0	36 36 30 36 37 35 39 38  37 36 30 31 32 38 30 32   6606759876012802
f2e0	2c 0d 0a 20 20 20 20 20  20 20 20 20 20 2d 30 2e   ,..          -0.
f2f0	30 30 31 37 33 36 36 30  35 34 32 33 35 30 32 36   0017366054235026
f300	32 34 2c 0d 0a 20 20 20  20 20 20 20 20 20 20 30   24,..          0
f310	2e 30 31 31 34 36 31 39  32 38 34 38 36 38 32 34   .011461928486824
f320	30 33 36 2c 0d 0a 20 20  20 20 20 20 20 20 20 20   036,..          
f330	2d 30 2e 30 32 39 31 31  37 36 39 34 31 32 34 35   -0.0291176941245
f340	37 39 34 33 2c 0d 0a 20  20 20 20 20 20 20 20 20   7943,..         
f350	20 30 2e 30 31 34 35 30  35 35 36 37 30 32 39 31    0.0145055670291
f360	31 38 35 33 38 2c 0d 0a  20 20 20 20 20 20 20 20   18538,..        
f370	20 20 2d 30 2e 30 34 37  39 35 32 32 38 36 38 39     -0.04795228689
f380	39 30 38 39 38 31 2c 0d  0a 20 20 20 20 20 20 20   908981,..       
f390	20 20 20 2d 30 2e 30 34  38 37 37 38 31 33 31 36      -0.0487781316
f3a0	30 34 31 39 34 36 34 2c  0d 0a 20 20 20 20 20 20   0419464,..      
f3b0	20 20 20 20 30 2e 30 31  30 32 34 33 31 34 31 30       0.0102431410
f3c0	39 32 33 36 30 30 32 2c  0d 0a 20 20 20 20 20 20   9236002,..      
f3d0	20 20 20 20 30 2e 30 34  34 30 30 39 35 34 33 39       0.0440095439
f3e0	35 35 33 32 36 30 38 2c  0d 0a 20 20 20 20 20 20   5532608,..      
f3f0	20 20 20 20 30 2e 30 33  36 35 35 30 32 39 38 33       0.0365502983
f400	33 33 31 36 38 30 33 2c  0d 0a 20 20 20 20 20 20   3316803,..      
f410	20 20 20 20 2d 30 2e 30  31 36 34 37 36 39 33 38       -0.016476938
f420	35 30 31 30 30 30 34 30  34 2c 0d 0a 20 20 20 20   501000404,..    
f430	20 20 20 20 20 20 2d 30  2e 30 30 38 36 35 38 30         -0.0086580
f440	35 31 34 39 30 37 38 33  36 39 31 2c 0d 0a 20 20   51490783691,..  
f450	20 20 20 20 20 20 20 20  2d 30 2e 30 33 38 37 30           -0.03870
f460	38 31 35 30 33 38 36 38  31 30 33 2c 0d 0a 20 20   81503868103,..  
f470	20 20 20 20 20 20 20 20  30 2e 30 37 38 32 36 38           0.078268
f480	37 38 38 37 35 34 39 34  30 30 33 2c 0d 0a 20 20   78875494003,..  
f490	20 20 20 20 20 20 20 20  30 2e 30 36 32 34 39 37           0.062497
f4a0	38 31 33 32 35 34 35 39  34 38 2c 0d 0a 20 20 20   8132545948,..   
f4b0	20 20 20 20 20 20 20 2d  30 2e 30 30 34 34 31 38          -0.004418
f4c0	39 33 36 35 35 38 30 36  37 37 39 39 2c 0d 0a 20   936558067799,.. 
f4d0	20 20 20 20 20 20 20 20  20 2d 30 2e 30 33 32 38            -0.0328
f4e0	34 37 33 31 35 30 37 33  30 31 33 33 30 36 2c 0d   47315073013306,.
f4f0	0a 20 20 20 20 20 20 20  20 20 20 30 2e 30 30 33   .          0.003
f500	33 36 39 39 38 30 32 35  38 38 36 37 31 34 34 36   3699802588671446
f510	2c 0d 0a 20 20 20 20 20  20 20 20 20 20 2d 30 2e   ,..          -0.
f520	30 39 36 31 37 30 39 37  36 37 35 38 30 30 33 32   0961709767580032
f530	33 2c 0d 0a 20 20 20 20  20 20 20 20 20 20 2d 30   3,..          -0
f540	2e 30 31 30 32 38 39 37  36 31 32 33 37 38 30 30   .010289761237800
f550	31 32 31 2c 0d 0a 20 20  20 20 20 20 20 20 20 20   121,..          
f560	30 2e 30 38 34 37 31 35  37 30 39 30 39 30 32 33   0.08471570909023
f570	32 38 35 2c 0d 0a 20 20  20 20 20 20 20 20 20 20   285,..          
f580	2d 30 2e 30 32 31 31 32  35 36 34 36 33 30 38 30   -0.0211256463080
f590	36 34 34 36 2c 0d 0a 20  20 20 20 20 20 20 20 20   6446,..         
f5a0	20 2d 30 2e 30 36 30 34  31 39 38 38 33 35 37 39    -0.060419883579
f5b0	30 31 35 37 33 2c 0d 0a  20 20 20 20 20 20 20 20   01573,..        
f5c0	20 20 2d 30 2e 30 30 38  34 30 34 39 37 30 31 36     -0.00840497016
f5d0	39 30 36 37 33 38 33 2c  0d 0a 20 20 20 20 20 20   9067383,..      
f5e0	20 20 20 20 2d 30 2e 30  32 38 30 35 32 30 38 37       -0.028052087
f5f0	38 37 33 32 32 30 34 34  34 2c 0d 0a 20 20 20 20   873220444,..    
f600	20 20 20 20 20 20 30 2e  30 30 30 33 30 38 36 35         0.00030865
f610	31 32 31 35 31 36 33 39  39 30 38 36 2c 0d 0a 20   121516399086,.. 
f620	20 20 20 20 20 20 20 20  20 2d 30 2e 30 32 33 39            -0.0239
f630	32 32 38 36 34 33 34 37  36 39 36 33 30 34 2c 0d   22864347696304,.
f640	0a 20 20 20 20 20 20 20  20 20 20 30 2e 30 37 30   .          0.070
f650	38 36 32 38 32 32 32 33  34 36 33 30 35 38 2c 0d   86282223463058,.
f660	0a 20 20 20 20 20 20 20  20 20 20 30 2e 30 33 33   .          0.033
f670	38 38 36 32 38 33 36 33  36 30 39 33 31 34 2c 0d   88628363609314,.
f680	0a 20 20 20 20 20 20 20  20 20 20 2d 30 2e 30 35   .          -0.05
f690	39 36 37 33 39 35 37 35  32 36 36 38 33 38 31 2c   967395752668381,
f6a0	0d 0a 20 20 20 20 20 20  20 20 20 20 2d 30 2e 30   ..          -0.0
f6b0	34 33 38 34 39 37 30 32  39 32 34 34 38 39 39 37   4384970292448997
f6c0	35 2c 0d 0a 20 20 20 20  20 20 20 20 20 20 30 2e   5,..          0.
f6d0	30 35 33 30 31 33 39 31  37 30 35 38 37 30 36 32   0530139170587062
f6e0	38 34 2c 0d 0a 20 20 20  20 20 20 20 20 20 20 30   84,..          0
f6f0	2e 30 32 39 35 31 37 32  39 36 37 30 31 36 36 39   .029517296701669
f700	36 39 33 2c 0d 0a 20 20  20 20 20 20 20 20 20 20   693,..          
f710	30 2e 30 32 37 34 39 32  36 34 34 32 36 35 32 39   0.02749264426529
f720	34 30 37 35 2c 0d 0a 20  20 20 20 20 20 20 20 20   4075,..         
f730	20 30 2e 30 30 36 38 36  36 35 30 31 31 37 38 35    0.0068665011785
f740	39 32 34 34 33 35 2c 0d  0a 20 20 20 20 20 20 20   924435,..       
f750	20 20 20 30 2e 30 32 31  36 37 31 37 37 30 31 34      0.02167177014
f760	30 35 32 38 36 38 2c 0d  0a 20 20 20 20 20 20 20   052868,..       
f770	20 20 20 2d 30 2e 30 30  30 34 39 32 30 31 30 34      -0.0004920104
f780	34 30 32 31 31 37 34 33  31 2c 0d 0a 20 20 20 20   402117431,..    
f790	20 20 20 20 20 20 2d 30  2e 30 34 36 30 38 37 34         -0.0460874
f7a0	37 37 33 35 36 31 39 35  34 35 2c 0d 0a 20 20 20   7735619545,..   
f7b0	20 20 20 20 20 20 20 30  2e 30 30 38 37 31 37 39          0.0087179
f7c0	39 32 33 34 33 30 30 38  35 31 38 2c 0d 0a 20 20   92343008518,..  
f7d0	20 20 20 20 20 20 20 20  2d 30 2e 30 30 32 34 39           -0.00249
f7e0	35 38 34 39 39 37 30 37  32 38 31 35 39 2c 0d 0a   5849970728159,..
f7f0	20 20 20 20 20 20 20 20  20 20 30 2e 30 35 36 37             0.0567
f800	39 36 38 31 38 39 37 31  36 33 33 39 31 2c 0d 0a   9681897163391,..
f810	20 20 20 20 20 20 20 20  20 20 30 2e 30 35 32 32             0.0522
f820	31 34 37 31 31 39 30 34  35 32 35 37 36 2c 0d 0a   1471190452576,..
f830	20 20 20 20 20 20 20 20  20 20 2d 30 2e 30 30 35             -0.005
f840	35 31 37 38 34 33 31 37  39 34 30 34 37 33 35 36   5178431794047356
f850	2c 0d 0a 20 20 20 20 20  20 20 20 20 20 2d 30 2e   ,..          -0.
f860	30 36 33 31 33 37 31 38  31 31 30 33 32 32 39 35   0631371811032295
f870	32 2c 0d 0a 20 20 20 20  20 20 20 20 20 20 2d 30   2,..          -0
f880	2e 30 32 38 39 35 37 38  35 33 30 39 33 37 34 33   .028957853093743
f890	33 32 34 2c 0d 0a 20 20  20 20 20 20 20 20 20 20   324,..          
f8a0	2d 30 2e 30 30 36 34 38  36 38 37 38 37 33 30 33   -0.0064868787303
f8b0	35 36 36 39 33 2c 0d 0a  20 20 20 20 20 20 20 20   56693,..        
f8c0	20 20 2d 30 2e 30 30 35  32 36 34 37 36 31 33 39     -0.00526476139
f8d0	32 30 32 37 31 34 2c 0d  0a 20 20 20 20 20 20 20   202714,..       
f8e0	20 20 20 2d 30 2e 30 31  34 37 34 35 33 32 38 35      -0.0147453285
f8f0	37 35 33 37 32 36 39 36  2c 0d 0a 20 20 20 20 20   75372696,..     
f900	20 20 20 20 20 30 2e 30  36 36 39 37 33 33 35 38        0.066973358
f910	33 39 32 37 31 35 34 35  2c 0d 0a 20 20 20 20 20   39271545,..     
f920	20 20 20 20 20 2d 30 2e  30 35 30 36 39 36 32 32        -0.05069622
f930	33 39 37 34 32 32 37 39  30 35 2c 0d 0a 20 20 20   3974227905,..   
f940	20 20 20 20 20 20 20 2d  30 2e 30 30 38 36 33 31          -0.008631
f950	34 31 31 39 33 39 38 35  39 33 39 2c 0d 0a 20 20   41193985939,..  
f960	20 20 20 20 20 20 20 20  2d 30 2e 30 34 35 34 34           -0.04544
f970	38 31 31 33 32 33 32 38  35 31 30 33 2c 0d 0a 20   811323285103,.. 
f980	20 20 20 20 20 20 20 20  20 2d 30 2e 30 32 34 31            -0.0241
f990	37 35 39 34 35 36 36 39  34 31 32 36 31 33 2c 0d   75945669412613,.
f9a0	0a 20 20 20 20 20 20 20  20 20 20 30 2e 30 31 37   .          0.017
f9b0	34 38 39 32 36 35 36 35  30 35 31 30 37 38 38 2c   489265650510788,
f9c0	0d 0a 20 20 20 20 20 20  20 20 20 20 2d 30 2e 30   ..          -0.0
f9d0	37 33 35 32 36 38 34 34  33 38 32 32 38 36 30 37   7352684438228607
f9e0	2c 0d 0a 20 20 20 20 20  20 20 20 20 20 2d 30 2e   ,..          -0.
f9f0	30 32 32 34 35 37 36 35  35 35 31 39 32 34 37 30   0224576555192470
fa00	35 35 2c 0d 0a 20 20 20  20 20 20 20 20 20 20 30   55,..          0
fa10	2e 30 35 30 36 36 39 35  38 34 34 32 33 33 30 33   .050669584423303
fa20	36 30 34 2c 0d 0a 20 20  20 20 20 20 20 20 20 20   604,..          
fa30	2d 30 2e 30 33 32 33 31  34 35 31 32 38 37 38 36   -0.0323145128786
fa40	35 36 33 39 2c 0d 0a 20  20 20 20 20 20 20 20 20   5639,..         
fa50	20 2d 30 2e 30 30 39 35  34 33 38 33 37 30 34 38    -0.009543837048
fa60	31 31 33 33 34 36 2c 0d  0a 20 20 20 20 20 20 20   113346,..       
fa70	20 20 20 2d 30 2e 30 38  33 32 32 33 38 35 36 39      -0.0832238569
fa80	38 35 35 36 39 2c 0d 0a  20 20 20 20 20 20 20 20   85569,..        
fa90	20 20 30 2e 30 31 39 37  38 30 33 31 39 31 38 34     0.019780319184
faa0	30 36 34 38 36 35 2c 0d  0a 20 20 20 20 20 20 20   064865,..       
fab0	20 20 20 30 2e 30 35 38  37 31 34 39 31 31 33 34      0.05871491134
fac0	31 36 36 37 31 37 35 2c  0d 0a 20 20 20 20 20 20   1667175,..      
fad0	20 20 20 20 2d 30 2e 30  32 32 31 37 37 39 33 32       -0.022177932
fae0	37 38 33 39 36 31 32 39  36 2c 0d 0a 20 20 20 20   783961296,..    
faf0	20 20 20 20 20 20 2d 30  2e 30 37 30 39 36 39 33         -0.0709693
fb00	38 37 38 38 38 39 30 38  33 39 2c 0d 0a 20 20 20   8788890839,..   
fb10	20 20 20 20 20 20 20 2d  30 2e 30 33 38 30 34 32          -0.038042
fb20	31 34 36 37 31 32 35 34  31 35 38 2c 0d 0a 20 20   14671254158,..  
fb30	20 20 20 20 20 20 20 20  30 2e 30 32 34 37 36 32           0.024762
fb40	30 32 38 38 32 38 32 36  33 32 38 33 2c 0d 0a 20   028828263283,.. 
fb50	20 20 20 20 20 20 20 20  20 30 2e 30 34 39 38 37            0.04987
fb60	30 33 37 39 32 36 39 31  32 33 30 38 2c 0d 0a 20   037926912308,.. 
fb70	20 20 20 20 20 20 20 20  20 2d 30 2e 30 30 31 32            -0.0012
fb80	38 30 33 39 32 36 33 36  35 34 35 30 30 32 35 2c   803926365450025,
fb90	0d 0a 20 20 20 20 20 20  20 20 20 20 30 2e 30 31   ..          0.01
fba0	37 39 38 32 31 30 38 35  31 38 34 38 31 32 35 35   7982108518481255
fbb0	2c 0d 0a 20 20 20 20 20  20 20 20 20 20 30 2e 30   ,..          0.0
fbc0	31 38 37 31 34 37 31 32  39 33 32 37 30 35 38 38   1871471293270588
fbd0	2c 0d 0a 20 20 20 20 20  20 20 20 20 20 2d 30 2e   ,..          -0.
fbe0	30 32 32 39 31 30 35 33  37 31 39 38 31 38 35 39   0229105371981859
fbf0	32 2c 0d 0a 20 20 20 20  20 20 20 20 20 20 2d 30   2,..          -0
fc00	2e 30 34 30 36 37 39 35  32 35 35 38 33 39 38 32   .040679525583982
fc10	34 37 2c 0d 0a 20 20 20  20 20 20 20 20 20 20 30   47,..          0
fc20	2e 30 32 31 31 33 38 39  36 36 30 38 33 35 32 36   .021138966083526
fc30	36 31 2c 0d 0a 20 20 20  20 20 20 20 20 20 20 30   61,..          0
fc40	2e 30 33 37 32 34 32 39  34 31 35 35 38 33 36 31   .037242941558361
fc50	30 35 2c 0d 0a 20 20 20  20 20 20 20 20 20 20 30   05,..          0
fc60	2e 30 32 31 33 35 32 30  38 38 30 37 38 38 35 36   .021352088078856
fc70	34 36 38 2c 0d 0a 20 20  20 20 20 20 20 20 20 20   468,..          
fc80	2d 30 2e 30 30 35 31 39  38 31 36 31 31 31 37 37   -0.0051981611177
fc90	33 32 35 32 35 2c 0d 0a  20 20 20 20 20 20 20 20   32525,..        
fca0	20 20 30 2e 30 30 39 32  35 37 34 35 35 33 35 36     0.009257455356
fcb0	34 31 39 30 38 36 2c 0d  0a 20 20 20 20 20 20 20   419086,..       
fcc0	20 20 20 30 2e 30 31 31  30 32 32 33 36 35 36 35      0.01102236565
fcd0	32 30 32 34 37 34 36 2c  0d 0a 20 20 20 20 20 20   2024746,..      
fce0	20 20 20 20 2d 30 2e 30  32 37 37 35 39 30 34 37       -0.027759047
fcf0	32 32 35 31 31 37 36 38  33 2c 0d 0a 20 20 20 20   225117683,..    
fd00	20 20 20 20 20 20 2d 30  2e 30 34 37 38 34 35 37         -0.0478457
fd10	32 38 36 39 35 33 39 32  36 31 2c 0d 0a 20 20 20   2869539261,..   
fd20	20 20 20 20 20 20 20 2d  30 2e 32 36 33 32 30 34          -0.263204
fd30	37 38 33 32 30 31 32 31  37 36 35 2c 0d 0a 20 20   78320121765,..  
fd40	20 20 20 20 20 20 20 20  30 2e 30 30 37 33 33 32           0.007332
fd50	37 30 34 30 32 39 39 37  37 33 32 32 2c 0d 0a 20   704029977322,.. 
fd60	20 20 20 20 20 20 20 20  20 30 2e 30 33 37 35 30            0.03750
fd70	39 33 34 34 35 31 38 31  38 34 36 36 2c 0d 0a 20   934451818466,.. 
fd80	20 20 20 20 20 20 20 20  20 30 2e 30 31 31 39 34            0.01194
fd90	38 31 31 31 34 36 37 30  36 33 34 32 37 2c 0d 0a   8111467063427,..
fda0	20 20 20 20 20 20 20 20  20 20 30 2e 30 31 36 32             0.0162
fdb0	39 30 34 35 37 39 31 39  32 33 39 39 39 38 2c 0d   90457919239998,.
fdc0	0a 20 20 20 20 20 20 20  20 20 20 2d 30 2e 30 35   .          -0.05
fdd0	35 38 39 31 30 35 35 36  31 33 37 35 36 31 38 2c   589105561375618,
fde0	0d 0a 20 20 20 20 20 20  20 20 20 20 30 2e 30 33   ..          0.03
fdf0	35 33 32 34 38 35 32 39  31 33 36 31 38 30 39 2c   532485291361809,
fe00	0d 0a 20 20 20 20 20 20  20 20 20 20 30 2e 30 33   ..          0.03
fe10	30 31 38 33 33 30 30 33  37 35 39 33 38 34 31 36   0183300375938416
fe20	2c 0d 0a 20 20 20 20 20  20 20 20 20 20 30 2e 30   ,..          0.0
fe30	36 32 34 39 37 38 31 33  32 35 34 35 39 34 38 2c   624978132545948,
fe40	0d 0a 20 20 20 20 20 20  20 20 20 20 30 2e 30 33   ..          0.03
fe50	36 37 33 36 37 37 38 39  31 34 39 32 38 34 33 36   6736778914928436
fe60	2c 0d 0a 20 20 20 20 20  20 20 20 20 20 30 2e 30   ,..          0.0
fe70	33 31 34 36 32 30 32 38  36 32 32 36 32 37 32 36   3146202862262726
fe80	2c 0d 0a 20 20 20 20 20  20 20 20 20 20 30 2e 30   ,..          0.0
fe90	35 30 30 38 33 34 39 39  34 30 31 38 30 37 37 38   5008349940180778
fea0	35 2c 0d 0a 20 20 20 20  20 20 20 20 20 20 2d 30   5,..          -0
feb0	2e 30 32 35 38 35 34 32  37 34 36 33 30 35 34 36   .025854274630546
fec0	35 37 2c 0d 0a 20 20 20  20 20 20 20 20 20 20 30   57,..          0
fed0	2e 30 36 36 32 38 30 37  31 35 31 36 37 35 32 32   .066280715167522
fee0	34 33 2c 0d 0a 20 20 20  20 20 20 20 20 20 20 2d   43,..          -
fef0	30 2e 30 30 39 38 33 30  32 31 38 37 33 39 38 30   0.00983021873980
ff00	37 36 30 36 2c 0d 0a 20  20 20 20 20 20 20 20 20   7606,..         
ff10	20 30 2e 30 31 34 34 32  35 36 34 36 35 31 33 37    0.0144256465137
ff20	30 30 34 38 35 2c 0d 0a  20 20 20 20 20 20 20 20   00485,..        
ff30	20 20 30 2e 30 39 36 33  38 34 31 30 30 36 31 35     0.096384100615
ff40	39 37 38 32 34 2c 0d 0a  20 20 20 20 20 20 20 20   97824,..        
ff50	20 20 2d 30 2e 30 30 36  31 35 33 38 37 36 38 39     -0.00615387689
ff60	33 32 32 32 33 33 32 2c  0d 0a 20 20 20 20 20 20   3222332,..      
ff70	20 20 20 20 30 2e 30 32  39 34 33 37 33 37 36 31       0.0294373761
ff80	38 36 32 35 31 36 34 2c  0d 0a 20 20 20 20 20 20   8625164,..      
ff90	20 20 20 20 2d 30 2e 30  33 34 30 37 32 37 36 34       -0.034072764
ffa0	32 31 37 38 35 33 35 34  36 2c 0d 0a 20 20 20 20   217853546,..    
ffb0	20 20 20 20 20 20 2d 30  2e 30 31 34 34 35 32 32         -0.0144522
ffc0	38 36 39 39 35 39 34 37  33 36 31 2c 0d 0a 20 20   86995947361,..  
ffd0	20 20 20 20 20 20 20 20  30 2e 30 32 38 31 38 35           0.028185
ffe0	32 38 39 33 35 33 31 33  32 32 34 38 2c 0d 0a 20   289353132248,.. 
fff0	20 20 20 20 20 20 20 20  20 2d 30 2e 30 32 37 35            -0.0275
10000	31 39 32 38 35 36 37 38  38 36 33 35 32 35 2c 0d   19285678863525,.
10010	0a 20 20 20 20 20 20 20  20 20 20 2d 30 2e 30 31   .          -0.01
10020	33 39 35 39 34 34 34 31  32 37 39 37 36 38 39 34   3959444127976894
10030	2c 0d 0a 20 20 20 20 20  20 20 20 20 20 2d 30 2e   ,..          -0.
10040	30 30 30 39 33 39 30 36  35 36 34 38 37 30 38 34   0009390656487084
10050	39 32 35 2c 0d 0a 20 20  20 20 20 20 20 20 20 20   925,..          
10060	30 2e 30 30 39 35 38 33  37 39 37 33 30 35 38 32   0.00958379730582
10070	32 33 37 32 2c 0d 0a 20  20 20 20 20 20 20 20 20   2372,..         
10080	20 30 2e 30 38 39 36 37  30 37 37 37 33 32 30 38    0.0896707773208
10090	36 31 38 32 2c 0d 0a 20  20 20 20 20 20 20 20 20   6182,..         
100a0	20 30 2e 30 30 37 33 39  39 33 30 34 33 30 34 32    0.0073993043042
100b0	37 31 39 33 36 2c 0d 0a  20 20 20 20 20 20 20 20   71936,..        
100c0	20 20 2d 30 2e 30 33 34  37 36 35 34 30 37 34 34     -0.03476540744
100d0	33 30 34 36 35 37 2c 0d  0a 20 20 20 20 20 20 20   304657,..       
100e0	20 20 20 30 2e 30 31 39  35 36 37 31 39 37 31 38      0.01956719718
100f0	38 37 33 35 30 30 38 2c  0d 0a 20 20 20 20 20 20   8735008,..      
10100	20 20 20 20 30 2e 30 34  31 30 32 35 38 34 37 31       0.0410258471
10110	39 36 35 37 38 39 38 2c  0d 0a 20 20 20 20 20 20   9657898,..      
10120	20 20 20 20 30 2e 30 32  32 33 39 31 30 35 34 37       0.0223910547
10130	37 39 32 39 31 31 35 33  2c 0d 0a 20 20 20 20 20   79291153,..     
10140	20 20 20 20 20 2d 30 2e  30 36 30 35 32 36 34 34        -0.06052644
10150	31 37 38 32 37 31 32 39  33 36 2c 0d 0a 20 20 20   1782712936,..   
10160	20 20 20 20 20 20 20 2d  30 2e 30 35 39 35 31 34          -0.059514
10170	31 31 36 34 39 35 38 34  37 37 2c 0d 0a 20 20 20   1164958477,..   
10180	20 20 20 20 20 20 20 30  2e 30 35 32 32 34 31 33          0.0522413
10190	35 31 34 35 35 34 35 30  30 36 2c 0d 0a 20 20 20   5145545006,..   
101a0	20 20 20 20 20 20 20 30  2e 30 33 32 31 32 38 30          0.0321280
101b0	33 32 32 39 36 38 39 35  39 38 2c 0d 0a 20 20 20   3229689598,..   
101c0	20 20 20 20 20 20 20 2d  30 2e 30 33 31 35 39 35          -0.031595
101d0	32 33 30 31 30 32 35 33  39 30 36 2c 0d 0a 20 20   23010253906,..  
101e0	20 20 20 20 20 20 20 20  2d 30 2e 30 34 39 33 33           -0.04933
101f0	37 35 37 37 30 37 34 37  36 36 31 36 2c 0d 0a 20   757707476616,.. 
10200	20 20 20 20 20 20 20 20  20 30 2e 30 30 36 36 33            0.00663
10210	33 33 39 39 39 38 35 37  33 30 36 34 38 2c 0d 0a   3399985730648,..
10220	20 20 20 20 20 20 20 20  20 20 2d 30 2e 30 30 32             -0.002
10230	32 30 34 34 37 33 31 33  30 34 30 34 39 34 39 2c   204473130404949,
10240	0d 0a 20 20 20 20 20 20  20 20 20 20 30 2e 30 34   ..          0.04
10250	36 31 31 34 31 31 36 39  30 37 31 31 39 37 35 2c   611411690711975,
10260	0d 0a 20 20 20 20 20 20  20 20 20 20 30 2e 30 30   ..          0.00
10270	31 34 34 31 30 36 36 31  35 33 33 34 37 34 39 32   1441066153347492
10280	32 2c 0d 0a 20 20 20 20  20 20 20 20 20 20 2d 30   2,..          -0
10290	2e 30 36 36 39 37 33 33  35 38 33 39 32 37 31 35   .066973358392715
102a0	34 35 2c 0d 0a 20 20 20  20 20 20 20 20 20 20 2d   45,..          -
102b0	30 2e 30 35 36 36 39 30  32 36 30 37 36 37 39 33   0.05669026076793
102c0	36 37 31 2c 0d 0a 20 20  20 20 20 20 20 20 20 20   671,..          
102d0	30 2e 30 32 38 35 35 38  32 35 30 35 31 36 36 35   0.02855825051665
102e0	33 30 36 2c 0d 0a 20 20  20 20 20 20 20 20 20 20   306,..          
102f0	2d 30 2e 30 32 31 32 30  35 35 36 36 38 32 33 34   -0.0212055668234
10300	38 32 35 31 33 2c 0d 0a  20 20 20 20 20 20 20 20   82513,..        
10310	20 20 30 2e 30 30 33 35  32 36 34 39 31 31 31 33     0.003526491113
10320	30 30 37 30 36 38 36 2c  0d 0a 20 20 20 20 20 20   0070686,..      
10330	20 20 20 20 2d 30 2e 30  30 34 33 33 39 30 31 36       -0.004339016
10340	30 34 32 36 34 39 37 34  36 2c 0d 0a 20 20 20 20   042649746,..    
10350	20 20 20 20 20 20 2d 30  2e 30 37 35 34 34 34 39         -0.0754449
10360	32 39 33 30 31 37 33 38  37 34 2c 0d 0a 20 20 20   2930173874,..   
10370	20 20 20 20 20 20 20 30  2e 30 33 39 35 33 33 39          0.0395339
10380	39 38 38 31 37 32 30 35  34 33 2c 0d 0a 20 20 20   9881720543,..   
10390	20 20 20 20 20 20 20 2d  30 2e 30 31 32 30 30 31          -0.012001
103a0	33 39 31 35 30 30 32 33  34 36 30 34 2c 0d 0a 20   391500234604,.. 
103b0	20 20 20 20 20 20 20 20  20 30 2e 30 30 39 36 30            0.00960
103c0	33 37 37 37 39 30 30 33  33 38 31 37 33 2c 0d 0a   3777900338173,..
103d0	20 20 20 20 20 20 20 20  20 20 2d 30 2e 30 31 33             -0.013
103e0	32 30 36 38 35 39 31 31  39 32 33 36 34 37 2c 0d   20685911923647,.
103f0	0a 20 20 20 20 20 20 20  20 20 20 2d 30 2e 30 30   .          -0.00
10400	32 35 35 39 31 32 30 33  30 31 31 35 37 32 33 36   2559120301157236
10410	2c 0d 0a 20 20 20 20 20  20 20 20 20 20 2d 30 2e   ,..          -0.
10420	30 32 39 34 33 37 33 37  36 31 38 36 32 35 31 36   0294373761862516
10430	34 2c 0d 0a 20 20 20 20  20 20 20 20 20 20 2d 30   4,..          -0
10440	2e 30 33 33 38 35 39 36  34 34 30 38 35 31 36 38   .033859644085168
10450	38 34 2c 0d 0a 20 20 20  20 20 20 20 20 20 20 30   84,..          0
10460	2e 30 30 36 38 38 36 34  38 31 33 30 37 34 34 36   .006886481307446
10470	39 35 37 2c 0d 0a 20 20  20 20 20 20 20 20 20 20   957,..          
10480	30 2e 30 31 32 34 32 37  36 33 34 35 35 39 35 37   0.01242763455957
10490	31 37 34 33 2c 0d 0a 20  20 20 20 20 20 20 20 20   1743,..         
104a0	20 30 2e 30 34 32 36 37  37 35 33 36 36 30 36 37    0.0426775366067
104b0	38 38 36 33 35 2c 0d 0a  20 20 20 20 20 20 20 20   88635,..        
104c0	20 20 30 2e 30 33 38 34  31 35 31 31 31 36 30 31     0.038415111601
104d0	33 35 32 36 39 2c 0d 0a  20 20 20 20 20 20 20 20   35269,..        
104e0	20 20 2d 30 2e 30 31 39  39 36 36 37 39 39 37 36     -0.01996679976
104f0	35 38 32 35 32 37 2c 0d  0a 20 20 20 20 20 20 20   582527,..       
10500	20 20 20 30 2e 30 33 39  35 36 30 36 33 38 33 36      0.03956063836
10510	38 31 32 39 37 33 2c 0d  0a 20 20 20 20 20 20 20   812973,..       
10520	20 20 20 30 2e 30 36 37  36 31 32 37 32 32 35 31      0.06761272251
10530	36 30 35 39 38 38 2c 0d  0a 20 20 20 20 20 20 20   605988,..       
10540	20 20 20 30 2e 30 30 32  32 33 31 31 31 33 33 37      0.00223111337
10550	39 38 32 31 31 38 31 33  2c 0d 0a 20 20 20 20 20   98211813,..     
10560	20 20 20 20 20 30 2e 30  32 32 36 31 37 34 39 34        0.022617494
10570	36 38 37 34 33 38 30 31  2c 0d 0a 20 20 20 20 20   68743801,..     
10580	20 20 20 20 20 30 2e 30  31 36 36 37 36 37 34 30        0.016676740
10590	37 32 30 38 36 38 31 31  2c 0d 0a 20 20 20 20 20   72086811,..     
105a0	20 20 20 20 20 2d 30 2e  30 30 38 30 38 35 32 38        -0.00808528
105b0	38 31 30 37 33 39 35 31  37 32 2c 0d 0a 20 20 20   8107395172,..   
105c0	20 20 20 20 20 20 20 30  2e 30 31 30 36 34 32 37          0.0106427
105d0	34 33 36 36 39 34 35 30  32 38 33 2c 0d 0a 20 20   43669450283,..  
105e0	20 20 20 20 20 20 20 20  30 2e 30 34 39 39 37 36           0.049976
105f0	39 34 31 31 39 38 31 31  30 35 38 2c 0d 0a 20 20   94119811058,..  
10600	20 20 20 20 20 20 20 20  30 2e 31 30 36 34 30 30           0.106400
10610	37 39 35 32 38 30 39 33  33 33 38 2c 0d 0a 20 20   79528093338,..  
10620	20 20 20 20 20 20 20 20  2d 30 2e 30 30 31 31 30           -0.00110
10630	39 37 32 39 31 37 31 37  33 30 35 37 38 2c 0d 0a   9729171730578,..
10640	20 20 20 20 20 20 20 20  20 20 30 2e 30 33 37 39             0.0379
10650	33 35 35 38 38 35 30 38  38 34 34 33 37 36 2c 0d   35588508844376,.
10660	0a 20 20 20 20 20 20 20  20 20 20 2d 30 2e 30 33   .          -0.03
10670	30 35 38 32 39 30 32 39  35 33 30 32 38 36 38 2c   058290295302868,
10680	0d 0a 20 20 20 20 20 20  20 20 20 20 2d 30 2e 30   ..          -0.0
10690	32 37 33 38 36 30 38 34  31 39 38 39 35 31 37 32   2738608419895172
106a0	2c 0d 0a 20 20 20 20 20  20 20 20 20 20 30 2e 30   ,..          0.0
106b0	35 30 37 37 36 31 34 32  36 32 37 30 30 30 38 31   5077614262700081
106c0	2c 0d 0a 20 20 20 20 20  20 20 20 20 20 2d 30 2e   ,..          -0.
106d0	30 37 30 35 34 33 31 34  30 31 37 32 39 35 38 33   0705431401729583
106e0	37 2c 0d 0a 20 20 20 20  20 20 20 20 20 20 30 2e   7,..          0.
106f0	30 30 34 32 36 35 37 35  35 34 31 34 39 36 32 37   0042657554149627
10700	36 38 36 2c 0d 0a 20 20  20 20 20 20 20 20 20 20   686,..          
10710	2d 30 2e 30 33 30 35 32  39 36 32 33 38 35 31 31   -0.0305296238511
10720	38 30 30 37 37 2c 0d 0a  20 20 20 20 20 20 20 20   80077,..        
10730	20 20 30 2e 30 35 34 32  33 39 33 36 36 32 30 33     0.054239366203
10740	35 34 36 35 32 34 2c 0d  0a 20 20 20 20 20 20 20   546524,..       
10750	20 20 20 30 2e 30 30 36  38 36 36 35 30 31 31 37      0.00686650117
10760	38 35 39 32 34 34 33 35  2c 0d 0a 20 20 20 20 20   85924435,..     
10770	20 20 20 20 20 30 2e 30  31 37 33 35 36 30 36 34        0.017356064
10780	31 37 30 35 39 38 39 38  34 2c 0d 0a 20 20 20 20   170598984,..    
10790	20 20 20 20 20 20 2d 30  2e 30 33 32 31 32 38 30         -0.0321280
107a0	33 32 32 39 36 38 39 35  39 38 2c 0d 0a 20 20 20   3229689598,..   
107b0	20 20 20 20 20 20 20 30  2e 30 35 31 33 33 35 35          0.0513355
107c0	38 38 30 39 37 35 37 32  33 33 2c 0d 0a 20 20 20   8809757233,..   
107d0	20 20 20 20 20 20 20 2d  30 2e 30 32 36 38 39 33          -0.026893
107e0	32 34 31 33 33 30 39 38  31 32 35 35 2c 0d 0a 20   241330981255,.. 
107f0	20 20 20 20 20 20 20 20  20 30 2e 30 31 31 30 31            0.01101
10800	35 37 30 35 37 36 34 32  39 33 36 37 2c 0d 0a 20   570576429367,.. 
10810	20 20 20 20 20 20 20 20  20 30 2e 30 31 38 32 38            0.01828
10820	38 34 36 38 39 34 32 30  34 36 31 36 35 2c 0d 0a   8468942046165,..
10830	20 20 20 20 20 20 20 20  20 20 30 2e 30 35 36 30             0.0560
10840	35 30 38 39 36 36 34 34  35 39 32 32 38 35 2c 0d   50896644592285,.
10850	0a 20 20 20 20 20 20 20  20 20 20 30 2e 30 30 39   .          0.009
10860	34 35 30 35 39 36 37 35  37 32 33 33 31 34 33 2c   450596757233143,
10870	0d 0a 20 20 20 20 20 20  20 20 20 20 30 2e 30 33   ..          0.03
10880	36 34 31 37 30 39 36 38  35 33 32 35 36 32 32 36   6417096853256226
10890	2c 0d 0a 20 20 20 20 20  20 20 20 20 20 2d 30 2e   ,..          -0.
108a0	30 33 31 35 36 38 35 39  30 35 35 31 36 31 34 37   0315685905516147
108b0	36 2c 0d 0a 20 20 20 20  20 20 20 20 20 20 30 2e   6,..          0.
108c0	30 30 34 37 31 31 39 37  38 31 33 37 34 39 33 31   0047119781374931
108d0	33 33 35 2c 0d 0a 20 20  20 20 20 20 20 20 20 20   335,..          
108e0	2d 30 2e 30 30 31 36 36  39 31 37 32 35 34 36 38   -0.0016691725468
108f0	32 36 33 30 33 2c 0d 0a  20 20 20 20 20 20 20 20   26303,..        
10900	20 20 30 2e 30 36 31 30  30 35 39 36 34 38 37 35     0.061005964875
10910	32 32 31 32 35 2c 0d 0a  20 20 20 20 20 20 20 20   22125,..        
10920	20 20 30 2e 30 30 38 31  35 38 35 34 38 37 33 35     0.008158548735
10930	30 38 32 31 35 2c 0d 0a  20 20 20 20 20 20 20 20   08215,..        
10940	20 20 30 2e 30 36 35 34  38 31 35 31 33 37 33 38     0.065481513738
10950	36 33 32 32 2c 0d 0a 20  20 20 20 20 20 20 20 20   6322,..         
10960	20 30 2e 30 32 35 39 37  34 31 35 36 33 33 34 39    0.0259741563349
10970	39 36 32 32 33 2c 0d 0a  20 20 20 20 20 20 20 20   96223,..        
10980	20 20 2d 30 2e 33 31 32  38 36 32 30 33 38 36 31     -0.31286203861
10990	32 33 36 35 37 2c 0d 0a  20 20 20 20 20 20 20 20   23657,..        
109a0	20 20 2d 30 2e 30 32 33  38 36 39 35 38 33 33 38     -0.02386958338
109b0	33 32 30 32 35 35 33 2c  0d 0a 20 20 20 20 20 20   3202553,..      
109c0	20 20 20 20 30 2e 30 30  33 31 35 38 35 32 33 39       0.0031585239
109d0	33 33 39 36 31 39 38 37  35 2c 0d 0a 20 20 20 20   339619875,..    
109e0	20 20 20 20 20 20 30 2e  30 33 38 32 35 35 32 37         0.03825527
109f0	30 35 37 30 35 31 36 35  38 36 2c 0d 0a 20 20 20   0570516586,..   
10a00	20 20 20 20 20 20 20 30  2e 30 30 31 34 36 33 35          0.0014635
10a10	34 33 37 34 30 31 30 31  31 35 38 36 2c 0d 0a 20   437401011586,.. 
10a20	20 20 20 20 20 20 20 20  20 30 2e 30 34 30 32 37            0.04027
10a30	39 39 32 31 31 34 34 32  34 37 30 35 35 2c 0d 0a   9921144247055,..
10a40	20 20 20 20 20 20 20 20  20 20 30 2e 30 31 35 35             0.0155
10a50	38 34 34 39 33 30 35 35  39 33 39 36 37 34 2c 0d   84493055939674,.
10a60	0a 20 20 20 20 20 20 20  20 20 20 30 2e 30 31 37   .          0.017
10a70	37 38 32 33 30 36 32 39  38 36 31 33 35 35 2c 0d   78230629861355,.
10a80	0a 20 20 20 20 20 20 20  20 20 20 2d 30 2e 31 31   .          -0.11
10a90	34 32 33 33 30 30 32 30  36 36 36 31 32 32 34 2c   423300206661224,
10aa0	0d 0a 20 20 20 20 20 20  20 20 20 20 30 2e 30 35   ..          0.05
10ab0	33 37 35 39 38 34 33 31  31 31 30 33 38 32 31 2c   375984311103821,
10ac0	0d 0a 20 20 20 20 20 20  20 20 20 20 30 2e 30 31   ..          0.01
10ad0	36 31 39 37 32 31 37 36  32 38 33 35 39 37 39 35   6197217628359795
10ae0	2c 0d 0a 20 20 20 20 20  20 20 20 20 20 30 2e 30   ,..          0.0
10af0	32 32 35 31 30 39 33 34  36 32 31 30 39 35 36 35   2251093462109565
10b00	37 2c 0d 0a 20 20 20 20  20 20 20 20 20 20 2d 30   7,..          -0
10b10	2e 30 32 37 38 39 32 32  34 36 38 34 32 33 38 34   .027892246842384
10b20	33 34 2c 0d 0a 20 20 20  20 20 20 20 20 20 20 2d   34,..          -
10b30	30 2e 30 34 34 32 32 32  36 36 34 30 38 38 30 31   0.04422266408801
10b40	30 37 39 2c 0d 0a 20 20  20 20 20 20 20 20 20 20   079,..          
10b50	2d 30 2e 30 33 34 36 35  38 38 34 39 32 33 39 33   -0.0346588492393
10b60	34 39 33 36 35 2c 0d 0a  20 20 20 20 20 20 20 20   49365,..        
10b70	20 20 2d 30 2e 30 31 35  30 36 35 30 31 30 36 33     -0.01506501063
10b80	37 30 34 34 39 30 37 2c  0d 0a 20 20 20 20 20 20   7044907,..      
10b90	20 20 20 20 2d 30 2e 30  30 39 37 34 33 36 33 38       -0.009743638
10ba0	33 33 36 36 35 38 34 37  38 2c 0d 0a 20 20 20 20   336658478,..    
10bb0	20 20 20 20 20 20 2d 30  2e 30 33 33 30 30 37 31         -0.0330071
10bc0	35 36 31 30 33 38 34 39  34 31 2c 0d 0a 20 20 20   5610384941,..   
10bd0	20 20 20 20 20 20 20 30  2e 30 30 30 35 37 31 30          0.0005710
10be0	39 38 34 31 31 34 35 35  37 35 30 35 2c 0d 0a 20   984114557505,.. 
10bf0	20 20 20 20 20 20 20 20  20 2d 30 2e 30 30 31 32            -0.0012
10c00	35 30 34 32 32 34 34 33  32 36 33 32 33 32 37 2c   504224432632327,
10c10	0d 0a 20 20 20 20 20 20  20 20 20 20 2d 30 2e 30   ..          -0.0
10c20	34 32 30 33 38 31 37 32  34 38 33 34 34 34 32 31   4203817248344421
10c30	34 2c 0d 0a 20 20 20 20  20 20 20 20 20 20 30 2e   4,..          0.
10c40	30 34 39 30 37 31 31 37  34 31 31 34 39 34 32 35   0490711741149425
10c50	35 2c 0d 0a 20 20 20 20  20 20 20 20 20 20 30 2e   5,..          0.
10c60	31 33 34 37 39 39 32 31  32 32 31 37 33 33 30 39   1347992122173309
10c70	33 2c 0d 0a 20 20 20 20  20 20 20 20 20 20 30 2e   3,..          0.
10c80	30 32 35 33 37 34 37 35  31 35 33 38 30 33 38 32   0253747515380382
10c90	35 34 2c 0d 0a 20 20 20  20 20 20 20 20 20 20 2d   54,..          -
10ca0	30 2e 30 30 38 34 37 31  35 37 30 39 30 39 30 32   0.00847157090902
10cb0	33 32 38 35 2c 0d 0a 20  20 20 20 20 20 20 20 20   3285,..         
10cc0	20 2d 30 2e 30 33 30 35  30 32 39 38 32 34 33 37    -0.030502982437
10cd0	36 31 30 36 32 36 2c 0d  0a 20 20 20 20 20 20 20   610626,..       
10ce0	20 20 20 2d 30 2e 30 30  35 37 35 37 36 30 34 37      -0.0057576047
10cf0	32 35 36 35 38 38 39 34  2c 0d 0a 20 20 20 20 20   25658894,..     
10d00	20 20 20 20 20 2d 30 2e  30 30 31 35 38 38 34 31        -0.00158841
10d10	39 35 34 35 34 34 31 38  36 36 2c 0d 0a 20 20 20   9545441866,..   
10d20	20 20 20 20 20 20 20 2d  30 2e 30 36 31 37 35 31          -0.061751
10d30	38 39 30 39 32 37 35 35  33 31 38 2c 0d 0a 20 20   89092755318,..  
10d40	20 20 20 20 20 20 20 20  2d 30 2e 30 36 39 33 37           -0.06937
10d50	30 39 37 37 35 38 30 35  34 37 33 33 2c 0d 0a 20   097758054733,.. 
10d60	20 20 20 20 20 20 20 20  20 2d 30 2e 30 31 35 37            -0.0157
10d70	35 37 36 35 33 38 36 32  32 33 37 39 33 2c 0d 0a   5765386223793,..
10d80	20 20 20 20 20 20 20 20  20 20 30 2e 30 33 38 30             0.0380
10d90	34 32 31 34 36 37 31 32  35 34 31 35 38 2c 0d 0a   4214671254158,..
10da0	20 20 20 20 20 20 20 20  20 20 30 2e 30 34 36 35             0.0465
10db0	36 37 30 30 30 34 34 38  37 30 33 37 36 36 2c 0d   67000448703766,.
10dc0	0a 20 20 20 20 20 20 20  20 20 20 2d 30 2e 30 35   .          -0.05
10dd0	30 39 30 39 33 34 34 31  30 36 39 31 32 36 31 2c   090934410691261,
10de0	0d 0a 20 20 20 20 20 20  20 20 20 20 30 2e 30 32   ..          0.02
10df0	39 39 31 36 38 39 39 32  37 38 37 35 39 39 35 36   9916899278759956
10e00	2c 0d 0a 20 20 20 20 20  20 20 20 20 20 30 2e 30   ,..          0.0
10e10	35 34 31 30 36 31 36 34  37 32 33 36 33 34 37 32   5410616472363472
10e20	2c 0d 0a 20 20 20 20 20  20 20 20 20 20 2d 30 2e   ,..          -0.
10e30	30 34 33 30 35 30 34 39  37 37 37 30 33 30 39 34   0430504977703094
10e40	35 2c 0d 0a 20 20 20 20  20 20 20 20 20 20 2d 30   5,..          -0
10e50	2e 30 31 36 38 32 33 32  36 30 31 31 33 35 39 36   .016823260113596
10e60	39 31 36 2c 0d 0a 20 20  20 20 20 20 20 20 20 20   916,..          
10e70	2d 30 2e 30 34 34 39 31  35 33 31 31 30 33 38 34   -0.0449153110384
10e80	39 34 31 31 2c 0d 0a 20  20 20 20 20 20 20 20 20   9411,..         
10e90	20 30 2e 30 30 33 39 34  32 37 34 33 34 30 39 34    0.0039427434094
10ea0	32 35 30 32 2c 0d 0a 20  20 20 20 20 20 20 20 20   2502,..         
10eb0	20 2d 30 2e 30 32 32 36  30 34 31 37 34 39 31 31    -0.022604174911
10ec0	39 37 35 38 36 2c 0d 0a  20 20 20 20 20 20 20 20   97586,..        
10ed0	20 20 30 2e 30 36 33 37  37 36 35 34 35 32 32 36     0.063776545226
10ee0	35 37 33 39 34 2c 0d 0a  20 20 20 20 20 20 20 20   57394,..        
10ef0	20 20 2d 30 2e 30 31 33  36 37 39 37 32 32 33 32     -0.01367972232
10f00	34 30 31 33 37 31 2c 0d  0a 20 20 20 20 20 20 20   401371,..       
10f10	20 20 20 2d 30 2e 30 30  31 35 39 32 35 38 32 30      -0.0015925820
10f20	39 31 36 38 39 31 30 39  38 2c 0d 0a 20 20 20 20   916891098,..    
10f30	20 20 20 20 20 20 30 2e  30 32 33 35 38 39 38 36         0.02358986
10f40	30 36 34 37 39 31 36 37  39 34 2c 0d 0a 20 20 20   0647916794,..   
10f50	20 20 20 20 20 20 20 2d  30 2e 30 31 37 36 34 39          -0.017649
10f60	31 30 36 36 38 31 33 34  36 38 39 33 2c 0d 0a 20   106681346893,.. 
10f70	20 20 20 20 20 20 20 20  20 2d 30 2e 30 31 35 31            -0.0151
10f80	39 38 32 31 31 31 38 35  36 33 34 31 33 36 2c 0d   98211185634136,.
10f90	0a 20 20 20 20 20 20 20  20 20 20 2d 30 2e 30 33   .          -0.03
10fa0	32 31 38 31 33 31 31 33  39 38 37 34 34 35 38 2c   218131139874458,
10fb0	0d 0a 20 20 20 20 20 20  20 20 20 20 30 2e 30 30   ..          0.00
10fc0	31 34 36 39 33 37 31 32  35 38 32 38 31 31 37 31   1469371258281171
10fd0	33 2c 0d 0a 20 20 20 20  20 20 20 20 20 20 30 2e   3,..          0.
10fe0	30 34 37 36 30 35 39 36  35 32 38 36 34 39 33 33   0476059652864933
10ff0	2c 0d 0a 20 20 20 20 20  20 20 20 20 20 30 2e 30   ,..          0.0
11000	33 32 39 35 33 38 37 37  30 30 32 30 30 30 38 31   3295387700200081
11010	2c 0d 0a 20 20 20 20 20  20 20 20 20 20 2d 30 2e   ,..          -0.
11020	30 33 38 38 36 37 39 39  31 34 31 37 36 34 36 34   0388679914176464
11030	31 2c 0d 0a 20 20 20 20  20 20 20 20 20 20 2d 30   1,..          -0
11040	2e 30 32 37 33 35 39 34  34 34 36 34 38 30 32 37   .027359444648027
11050	34 32 2c 0d 0a 20 20 20  20 20 20 20 20 20 20 2d   42,..          -
11060	30 2e 30 30 32 33 33 37  36 37 33 39 31 31 38 32   0.00233767391182
11070	34 38 32 32 34 2c 0d 0a  20 20 20 20 20 20 20 20   48224,..        
11080	20 20 30 2e 30 33 34 33  39 32 34 34 36 32 37 39     0.034392446279
11090	35 32 35 37 36 2c 0d 0a  20 20 20 20 20 20 20 20   52576,..        
110a0	20 20 30 2e 30 30 34 30  35 35 39 36 34 32 39 34     0.004055964294
110b0	38 32 31 30 32 34 2c 0d  0a 20 20 20 20 20 20 20   821024,..       
110c0	20 20 20 2d 30 2e 30 33  34 32 33 32 36 30 35 32      -0.0342326052
110d0	34 38 36 38 39 36 35 2c  0d 0a 20 20 20 20 20 20   4868965,..      
110e0	20 20 20 20 2d 30 2e 30  35 35 32 35 31 36 39 31       -0.055251691
110f0	34 39 30 34 31 31 37 36  2c 0d 0a 20 20 20 20 20   49041176,..     
11100	20 20 20 20 20 30 2e 30  37 32 39 39 34 30 33 38        0.072994038
11110	34 36 32 36 33 38 38 35  2c 0d 0a 20 20 20 20 20   46263885,..     
11120	20 20 20 20 20 2d 30 2e  30 31 30 35 32 39 35 32        -0.01052952
11130	32 37 38 34 30 35 34 32  38 2c 0d 0a 20 20 20 20   278405428,..    
11140	20 20 20 20 20 20 2d 30  2e 30 31 32 34 32 30 39         -0.0124209
11150	37 34 36 37 31 38 34 30  36 36 38 2c 0d 0a 20 20   74671840668,..  
11160	20 20 20 20 20 20 20 20  2d 30 2e 30 31 37 30 30           -0.01700
11170	39 37 34 32 35 35 38 30  30 32 34 37 32 2c 0d 0a   9742558002472,..
11180	20 20 20 20 20 20 20 20  20 20 30 2e 30 33 33 36             0.0336
11190	39 39 38 30 33 30 35 34  33 33 32 37 33 2c 0d 0a   9980305433273,..
111a0	20 20 20 20 20 20 20 20  20 20 30 2e 30 32 37 39             0.0279
111b0	37 32 31 36 37 33 35 37  38 30 32 33 39 2c 0d 0a   7216735780239,..
111c0	20 20 20 20 20 20 20 20  20 20 30 2e 30 33 34 35             0.0345
111d0	35 32 32 38 37 33 31 30  33 36 31 38 36 0d 0a 20   5228731036186.. 
111e0	20 20 20 20 20 20 20 5d  2c 0d 0a 20 20 20 20 20          ],..     
111f0	20 20 20 22 6b 65 79 77  6f 72 64 73 22 3a 20 7b      "keywords": {
11200	0d 0a 20 20 20 20 20 20  20 20 20 20 22 69 6e 64   ..          "ind
11210	69 63 65 73 22 3a 20 5b  0d 0a 20 20 20 20 20 20   ices": [..      
11220	20 20 20 20 20 20 31 39  34 39 37 38 36 36 36 35         1949786665
11230	2c 0d 0a 20 20 20 20 20  20 20 20 20 20 20 20 34   ,..            4
11240	34 39 39 33 30 38 36 37  2c 0d 0a 20 20 20 20 20   49930867,..     
11250	20 20 20 20 20 20 20 31  36 35 33 33 35 35 31 39          165335519
11260	31 2c 0d 0a 20 20 20 20  20 20 20 20 20 20 20 20   1,..            
11270	32 32 33 37 30 34 32 33  32 2c 0d 0a 20 20 20 20   223704232,..    
11280	20 20 20 20 20 20 20 20  31 34 33 38 38 37 35 34           14388754
11290	34 36 2c 0d 0a 20 20 20  20 20 20 20 20 20 20 20   46,..           
112a0	20 31 33 38 35 34 34 36  37 34 32 2c 0d 0a 20 20    1385446742,..  
112b0	20 20 20 20 20 20 20 20  20 20 38 30 32 34 38 37             802487
112c0	39 31 34 2c 0d 0a 20 20  20 20 20 20 20 20 20 20   914,..          
112d0	20 20 31 38 32 30 38 38  30 32 33 36 2c 0d 0a 20     1820880236,.. 
112e0	20 20 20 20 20 20 20 20  20 20 20 31 31 32 34 38              11248
112f0	32 35 32 39 2c 0d 0a 20  20 20 20 20 20 20 20 20   2529,..         
11300	20 20 20 31 32 32 39 35  35 34 34 31 35 2c 0d 0a      1229554415,..
11310	20 20 20 20 20 20 20 20  20 20 20 20 37 33 39 31               7391
11320	30 34 37 38 34 2c 0d 0a  20 20 20 20 20 20 20 20   04784,..        
11330	20 20 20 20 31 32 35 39  30 38 39 34 36 2c 0d 0a       125908946,..
11340	20 20 20 20 20 20 20 20  20 20 20 20 31 30 37 30               1070
11350	36 37 30 36 39 34 2c 0d  0a 20 20 20 20 20 20 20   670694,..       
11360	20 20 20 20 20 31 32 33  37 33 36 37 30 32 32 2c        1237367022,
11370	0d 0a 20 20 20 20 20 20  20 20 20 20 20 20 35 34   ..            54
11380	37 31 38 37 31 30 36 2c  0d 0a 20 20 20 20 20 20   7187106,..      
11390	20 20 20 20 20 20 31 31  39 34 35 35 30 35 38 39         1194550589
113a0	2c 0d 0a 20 20 20 20 20  20 20 20 20 20 20 20 31   ,..            1
113b0	30 38 37 30 31 36 31 38  39 2c 0d 0a 20 20 20 20   087016189,..    
113c0	20 20 20 20 20 20 20 20  31 33 30 37 35 34 34 33           13075443
113d0	35 2c 0d 0a 20 20 20 20  20 20 20 20 20 20 20 20   5,..            
113e0	36 38 33 30 32 32 38 39  39 2c 0d 0a 20 20 20 20   683022899,..    
113f0	20 20 20 20 20 20 20 20  39 34 33 36 30 31 31 31           94360111
11400	33 2c 0d 0a 20 20 20 20  20 20 20 20 20 20 20 20   3,..            
11410	38 36 38 32 37 35 31 30  33 2c 0d 0a 20 20 20 20   868275103,..    
11420	20 20 20 20 20 20 20 20  31 38 31 34 33 33 35 38           18143358
11430	36 39 2c 0d 0a 20 20 20  20 20 20 20 20 20 20 20   69,..           
11440	20 32 38 33 34 37 31 35  36 2c 0d 0a 20 20 20 20    28347156,..    
11450	20 20 20 20 20 20 20 20  31 37 34 35 34 35 30 37           17454507
11460	30 36 2c 0d 0a 20 20 20  20 20 20 20 20 20 20 20   06,..           
11470	20 38 37 31 36 33 32 33  35 2c 0d 0a 20 20 20 20    87163235,..    
11480	20 20 20 20 20 20 20 20  38 30 37 33 35 32 36 39           80735269
11490	39 2c 0d 0a 20 20 20 20  20 20 20 20 20 20 20 20   9,..            
114a0	32 31 32 31 35 38 36 30  36 30 0d 0a 20 20 20 20   2121586060..    
114b0	20 20 20 20 20 20 5d 2c  0d 0a 20 20 20 20 20 20         ],..      
114c0	20 20 20 20 22 76 61 6c  75 65 73 22 3a 20 5b 0d       "values": [.
114d0	0a 20 20 20 20 20 20 20  20 20 20 20 20 31 2e 35   .            1.5
114e0	36 35 33 31 34 30 36 33  33 36 38 35 33 38 2c 0d   65314063368538,.
114f0	0a 20 20 20 20 20 20 20  20 20 20 20 20 31 2e 35   .            1.5
11500	36 35 33 31 34 30 36 33  33 36 38 35 33 38 2c 0d   65314063368538,.
11510	0a 20 20 20 20 20 20 20  20 20 20 20 20 31 2e 38   .            1.8
11520	32 39 31 36 35 33 31 33  34 31 33 34 34 36 32 2c   291653134134462,
11530	0d 0a 20 20 20 20 20 20  20 20 20 20 20 20 31 2e   ..            1.
11540	35 36 35 33 31 34 30 36  33 33 36 38 35 33 38 2c   565314063368538,
11550	0d 0a 20 20 20 20 20 20  20 20 20 20 20 20 31 2e   ..            1.
11560	38 32 39 31 36 35 33 31  33 34 31 33 34 34 36 32   8291653134134462
11570	2c 0d 0a 20 20 20 20 20  20 20 20 20 20 20 20 31   ,..            1
11580	2e 38 32 39 31 36 35 33  31 33 34 31 33 34 34 36   .829165313413446
11590	32 2c 0d 0a 20 20 20 20  20 20 20 20 20 20 20 20   2,..            
115a0	31 2e 35 36 35 33 31 34  30 36 33 33 36 38 35 33   1.56531406336853
115b0	38 2c 0d 0a 20 20 20 20  20 20 20 20 20 20 20 20   8,..            
115c0	31 2e 35 36 35 33 31 34  30 36 33 33 36 38 35 33   1.56531406336853
115d0	38 2c 0d 0a 20 20 20 20  20 20 20 20 20 20 20 20   8,..            
115e0	31 2e 35 36 35 33 31 34  30 36 33 33 36 38 35 33   1.56531406336853
115f0	38 2c 0d 0a 20 20 20 20  20 20 20 20 20 20 20 20   8,..            
11600	31 2e 35 36 35 33 31 34  30 36 33 33 36 38 35 33   1.56531406336853
11610	38 2c 0d 0a 20 20 20 20  20 20 20 20 20 20 20 20   8,..            
11620	31 2e 35 36 35 33 31 34  30 36 33 33 36 38 35 33   1.56531406336853
11630	38 2c 0d 0a 20 20 20 20  20 20 20 20 20 20 20 20   8,..            
11640	31 2e 35 36 35 33 31 34  30 36 33 33 36 38 35 33   1.56531406336853
11650	38 2c 0d 0a 20 20 20 20  20 20 20 20 20 20 20 20   8,..            
11660	31 2e 35 36 35 33 31 34  30 36 33 33 36 38 35 33   1.56531406336853
11670	38 2c 0d 0a 20 20 20 20  20 20 20 20 20 20 20 20   8,..            
11680	31 2e 35 36 35 33 31 34  30 36 33 33 36 38 35 33   1.56531406336853
11690	38 2c 0d 0a 20 20 20 20  20 20 20 20 20 20 20 20   8,..            
116a0	31 2e 35 36 35 33 31 34  30 36 33 33 36 38 35 33   1.56531406336853
116b0	38 2c 0d 0a 20 20 20 20  20 20 20 20 20 20 20 20   8,..            
116c0	31 2e 35 36 35 33 31 34  30 36 33 33 36 38 35 33   1.56531406336853
116d0	38 2c 0d 0a 20 20 20 20  20 20 20 20 20 20 20 20   8,..            
116e0	31 2e 35 36 35 33 31 34  30 36 33 33 36 38 35 33   1.56531406336853
116f0	38 2c 0d 0a 20 20 20 20  20 20 20 20 20 20 20 20   8,..            
11700	31 2e 35 36 35 33 31 34  30 36 33 33 36 38 35 33   1.56531406336853
11710	38 2c 0d 0a 20 20 20 20  20 20 20 20 20 20 20 20   8,..            
11720	31 2e 35 36 35 33 31 34  30 36 33 33 36 38 35 33   1.56531406336853
11730	38 2c 0d 0a 20 20 20 20  20 20 20 20 20 20 20 20   8,..            
11740	31 2e 35 36 35 33 31 34  30 36 33 33 36 38 35 33   1.56531406336853
11750	38 2c 0d 0a 20 20 20 20  20 20 20 20 20 20 20 20   8,..            
11760	31 2e 35 36 35 33 31 34  30 36 33 33 36 38 35 33   1.56531406336853
11770	38 2c 0d 0a 20 20 20 20  20 20 20 20 20 20 20 20   8,..            
11780	31 2e 35 36 35 33 31 34  30 36 33 33 36 38 35 33   1.56531406336853
11790	38 2c 0d 0a 20 20 20 20  20 20 20 20 20 20 20 20   8,..            
117a0	31 2e 35 36 35 33 31 34  30 36 33 33 36 38 35 33   1.56531406336853
117b0	38 2c 0d 0a 20 20 20 20  20 20 20 20 20 20 20 20   8,..            
117c0	31 2e 35 36 35 33 31 34  30 36 33 33 36 38 35 33   1.56531406336853
117d0	38 2c 0d 0a 20 20 20 20  20 20 20 20 20 20 20 20   8,..            
117e0	31 2e 35 36 35 33 31 34  30 36 33 33 36 38 35 33   1.56531406336853
117f0	38 2c 0d 0a 20 20 20 20  20 20 20 20 20 20 20 20   8,..            
11800	31 2e 35 36 35 33 31 34  30 36 33 33 36 38 35 33   1.56531406336853
11810	38 2c 0d 0a 20 20 20 20  20 20 20 20 20 20 20 20   8,..            
11820	31 2e 35 36 35 33 31 34  30 36 33 33 36 38 35 33   1.56531406336853
11830	38 0d 0a 20 20 20 20 20  20 20 20 20 20 5d 0d 0a   8..          ]..
11840	20 20 20 20 20 20 20 20  7d 0d 0a 20 20 20 20 20           }..     
11850	20 7d 2c 0d 0a 20 20 20  20 20 20 22 70 61 79 6c    },..      "payl
11860	6f 61 64 22 3a 20 7b 0d  0a 20 20 20 20 20 20 20   oad": {..       
11870	20 22 64 6f 63 75 6d 65  6e 74 5f 69 64 22 3a 20    "document_id": 
11880	22 44 4f 43 2d 30 31 31  22 2c 0d 0a 20 20 20 20   "DOC-011",..    
11890	20 20 20 20 22 74 69 74  6c 65 22 3a 20 22 43 c3       "title": "C.
118a0	b4 6e 67 20 6e 67 68 e1  bb 87 20 41 49 20 74 72   .ng ngh... AI tr
118b0	6f 6e 67 20 6e e1 bb 99  69 20 62 e1 bb 99 22 2c   ong n...i b...",
118c0	0d 0a 20 20 20 20 20 20  20 20 22 64 6f 6d 61 69   ..        "domai
118d0	6e 22 3a 20 22 63 6f 6e  67 5f 6e 67 68 65 22 2c   n": "cong_nghe",
118e0	0d 0a 20 20 20 20 20 20  20 20 22 64 65 70 61 72   ..        "depar
118f0	74 6d 65 6e 74 22 3a 20  22 49 54 22 2c 0d 0a 20   tment": "IT",.. 
11900	20 20 20 20 20 20 20 22  64 6f 63 5f 74 79 70 65          "doc_type
11910	22 3a 20 22 74 68 6f 6e  67 5f 74 69 6e 22 2c 0d   ": "thong_tin",.
11920	0a 20 20 20 20 20 20 20  20 22 64 6f 63 5f 73 74   .        "doc_st
11930	61 74 75 73 22 3a 20 22  41 43 54 49 56 45 22 2c   atus": "ACTIVE",
11940	0d 0a 20 20 20 20 20 20  20 20 22 74 65 78 74 22   ..        "text"
11950	3a 20 22 43 c3 a1 63 20  67 69 e1 ba a3 69 20 70   : "C..c gi...i p
11960	68 c3 a1 70 20 41 49 20  6e e1 bb 99 69 20 62 e1   h..p AI n...i b.
11970	bb 99 20 c4 91 c6 b0 e1  bb a3 63 20 67 69 e1 bb   .. .......c gi..
11980	9b 69 20 68 e1 ba a1 6e  20 63 68 6f 20 76 69 e1   .i h...n cho vi.
11990	bb 87 63 20 74 e1 bb 91  69 20 c6 b0 75 20 71 75   ..c t...i ..u qu
119a0	79 20 74 72 c3 ac 6e 68  20 76 c3 a0 20 6b 68 c3   y tr..nh v.. kh.
119b0	b4 6e 67 20 74 68 61 79  20 74 68 e1 ba bf 20 71   .ng thay th... q
119c0	75 79 e1 ba bf 74 20 c4  91 e1 bb 8b 6e 68 20 63   uy...t .....nh c
119d0	e1 bb a7 61 20 63 6f 6e  20 6e 67 c6 b0 e1 bb 9d   ...a con ng.....
119e0	69 2e 22 0d 0a 20 20 20  20 20 20 7d 0d 0a 20 20   i."..      }..  
119f0	20 20 7d 2c 0d 0a 20 20  20 20 7b 0d 0a 20 20 20     },..    {..   
11a00	20 20 20 22 69 64 22 3a  20 31 32 2c 0d 0a 20 20      "id": 12,..  
11a10	20 20 20 20 22 76 65 63  74 6f 72 22 3a 20 7b 0d       "vector": {.
11a20	0a 20 20 20 20 20 20 20  20 22 64 65 6e 73 65 22   .        "dense"
11a30	3a 20 5b 0d 0a 20 20 20  20 20 20 20 20 20 20 2d   : [..          -
11a40	30 2e 30 33 35 32 36 38  37 39 34 37 34 35 32 30   0.03526879474520
11a50	36 38 33 2c 0d 0a 20 20  20 20 20 20 20 20 20 20   683,..          
11a60	30 2e 30 32 35 35 30 39  30 34 34 35 32 38 30 30   0.02550904452800
11a70	37 35 30 37 2c 0d 0a 20  20 20 20 20 20 20 20 20   7507,..         
11a80	20 30 2e 30 31 38 36 33  37 31 31 31 34 31 30 34    0.0186371114104
11a90	39 38 36 32 2c 0d 0a 20  20 20 20 20 20 20 20 20   9862,..         
11aa0	20 2d 30 2e 30 36 38 31  33 31 30 37 34 33 30 39    -0.068131074309
11ab0	33 34 39 30 36 2c 0d 0a  20 20 20 20 20 20 20 20   34906,..        
11ac0	20 20 30 2e 30 32 37 31  30 30 30 31 37 32 39 34     0.027100017294
11ad0	32 38 37 36 38 2c 0d 0a  20 20 20 20 20 20 20 20   28768,..        
11ae0	20 20 2d 30 2e 30 32 31  32 34 34 31 36 38 32 38     -0.02124416828
11af0	31 35 35 35 31 37 36 2c  0d 0a 20 20 20 20 20 20   1555176,..      
11b00	20 20 20 20 30 2e 30 33  31 38 39 39 36 37 35 37       0.0318996757
11b10	32 36 38 39 30 35 36 34  2c 0d 0a 20 20 20 20 20   26890564,..     
11b20	20 20 20 20 20 2d 30 2e  30 30 38 33 36 39 33 32        -0.00836932
11b30	30 30 37 32 32 33 33 36  37 37 2c 0d 0a 20 20 20   0072233677,..   
11b40	20 20 20 20 20 20 20 2d  30 2e 30 31 37 35 36 37          -0.017567
11b50	35 34 38 39 30 30 38 34  32 36 36 37 2c 0d 0a 20   548900842667,.. 
11b60	20 20 20 20 20 20 20 20  20 2d 30 2e 30 30 36 35            -0.0065
11b70	31 30 39 35 36 32 31 32  38 37 38 32 32 37 2c 0d   10956212878227,.
11b80	0a 20 20 20 20 20 20 20  20 20 20 2d 30 2e 30 31   .          -0.01
11b90	38 38 31 30 39 31 34 38  32 39 33 37 33 33 36 2c   881091482937336,
11ba0	0d 0a 20 20 20 20 20 20  20 20 20 20 2d 30 2e 31   ..          -0.1
11bb0	31 36 37 39 36 31 32 38  34 35 31 38 32 34 31 39   1679612845182419
11bc0	2c 0d 0a 20 20 20 20 20  20 20 20 20 20 30 2e 30   ,..          0.0
11bd0	31 31 37 39 38 36 30 31  35 39 37 35 34 37 35 33   1179860159754753
11be0	31 2c 0d 0a 20 20 20 20  20 20 20 20 20 20 30 2e   1,..          0.
11bf0	30 32 35 34 30 32 30 38  37 37 31 38 32 34 38 33   0254020877182483
11c00	36 37 2c 0d 0a 20 20 20  20 20 20 20 20 20 20 30   67,..          0
11c10	2e 30 31 35 31 34 37 36  36 36 34 34 36 38 36 34   .015147666446864
11c20	36 30 35 2c 0d 0a 20 20  20 20 20 20 20 20 20 20   605,..          
11c30	30 2e 30 33 34 32 32 35  39 37 30 35 30 36 36 36   0.03422597050666
11c40	38 30 39 2c 0d 0a 20 20  20 20 20 20 20 20 20 20   809,..          
11c50	2d 30 2e 30 30 38 30 35  35 31 33 35 36 30 37 37   -0.0080551356077
11c60	31 39 34 32 31 2c 0d 0a  20 20 20 20 20 20 20 20   19421,..        
11c70	20 20 30 2e 30 30 38 38  31 37 31 39 38 36 38 36     0.008817198686
11c80	33 30 31 37 30 38 2c 0d  0a 20 20 20 20 20 20 20   301708,..       
11c90	20 20 20 2d 30 2e 30 32  36 36 38 35 35 36 31 39      -0.0266855619
11ca0	38 34 37 37 37 34 35 2c  0d 0a 20 20 20 20 20 20   8477745,..      
11cb0	20 20 20 20 2d 30 2e 30  33 39 37 38 37 36 39 31       -0.039787691
11cc0	30 38 36 35 33 30 36 38  35 2c 0d 0a 20 20 20 20   086530685,..    
11cd0	20 20 20 20 20 20 2d 30  2e 30 30 31 35 38 35 31         -0.0015851
11ce0	32 33 37 31 31 32 36 35  36 32 33 36 2c 0d 0a 20   237112656236,.. 
11cf0	20 20 20 20 20 20 20 20  20 2d 30 2e 30 32 36 38            -0.0268
11d00	35 39 33 36 35 34 30 33  36 35 32 31 39 2c 0d 0a   5936540365219,..
11d10	20 20 20 20 20 20 20 20  20 20 2d 30 2e 30 31 37             -0.017
11d20	39 30 31 37 38 37 35 33  34 33 35 36 31 31 37 2c   901787534356117,
11d30	0d 0a 20 20 20 20 20 20  20 20 20 20 2d 30 2e 30   ..          -0.0
11d40	35 34 32 38 30 32 35 31  32 36 34 35 37 32 31 34   5428025126457214
11d50	34 2c 0d 0a 20 20 20 20  20 20 20 20 20 20 30 2e   4,..          0.
11d60	30 32 36 33 39 31 34 33  33 35 35 31 39 30 37 35   0263914335519075
11d70	34 2c 0d 0a 20 20 20 20  20 20 20 20 20 20 2d 30   4,..          -0
11d80	2e 30 35 35 32 34 32 38  35 38 38 32 37 31 31 34   .055242858827114
11d90	31 30 35 2c 0d 0a 20 20  20 20 20 20 20 20 20 20   105,..          
11da0	30 2e 30 34 32 34 38 38  33 33 36 35 36 33 31 31   0.04248833656311
11db0	30 33 35 2c 0d 0a 20 20  20 20 20 20 20 20 20 20   035,..          
11dc0	2d 30 2e 30 34 33 31 35  36 38 31 30 31 30 34 38   -0.0431568101048
11dd0	34 36 39 35 34 2c 0d 0a  20 20 20 20 20 20 20 20   46954,..        
11de0	20 20 30 2e 30 34 38 32  33 37 32 32 36 39 30 33     0.048237226903
11df0	34 33 38 35 37 2c 0d 0a  20 20 20 20 20 20 20 20   43857,..        
11e00	20 20 2d 30 2e 31 30 34  37 36 33 35 35 39 39 39     -0.10476355999
11e10	37 30 38 31 37 36 2c 0d  0a 20 20 20 20 20 20 20   708176,..       
11e20	20 20 20 30 2e 30 31 32  31 32 36 31 35 35 31 39      0.01212615519
11e30	37 36 32 30 33 39 32 2c  0d 0a 20 20 20 20 20 20   7620392,..      
11e40	20 20 20 20 30 2e 30 30  36 36 36 34 37 30 35 39       0.0066647059
11e50	32 38 34 31 35 30 36 2c  0d 0a 20 20 20 20 20 20   2841506,..      
11e60	20 20 20 20 2d 30 2e 30  32 31 33 33 37 37 35 35       -0.021337755
11e70	30 32 34 34 33 33 31 33  36 2c 0d 0a 20 20 20 20   024433136,..    
11e80	20 20 20 20 20 20 30 2e  30 30 31 37 33 38 30 33         0.00173803
11e90	37 35 36 34 37 39 31 37  33 39 2c 0d 0a 20 20 20   7564791739,..   
11ea0	20 20 20 20 20 20 20 30  2e 30 33 31 35 35 32 30          0.0315520
11eb0	36 38 38 38 39 31 34 31  30 38 2c 0d 0a 20 20 20   6888914108,..   
11ec0	20 20 20 20 20 20 20 30  2e 30 33 31 32 38 34 36          0.0312846
11ed0	37 38 37 32 37 33 38 38  33 38 2c 0d 0a 20 20 20   7872738838,..   
11ee0	20 20 20 20 20 20 20 2d  30 2e 30 32 38 35 30 33          -0.028503
11ef0	38 31 36 35 37 34 38 31  31 39 33 35 2c 0d 0a 20   816574811935,.. 
11f00	20 20 20 20 20 20 20 20  20 2d 30 2e 30 31 30 33            -0.0103
11f10	30 31 32 31 35 35 37 34  31 34 35 33 31 37 2c 0d   01215574145317,.
11f20	0a 20 20 20 20 20 20 20  20 20 20 2d 30 2e 30 30   .          -0.00
11f30	34 34 39 38 38 34 33 35  36 39 33 30 38 35 31 39   4498843569308519
11f40	2c 0d 0a 20 20 20 20 20  20 20 20 20 20 30 2e 30   ,..          0.0
11f50	37 34 38 36 39 33 31 32  33 34 35 39 38 31 36 2c   748693123459816,
11f60	0d 0a 20 20 20 20 20 20  20 20 20 20 30 2e 30 36   ..          0.06
11f70	35 35 36 34 31 32 35 37  37 36 32 39 30 39 2c 0d   55641257762909,.
11f80	0a 20 20 20 20 20 20 20  20 20 20 30 2e 30 31 34   .          0.014
11f90	35 31 39 32 39 38 34 34  39 31 35 38 36 36 39 2c   519298449158669,
11fa0	0d 0a 20 20 20 20 20 20  20 20 20 20 2d 30 2e 30   ..          -0.0
11fb0	30 32 35 34 30 32 30 38  38 36 34 39 35 37 30 39   0254020886495709
11fc0	34 2c 0d 0a 20 20 20 20  20 20 20 20 20 20 2d 30   4,..          -0
11fd0	2e 30 35 37 38 30 39 38  30 33 36 33 34 38 38 31   .057809803634881
11fe0	39 37 2c 0d 0a 20 20 20  20 20 20 20 20 20 20 30   97,..          0
11ff0	2e 30 31 36 30 38 33 35  33 32 39 34 34 33 32 31   .016083532944321
12000	36 33 32 2c 0d 0a 20 20  20 20 20 20 20 20 20 20   632,..          
12010	2d 30 2e 30 31 32 35 34  37 32 39 34 36 30 39 32   -0.0125472946092
12020	34 38 36 33 38 2c 0d 0a  20 20 20 20 20 20 20 20   48638,..        
12030	20 20 30 2e 30 31 37 39  36 38 36 33 36 30 30 36     0.017968636006
12040	31 31 36 38 36 37 2c 0d  0a 20 20 20 20 20 20 20   116867,..       
12050	20 20 20 2d 30 2e 30 37  32 39 34 34 31 30 34 36      -0.0729441046
12060	37 31 34 37 38 32 37 2c  0d 0a 20 20 20 20 20 20   7147827,..      
12070	20 20 20 20 30 2e 30 31  39 30 32 34 38 32 36 35       0.0190248265
12080	38 36 32 34 36 34 39 2c  0d 0a 20 20 20 20 20 20   8624649,..      
12090	20 20 20 20 30 2e 30 33  33 37 37 31 34 30 36 38       0.0337714068
120a0	35 39 31 35 39 34 37 2c  0d 0a 20 20 20 20 20 20   5915947,..      
120b0	20 20 20 20 2d 30 2e 30  34 32 32 34 37 36 38 32       -0.042247682
120c0	38 30 39 38 32 39 37 31  2c 0d 0a 20 20 20 20 20   80982971,..     
120d0	20 20 20 20 20 30 2e 30  31 37 31 32 36 33 35 35        0.017126355
120e0	33 32 30 32 31 35 32 32  35 2c 0d 0a 20 20 20 20   320215225,..    
120f0	20 20 20 20 20 20 2d 30  2e 30 34 37 37 32 39 31         -0.0477291
12100	38 36 37 31 33 36 39 35  35 32 36 2c 0d 0a 20 20   86713695526,..  
12110	20 20 20 20 20 20 20 20  2d 30 2e 30 30 34 32 30           -0.00420
12120	38 30 35 36 32 35 36 31  37 35 30 34 31 2c 0d 0a   8056256175041,..
12130	20 20 20 20 20 20 20 20  20 20 2d 30 2e 30 31 39             -0.019
12140	32 33 38 37 34 30 32 30  35 37 36 34 37 37 2c 0d   23874020576477,.
12150	0a 20 20 20 20 20 20 20  20 20 20 2d 30 2e 30 31   .          -0.01
12160	39 38 36 37 31 30 37 32  37 32 31 34 38 31 33 32   9867107272148132
12170	2c 0d 0a 20 20 20 20 20  20 20 20 20 20 30 2e 30   ,..          0.0
12180	35 36 30 34 35 30 32 39  33 31 32 33 37 32 32 31   5604502931237221
12190	2c 0d 0a 20 20 20 20 20  20 20 20 20 20 30 2e 30   ,..          0.0
121a0	31 37 39 30 31 37 38 37  35 33 34 33 35 36 31 31   1790178753435611
121b0	37 2c 0d 0a 20 20 20 20  20 20 20 20 20 20 30 2e   7,..          0.
121c0	30 30 30 31 35 34 35 38  35 30 38 32 37 38 32 34   0001545850827824
121d0	33 32 34 34 2c 0d 0a 20  20 20 20 20 20 20 20 20   3244,..         
121e0	20 2d 30 2e 30 33 30 36  34 32 39 33 39 37 33 31    -0.030642939731
121f0	34 37 38 36 39 2c 0d 0a  20 20 20 20 20 20 20 20   47869,..        
12200	20 20 30 2e 30 39 38 38  38 30 39 36 38 39 38 37     0.098880968987
12210	39 34 31 37 34 2c 0d 0a  20 20 20 20 20 20 20 20   94174,..        
12220	20 20 30 2e 30 35 35 32  39 36 33 33 35 33 36 39     0.055296335369
12230	33 34 38 35 32 36 2c 0d  0a 20 20 20 20 20 20 20   348526,..       
12240	20 20 20 2d 30 2e 31 32  37 31 37 30 38 37 35 36      -0.1271708756
12250	36 38 35 32 35 37 2c 0d  0a 20 20 20 20 20 20 20   685257,..       
12260	20 20 20 30 2e 30 30 34  33 39 38 35 37 32 32 35      0.00439857225
12270	38 36 35 31 32 35 36 36  2c 0d 0a 20 20 20 20 20   86512566,..     
12280	20 20 20 20 20 2d 30 2e  30 33 33 38 37 38 33 36        -0.03387836
12290	33 36 36 38 39 31 38 36  31 2c 0d 0a 20 20 20 20   366891861,..    
122a0	20 20 20 20 20 20 2d 30  2e 30 37 37 38 36 34 30         -0.0778640
122b0	38 38 31 31 38 30 37 36  33 32 2c 0d 0a 20 20 20   8811807632,..   
122c0	20 20 20 20 20 20 20 30  2e 30 35 30 36 31 37 30          0.0506170
122d0	30 31 39 35 30 37 34 30  38 31 34 2c 0d 0a 20 20   01950740814,..  
122e0	20 20 20 20 20 20 20 20  30 2e 30 34 33 36 36 34           0.043664
122f0	38 35 34 30 31 39 38 38  30 32 39 35 2c 0d 0a 20   854019880295,.. 
12300	20 20 20 20 20 20 20 20  20 30 2e 30 30 39 33 32            0.00932
12310	35 32 34 30 37 33 38 36  38 39 39 2c 0d 0a 20 20   52407386899,..  
12320	20 20 20 20 20 20 20 20  30 2e 30 35 31 39 32 37           0.051927
12330	32 31 36 33 35 31 30 33  32 32 36 2c 0d 0a 20 20   21635103226,..  
12340	20 20 20 20 20 20 20 20  2d 30 2e 30 35 32 35 34           -0.05254
12350	32 32 31 33 33 35 30 35  33 34 34 34 2c 0d 0a 20   221335053444,.. 
12360	20 20 20 20 20 20 20 20  20 30 2e 30 30 35 33 37            0.00537
12370	34 35 34 37 30 39 34 31  30 36 36 37 34 2c 0d 0a   4547094106674,..
12380	20 20 20 20 20 20 20 20  20 20 30 2e 30 31 35 36             0.0156
12390	30 32 32 33 30 30 39 34  33 37 33 32 32 36 2c 0d   02230094373226,.
123a0	0a 20 20 20 20 20 20 20  20 20 20 30 2e 30 33 33   .          0.033
123b0	35 30 34 30 31 36 36 39  37 34 30 36 37 37 2c 0d   50401669740677,.
123c0	0a 20 20 20 20 20 20 20  20 20 20 2d 30 2e 30 30   .          -0.00
123d0	34 36 39 36 30 34 34 31  33 39 35 36 34 30 33 37   4696044139564037
123e0	2c 0d 0a 20 20 20 20 20  20 20 20 20 20 30 2e 30   ,..          0.0
123f0	31 36 33 39 31 30 33 31  34 34 34 30 37 32 37 32   1639103144407272
12400	33 2c 0d 0a 20 20 20 20  20 20 20 20 20 20 2d 30   3,..          -0
12410	2e 30 31 32 32 33 39 37  39 36 31 30 39 34 39 37   .012239796109497
12420	35 34 37 2c 0d 0a 20 20  20 20 20 20 20 20 20 20   547,..          
12430	30 2e 30 31 39 39 32 30  35 38 35 36 37 37 30 32   0.01992058567702
12440	37 37 30 32 2c 0d 0a 20  20 20 20 20 20 20 20 20   7702,..         
12450	20 2d 30 2e 30 34 36 33  36 35 34 39 35 37 37 31    -0.046365495771
12460	31 36 39 36 36 2c 0d 0a  20 20 20 20 20 20 20 20   16966,..        
12470	20 20 30 2e 30 30 35 35  31 38 32 36 39 32 35 39     0.005518269259
12480	34 38 32 36 32 32 2c 0d  0a 20 20 20 20 20 20 20   482622,..       
12490	20 20 20 2d 30 2e 30 34  31 30 31 37 36 38 38 38      -0.0410176888
124a0	31 30 38 32 35 33 35 2c  0d 0a 20 20 20 20 20 20   1082535,..      
124b0	20 20 20 20 30 2e 30 35  35 37 37 37 36 33 39 31       0.0557776391
124c0	35 30 36 31 39 35 31 2c  0d 0a 20 20 20 20 20 20   5061951,..      
124d0	20 20 20 20 30 2e 30 30  38 31 35 35 34 30 37 33       0.0081554073
124e0	38 34 30 33 37 39 37 31  2c 0d 0a 20 20 20 20 20   84037971,..     
124f0	20 20 20 20 20 2d 30 2e  30 33 36 35 35 32 32 36        -0.03655226
12500	39 30 31 31 37 33 35 39  31 36 2c 0d 0a 20 20 20   9011735916,..   
12510	20 20 20 20 20 20 20 2d  30 2e 30 33 30 37 37 36          -0.030776
12520	36 33 34 38 31 32 33 35  35 30 34 2c 0d 0a 20 20   63481235504,..  
12530	20 20 20 20 20 20 20 20  2d 30 2e 30 31 33 33 38           -0.01338
12540	39 35 37 34 33 36 33 38  32 37 37 30 35 2c 0d 0a   9574363827705,..
12550	20 20 20 20 20 20 20 20  20 20 2d 30 2e 30 36 35             -0.065
12560	38 33 31 35 31 39 36 36  33 33 33 33 38 39 2c 0d   83151966333389,.
12570	0a 20 20 20 20 20 20 20  20 20 20 30 2e 30 33 34   .          0.034
12580	33 33 32 39 32 37 33 31  36 34 32 37 32 33 2c 0d   33292731642723,.
12590	0a 20 20 20 20 20 20 20  20 20 20 2d 30 2e 30 35   .          -0.05
125a0	35 35 31 30 32 34 38 39  38 38 38 36 36 38 30 36   5510248988866806
125b0	2c 0d 0a 20 20 20 20 20  20 20 20 20 20 30 2e 30   ,..          0.0
125c0	34 38 37 34 35 32 37 30  38 31 38 34 37 31 39 31   4874527081847191
125d0	2c 0d 0a 20 20 20 20 20  20 20 20 20 20 30 2e 30   ,..          0.0
125e0	30 38 38 35 37 33 30 37  30 32 34 33 30 30 30 39   0885730702430009
125f0	38 2c 0d 0a 20 20 20 20  20 20 20 20 20 20 2d 30   8,..          -0
12600	2e 30 32 31 31 32 33 38  34 31 34 30 34 39 31 34   .021123841404914
12610	38 35 36 2c 0d 0a 20 20  20 20 20 20 20 20 20 20   856,..          
12620	30 2e 30 32 39 32 37 39  32 34 38 37 38 38 39 35   0.02927924878895
12630	32 38 32 37 2c 0d 0a 20  20 20 20 20 20 20 20 20   2827,..         
12640	20 30 2e 30 30 39 37 39  39 38 35 38 35 35 35 31    0.0097998585551
12650	39 37 37 31 36 2c 0d 0a  20 20 20 20 20 20 20 20   97716,..        
12660	20 20 2d 30 2e 30 31 32  38 32 38 30 35 34 38 33     -0.01282805483
12670	37 38 38 32 35 31 39 2c  0d 0a 20 20 20 20 20 20   7882519,..      
12680	20 20 20 20 2d 30 2e 30  35 38 37 37 32 34 31 31       -0.058772411
12690	31 39 37 34 32 33 39 33  35 2c 0d 0a 20 20 20 20   197423935,..    
126a0	20 20 20 20 20 20 30 2e  30 32 33 33 34 33 31 38         0.02334318
126b0	33 31 30 30 32 32 33 35  34 2c 0d 0a 20 20 20 20   310022354,..    
126c0	20 20 20 20 20 20 2d 30  2e 30 35 32 30 30 37 34         -0.0520074
126d0	33 33 30 32 37 30 32 39  30 34 2c 0d 0a 20 20 20   3302702904,..   
126e0	20 20 20 20 20 20 20 2d  30 2e 30 39 35 32 34 34          -0.095244
126f0	34 35 39 38 30 37 38 37  32 37 37 2c 0d 0a 20 20   45980787277,..  
12700	20 20 20 20 20 20 20 20  30 2e 33 38 36 31 31 31           0.386111
12710	37 33 36 32 39 37 36 30  37 34 2c 0d 0a 20 20 20   7362976074,..   
12720	20 20 20 20 20 20 20 2d  30 2e 30 33 34 38 39 34          -0.034894
12730	34 34 37 37 37 33 36 39  34 39 39 2c 0d 0a 20 20   44777369499,..  
12740	20 20 20 20 20 20 20 20  30 2e 30 31 37 39 36 38           0.017968
12750	36 33 36 30 30 36 31 31  36 38 36 37 2c 0d 0a 20   636006116867,.. 
12760	20 20 20 20 20 20 20 20  20 30 2e 30 30 35 30 31            0.00501
12770	36 39 31 32 32 34 30 35  33 35 30 32 31 2c 0d 0a   6912240535021,..
12780	20 20 20 20 20 20 20 20  20 20 30 2e 30 30 33 32             0.0032
12790	37 38 38 37 34 37 39 32  31 35 38 36 30 33 37 2c   788747921586037,
127a0	0d 0a 20 20 20 20 20 20  20 20 20 20 30 2e 30 38   ..          0.08
127b0	34 34 39 35 33 36 35 36  31 39 36 35 39 34 32 2c   449536561965942,
127c0	0d 0a 20 20 20 20 20 20  20 20 20 20 2d 30 2e 30   ..          -0.0
127d0	31 30 34 35 34 39 36 34  38 32 34 30 32 30 38 36   1045496482402086
127e0	33 2c 0d 0a 20 20 20 20  20 20 20 20 20 20 2d 30   3,..          -0
127f0	2e 30 30 34 30 35 30 39  36 34 34 38 39 35 37 39   .004050964489579
12800	32 30 31 2c 0d 0a 20 20  20 20 20 20 20 20 20 20   201,..          
12810	2d 30 2e 30 31 34 37 30  36 34 37 31 39 33 34 39   -0.0147064719349
12820	31 34 35 38 39 2c 0d 0a  20 20 20 20 20 20 20 20   14589,..        
12830	20 20 2d 30 2e 30 31 32  33 34 36 37 35 31 39 38     -0.01234675198
12840	37 39 33 34 31 31 33 2c  0d 0a 20 20 20 20 20 20   7934113,..      
12850	20 20 20 20 30 2e 30 32  30 34 32 38 36 32 37 37       0.0204286277
12860	32 39 34 31 35 38 39 34  2c 0d 0a 20 20 20 20 20   29415894,..     
12870	20 20 20 20 20 2d 30 2e  30 32 32 35 30 30 39 30        -0.02250090
12880	32 34 31 34 33 32 31 39  2c 0d 0a 20 20 20 20 20   24143219,..     
12890	20 20 20 20 20 2d 30 2e  30 33 38 31 38 33 33 35        -0.03818335
128a0	30 31 31 36 30 31 34 34  38 2c 0d 0a 20 20 20 20   011601448,..    
128b0	20 20 20 20 20 20 30 2e  30 35 33 33 31 37 36 34         0.05331764
128c0	37 34 32 37 33 32 30 34  38 2c 0d 0a 20 20 20 20   742732048,..    
128d0	20 20 20 20 20 20 2d 30  2e 30 33 34 32 32 35 39         -0.0342259
128e0	37 30 35 30 36 36 36 38  30 39 2c 0d 0a 20 20 20   7050666809,..   
128f0	20 20 20 20 20 20 20 2d  30 2e 30 34 36 36 30 36          -0.046606
12900	31 34 35 37 39 39 31 36  30 30 30 34 2c 0d 0a 20   145799160004,.. 
12910	20 20 20 20 20 20 20 20  20 30 2e 30 34 39 35 34            0.04954
12920	37 34 34 31 33 30 33 37  33 30 30 31 2c 0d 0a 20   744130373001,.. 
12930	20 20 20 20 20 20 20 20  20 30 2e 30 34 32 35 34            0.04254
12940	31 38 31 33 31 30 35 33  34 34 37 37 2c 0d 0a 20   181310534477,.. 
12950	20 20 20 20 20 20 20 20  20 2d 30 2e 30 30 37 35            -0.0075
12960	38 30 35 31 37 37 39 31  32 31 31 36 30 35 2c 0d   80517791211605,.
12970	0a 20 20 20 20 20 20 20  20 20 20 2d 30 2e 30 36   .          -0.06
12980	38 32 39 31 35 30 37 36  36 31 33 34 32 36 32 2c   829150766134262,
12990	0d 0a 20 20 20 20 20 20  20 20 20 20 30 2e 30 32   ..          0.02
129a0	37 30 38 36 36 34 37 32  32 37 34 30 36 35 30 32   7086647227406502
129b0	2c 0d 0a 20 20 20 20 20  20 20 20 20 20 30 2e 30   ,..          0.0
129c0	30 30 34 31 38 30 30 36  34 31 33 33 38 33 34 30   0041800641338340
129d0	39 34 2c 0d 0a 20 20 20  20 20 20 20 20 20 20 30   94,..          0
129e0	2e 30 30 30 37 30 31 34  38 32 30 30 30 32 39 35   .000701482000295
129f0	30 37 32 38 2c 0d 0a 20  20 20 20 20 20 20 20 20   0728,..         
12a00	20 2d 30 2e 30 32 39 33  35 39 34 36 35 34 36 34    -0.029359465464
12a10	39 34 39 36 30 38 2c 0d  0a 20 20 20 20 20 20 20   949608,..       
12a20	20 20 20 2d 30 2e 30 35  34 31 31 39 38 31 37 39      -0.0541198179
12a30	31 32 35 37 38 35 38 2c  0d 0a 20 20 20 20 20 20   1257858,..      
12a40	20 20 20 20 30 2e 30 37  32 30 33 34 39 37 37 33       0.0720349773
12a50	37 36 34 36 31 30 33 2c  0d 0a 20 20 20 20 20 20   7646103,..      
12a60	20 20 20 20 2d 30 2e 30  33 34 38 34 30 39 37 31       -0.034840971
12a70	32 33 31 34 36 30 35 37  2c 0d 0a 20 20 20 20 20   23146057,..     
12a80	20 20 20 20 20 2d 30 2e  30 30 31 33 36 37 38 36        -0.00136786
12a90	39 30 38 38 34 32 36 32  33 32 33 2c 0d 0a 20 20   90884262323,..  
12aa0	20 20 20 20 20 20 20 20  30 2e 30 35 37 32 37 35           0.057275
12ab0	30 32 33 33 31 31 33 37  36 35 37 2c 0d 0a 20 20   02331137657,..  
12ac0	20 20 20 20 20 20 20 20  30 2e 30 33 35 39 39 30           0.035990
12ad0	37 34 38 35 35 34 34 36  38 31 35 35 2c 0d 0a 20   748554468155,.. 
12ae0	20 20 20 20 20 20 20 20  20 2d 30 2e 30 33 35 32            -0.0352
12af0	39 35 35 33 34 38 37 38  39 36 39 31 39 2c 0d 0a   9553487896919,..
12b00	20 20 20 20 20 20 20 20  20 20 30 2e 30 30 32 31             0.0021
12b10	37 35 38 38 39 34 34 33  36 30 36 31 33 38 32 2c   758894436061382,
12b20	0d 0a 20 20 20 20 20 20  20 20 20 20 2d 30 2e 30   ..          -0.0
12b30	38 35 37 32 35 33 35 39  36 31 38 36 36 33 37 39   8572535961866379
12b40	2c 0d 0a 20 20 20 20 20  20 20 20 20 20 30 2e 30   ,..          0.0
12b50	35 37 32 32 31 35 34 36  37 36 39 31 34 32 31 35   5722154676914215
12b60	2c 0d 0a 20 20 20 20 20  20 20 20 20 20 2d 30 2e   ,..          -0.
12b70	30 38 37 36 35 30 35 37  34 37 34 33 37 34 37 37   0876505747437477
12b80	31 2c 0d 0a 20 20 20 20  20 20 20 20 20 20 30 2e   1,..          0.
12b90	30 30 30 31 33 37 35 35  39 38 32 32 31 37 38 34   0001375598221784
12ba0	34 35 37 36 2c 0d 0a 20  20 20 20 20 20 20 20 20   4576,..         
12bb0	20 2d 30 2e 30 38 36 32  30 36 36 36 37 31 32 35    -0.086206667125
12bc0	32 32 35 30 37 2c 0d 0a  20 20 20 20 20 20 20 20   22507,..        
12bd0	20 20 30 2e 30 35 35 34  35 36 37 36 38 37 32 31     0.055456768721
12be0	33 34 32 30 39 2c 0d 0a  20 20 20 20 20 20 20 20   34209,..        
12bf0	20 20 2d 30 2e 30 30 30  38 37 32 33 36 31 31 38     -0.00087236118
12c00	32 37 30 30 38 34 32 36  2c 0d 0a 20 20 20 20 20   27008426,..     
12c10	20 20 20 20 20 30 2e 30  32 37 34 33 34 32 35 35        0.027434255
12c20	39 32 37 38 30 31 31 33  32 2c 0d 0a 20 20 20 20   927801132,..    
12c30	20 20 20 20 20 20 2d 30  2e 31 30 30 35 39 32 32         -0.1005922
12c40	37 30 34 39 33 35 30 37  33 39 2c 0d 0a 20 20 20   7049350739,..   
12c50	20 20 20 20 20 20 20 2d  30 2e 30 32 34 30 35 31          -0.024051
12c60	37 36 36 38 34 32 36 30  33 36 38 33 2c 0d 0a 20   766842603683,.. 
12c70	20 20 20 20 20 20 20 20  20 2d 30 2e 30 35 31 34            -0.0514
12c80	34 35 39 31 32 35 36 39  37 36 31 32 37 36 2c 0d   45912569761276,.
12c90	0a 20 20 20 20 20 20 20  20 20 20 30 2e 30 31 34   .          0.014
12ca0	34 36 35 38 32 30 39 37  35 36 30 31 36 37 33 2c   465820975601673,
12cb0	0d 0a 20 20 20 20 20 20  20 20 20 20 2d 30 2e 30   ..          -0.0
12cc0	33 36 31 35 31 31 38 31  39 30 36 34 36 31 37 31   3615118190646171
12cd0	36 2c 0d 0a 20 20 20 20  20 20 20 20 20 20 2d 30   6,..          -0
12ce0	2e 30 33 33 32 36 33 33  36 36 36 36 39 34 31 36   .033263366669416
12cf0	34 33 2c 0d 0a 20 20 20  20 20 20 20 20 20 20 30   43,..          0
12d00	2e 30 30 35 37 32 32 31  35 34 38 36 33 31 37 38   .005722154863178
12d10	37 33 2c 0d 0a 20 20 20  20 20 20 20 20 20 20 2d   73,..          -
12d20	30 2e 30 30 36 33 35 33  38 36 34 34 34 36 32 38   0.00635386444628
12d30	32 33 38 37 2c 0d 0a 20  20 20 20 20 20 20 20 20   2387,..         
12d40	20 30 2e 30 33 33 39 33  31 38 34 33 39 33 36 34    0.0339318439364
12d50	34 33 33 33 2c 0d 0a 20  20 20 20 20 20 20 20 20   4333,..         
12d60	20 2d 30 2e 30 37 35 32  39 37 31 33 39 35 38 35    -0.075297139585
12d70	30 31 38 31 36 2c 0d 0a  20 20 20 20 20 20 20 20   01816,..        
12d80	20 20 2d 30 2e 30 32 37  31 36 36 38 36 35 37 36     -0.02716686576
12d90	36 30 34 38 34 33 2c 0d  0a 20 20 20 20 20 20 20   604843,..       
12da0	20 20 20 30 2e 30 31 33  36 37 37 30 31 38 36 39      0.01367701869
12db0	34 35 37 39 36 30 31 2c  0d 0a 20 20 20 20 20 20   4579601,..      
12dc0	20 20 20 20 30 2e 30 31  30 36 31 35 33 39 39 31       0.0106153991
12dd0	30 37 33 33 36 39 39 38  2c 0d 0a 20 20 20 20 20   07336998,..     
12de0	20 20 20 20 20 30 2e 30  30 35 34 37 31 34 37 36        0.005471476
12df0	33 35 33 37 30 34 39 32  39 2c 0d 0a 20 20 20 20   353704929,..    
12e00	20 20 20 20 20 20 30 2e  30 30 35 30 30 33 35 34         0.00500354
12e10	33 31 30 34 39 37 36 34  31 36 2c 0d 0a 20 20 20   3104976416,..   
12e20	20 20 20 20 20 20 20 30  2e 30 32 30 30 32 37 35          0.0200275
12e30	34 30 36 32 34 31 34 31  36 39 33 2c 0d 0a 20 20   40624141693,..  
12e40	20 20 20 20 20 20 20 20  2d 30 2e 30 30 36 31 36           -0.00616
12e50	30 30 30 36 33 39 32 37  34 37 31 36 34 2c 0d 0a   0006392747164,..
12e60	20 20 20 20 20 20 20 20  20 20 30 2e 30 30 37 33             0.0073
12e70	33 39 38 36 36 33 36 36  32 33 37 34 30 32 2c 0d   39866366237402,.
12e80	0a 20 20 20 20 20 20 20  20 20 20 30 2e 31 31 38   .          0.118
12e90	30 37 39 36 30 32 37 31  38 33 35 33 32 37 2c 0d   07960271835327,.
12ea0	0a 20 20 20 20 20 20 20  20 20 20 2d 30 2e 30 35   .          -0.05
12eb0	33 33 31 37 36 34 37 34  32 37 33 32 30 34 38 2c   331764742732048,
12ec0	0d 0a 20 20 20 20 20 20  20 20 20 20 2d 30 2e 30   ..          -0.0
12ed0	31 36 31 36 33 37 34 39  36 32 30 33 31 38 34 31   1616374962031841
12ee0	33 2c 0d 0a 20 20 20 20  20 20 20 20 20 20 30 2e   3,..          0.
12ef0	30 34 31 36 38 36 31 36  32 33 35 32 35 36 31 39   0416861623525619
12f00	35 2c 0d 0a 20 20 20 20  20 20 20 20 20 20 2d 30   5,..          -0
12f10	2e 30 35 33 39 35 39 33  38 34 35 36 30 35 38 35   .053959384560585
12f20	30 32 2c 0d 0a 20 20 20  20 20 20 20 20 20 20 2d   02,..          -
12f30	30 2e 30 31 33 33 33 36  30 39 35 39 35 38 39 34   0.01333609595894
12f40	38 31 33 35 2c 0d 0a 20  20 20 20 20 20 20 20 20   8135,..         
12f50	20 30 2e 30 33 30 37 34  39 38 39 36 35 34 31 32    0.0307498965412
12f60	33 37 38 33 2c 0d 0a 20  20 20 20 20 20 20 20 20   3783,..         
12f70	20 2d 30 2e 30 31 33 36  39 30 33 38 38 37 36 31    -0.013690388761
12f80	34 36 30 37 38 31 2c 0d  0a 20 20 20 20 20 20 20   460781,..       
12f90	20 20 20 2d 30 2e 30 31  35 34 32 38 34 32 36 36      -0.0154284266
12fa0	37 35 34 39 38 34 38 36  2c 0d 0a 20 20 20 20 20   75498486,..     
12fb0	20 20 20 20 20 2d 30 2e  30 31 33 35 39 30 31 31        -0.01359011
12fc0	36 39 38 35 31 34 32 32  33 31 2c 0d 0a 20 20 20   6985142231,..   
12fd0	20 20 20 20 20 20 20 2d  30 2e 30 34 35 35 30 39          -0.045509
12fe0	38 34 35 30 31 38 33 38  36 38 34 2c 0d 0a 20 20   84501838684,..  
12ff0	20 20 20 20 20 20 20 20  30 2e 30 37 38 37 31 39           0.078719
13000	37 33 35 31 34 35 35 36  38 38 35 2c 0d 0a 20 20   73514556885,..  
13010	20 20 20 20 20 20 20 20  2d 30 2e 31 31 34 39 37           -0.11497
13020	37 38 37 33 38 36 31 37  38 39 37 2c 0d 0a 20 20   78738617897,..  
13030	20 20 20 20 20 20 20 20  30 2e 30 34 36 34 39 39           0.046499
13040	31 39 32 37 31 34 36 39  31 31 36 2c 0d 0a 20 20   19271469116,..  
13050	20 20 20 20 20 20 20 20  2d 30 2e 30 30 32 34 35           -0.00245
13060	31 36 33 35 36 36 34 33  32 38 39 33 32 38 2c 0d   16356643289328,.
13070	0a 20 20 20 20 20 20 20  20 20 20 2d 30 2e 30 37   .          -0.07
13080	30 39 36 35 34 31 36 37  32 39 34 35 30 32 33 2c   096541672945023,
13090	0d 0a 20 20 20 20 20 20  20 20 20 20 2d 30 2e 30   ..          -0.0
130a0	31 34 38 38 30 32 37 36  32 38 35 31 31 31 39 30   1488027628511190
130b0	34 2c 0d 0a 20 20 20 20  20 20 20 20 20 20 30 2e   4,..          0.
130c0	30 39 38 35 36 30 31 30  32 32 38 33 39 35 34 36   0985601022839546
130d0	32 2c 0d 0a 20 20 20 20  20 20 20 20 20 20 2d 30   2,..          -0
130e0	2e 30 31 36 31 31 30 32  37 31 32 31 35 34 33 38   .016110271215438
130f0	38 34 33 2c 0d 0a 20 20  20 20 20 20 20 20 20 20   843,..          
13100	30 2e 30 32 38 39 35 38  33 38 30 32 32 32 33 32   0.02895838022232
13110	30 35 35 37 2c 0d 0a 20  20 20 20 20 20 20 20 20   0557,..         
13120	20 2d 30 2e 30 34 31 38  31 39 38 35 39 32 39 36    -0.041819859296
13130	30 38 33 34 35 2c 0d 0a  20 20 20 20 20 20 20 20   08345,..        
13140	20 20 30 2e 30 30 37 31  36 36 30 36 32 39 34 37     0.007166062947
13150	33 36 32 36 36 31 2c 0d  0a 20 20 20 20 20 20 20   362661,..       
13160	20 20 20 30 2e 30 36 30  30 30 32 34 30 35 31 39      0.06000240519
13170	36 34 32 38 33 2c 0d 0a  20 20 20 20 20 20 20 20   64283,..        
13180	20 20 2d 30 2e 30 33 35  38 35 37 30 35 31 36 31     -0.03585705161
13190	30 39 34 36 36 35 35 2c  0d 0a 20 20 20 20 20 20   0946655,..      
131a0	20 20 20 20 30 2e 30 30  37 38 36 37 39 36 33 30       0.0078679630
131b0	35 33 32 38 36 30 37 36  2c 0d 0a 20 20 20 20 20   53286076,..     
131c0	20 20 20 20 20 30 2e 30  31 39 33 37 32 34 33 35        0.019372435
131d0	32 38 36 36 34 31 31 32  2c 0d 0a 20 20 20 20 20   28664112,..     
131e0	20 20 20 20 20 30 2e 30  32 31 34 30 34 36 30 31        0.021404601
131f0	36 33 33 35 34 38 37 33  37 2c 0d 0a 20 20 20 20   633548737,..    
13200	20 20 20 20 20 20 30 2e  30 32 35 30 30 31 30 30         0.02500100
13210	32 34 37 35 36 31 39 33  31 36 2c 0d 0a 20 20 20   2475619316,..   
13220	20 20 20 20 20 20 20 30  2e 30 30 31 36 37 32 30          0.0016720
13230	32 35 36 35 33 35 33 33  36 33 37 35 2c 0d 0a 20   256535336375,.. 
13240	20 20 20 20 20 20 20 20  20 2d 30 2e 30 32 35 39            -0.0259
13250	36 33 36 30 38 31 37 35  35 31 36 31 33 2c 0d 0a   6360817551613,..
13260	20 20 20 20 20 20 20 20  20 20 30 2e 30 32 38 34             0.0284
13270	32 33 35 39 39 38 39 38  38 31 35 31 35 35 2c 0d   23599898815155,.
13280	0a 20 20 20 20 20 20 20  20 20 20 30 2e 30 33 30   .          0.030
13290	30 32 37 39 34 32 37 33  31 39 37 36 35 31 2c 0d   02794273197651,.
132a0	0a 20 20 20 20 20 20 20  20 20 20 2d 30 2e 30 30   .          -0.00
132b0	32 33 33 37 39 39 34 37  35 32 34 35 31 37 37 37   2337994752451777
132c0	35 2c 0d 0a 20 20 20 20  20 20 20 20 20 20 30 2e   5,..          0.
132d0	30 31 39 34 37 39 33 39  30 32 33 33 37 35 35 31   0194793902337551
132e0	31 2c 0d 0a 20 20 20 20  20 20 20 20 20 20 30 2e   1,..          0.
132f0	30 37 35 31 33 36 37 30  36 32 33 33 30 32 34 36   0751367062330246
13300	2c 0d 0a 20 20 20 20 20  20 20 20 20 20 2d 30 2e   ,..          -0.
13310	30 30 39 31 38 34 38 36  30 36 32 34 33 37 32 39   0091848606243729
13320	36 2c 0d 0a 20 20 20 20  20 20 20 20 20 20 30 2e   6,..          0.
13330	30 32 34 30 36 35 31 33  36 39 30 39 34 38 34 38   0240651369094848
13340	36 33 2c 0d 0a 20 20 20  20 20 20 20 20 20 20 2d   63,..          -
13350	30 2e 30 34 31 31 32 34  36 34 35 36 32 30 35 38   0.04112464562058
13360	34 34 39 2c 0d 0a 20 20  20 20 20 20 20 20 20 20   449,..          
13370	30 2e 30 30 39 38 36 30  30 32 31 30 36 32 31 39   0.00986002106219
13380	35 33 30 31 2c 0d 0a 20  20 20 20 20 20 20 20 20   5301,..         
13390	20 2d 30 2e 30 35 38 36  36 35 34 35 34 33 38 37    -0.058665454387
133a0	36 36 34 37 39 35 2c 0d  0a 20 20 20 20 20 20 20   664795,..       
133b0	20 20 20 2d 30 2e 30 33  31 36 38 35 37 36 32 31      -0.0316857621
133c0	30 37 33 37 32 32 38 34  2c 0d 0a 20 20 20 20 20   07372284,..     
133d0	20 20 20 20 20 2d 30 2e  30 36 37 33 32 38 39 30        -0.06732890
133e0	30 30 39 38 38 30 30 36  36 2c 0d 0a 20 20 20 20   009880066,..    
133f0	20 20 20 20 20 20 30 2e  30 32 33 33 38 33 32 39         0.02338329
13400	31 34 33 38 32 32 31 39  33 2c 0d 0a 20 20 20 20   143822193,..    
13410	20 20 20 20 20 20 30 2e  30 31 30 38 32 39 33 31         0.01082931
13420	31 37 39 35 35 33 32 37  30 33 2c 0d 0a 20 20 20   1795532703,..   
13430	20 20 20 20 20 20 20 2d  30 2e 30 36 34 38 36 38          -0.064868
13440	39 31 32 31 30 30 37 39  31 39 33 2c 0d 0a 20 20   91210079193,..  
13450	20 20 20 20 20 20 20 20  2d 30 2e 30 37 33 34 32           -0.07342
13460	35 34 30 34 37 32 37 34  35 38 39 35 2c 0d 0a 20   540472745895,.. 
13470	20 20 20 20 20 20 20 20  20 2d 30 2e 30 34 36 33            -0.0463
13480	36 35 34 39 35 37 37 31  31 36 39 36 36 2c 0d 0a   6549577116966,..
13490	20 20 20 20 20 20 20 20  20 20 30 2e 30 38 36 34             0.0864
134a0	37 34 30 35 33 35 36 31  36 38 37 34 37 2c 0d 0a   7405356168747,..
134b0	20 20 20 20 20 20 20 20  20 20 30 2e 30 32 31 39             0.0219
134c0	37 39 34 39 30 32 39 35  30 35 32 35 33 2c 0d 0a   7949029505253,..
134d0	20 20 20 20 20 20 20 20  20 20 2d 30 2e 30 33 32             -0.032
134e0	30 30 36 36 33 32 35 33  36 36 34 39 37 30 34 2c   006632536649704,
134f0	0d 0a 20 20 20 20 20 20  20 20 20 20 2d 30 2e 30   ..          -0.0
13500	34 30 35 36 33 31 32 35  31 36 33 33 31 36 37 33   4056312516331673
13510	2c 0d 0a 20 20 20 20 20  20 20 20 20 20 2d 30 2e   ,..          -0.
13520	30 32 38 36 31 30 37 37  33 33 38 34 35 37 31 30   0286107733845710
13530	37 35 2c 0d 0a 20 20 20  20 20 20 20 20 20 20 30   75,..          0
13540	2e 30 31 38 35 30 33 34  31 36 33 32 39 36 32 32   .018503416329622
13550	32 37 2c 0d 0a 20 20 20  20 20 20 20 20 20 20 2d   27,..          -
13560	30 2e 30 30 35 36 38 38  37 33 30 36 32 37 32 39   0.00568873062729
13570	38 33 35 35 2c 0d 0a 20  20 20 20 20 20 20 20 20   8355,..         
13580	20 30 2e 30 32 32 34 38  37 35 33 32 33 34 37 34    0.0224875323474
13590	34 30 37 32 2c 0d 0a 20  20 20 20 20 20 20 20 20   4072,..         
135a0	20 30 2e 30 34 34 31 34  36 31 35 34 30 37 35 38    0.0441461540758
135b0	36 30 39 38 2c 0d 0a 20  20 20 20 20 20 20 20 20   6098,..         
135c0	20 30 2e 30 30 33 36 33  33 31 36 37 31 32 39 30    0.0036331671290
135d0	30 39 39 36 32 2c 0d 0a  20 20 20 20 20 20 20 20   09962,..        
135e0	20 20 30 2e 30 31 30 38  31 35 39 34 31 37 32 38     0.010815941728
135f0	36 35 31 35 32 34 2c 0d  0a 20 20 20 20 20 20 20   651524,..       
13600	20 20 20 30 2e 30 32 32  32 38 36 39 39 30 36 35      0.02228699065
13610	37 34 34 38 37 37 2c 0d  0a 20 20 20 20 20 20 20   744877,..       
13620	20 20 20 2d 30 2e 30 34  31 34 31 38 37 37 32 31      -0.0414187721
13630	39 30 38 30 39 32 35 2c  0d 0a 20 20 20 20 20 20   9080925,..      
13640	20 20 20 20 30 2e 30 38  39 36 38 32 37 34 32 39       0.0896827429
13650	35 33 33 30 30 34 38 2c  0d 0a 20 20 20 20 20 20   5330048,..      
13660	20 20 20 20 2d 30 2e 30  36 30 30 30 32 34 30 35       -0.060002405
13670	31 39 36 34 32 38 33 2c  0d 0a 20 20 20 20 20 20   1964283,..      
13680	20 20 20 20 30 2e 30 31  31 36 33 38 31 36 37 33       0.0116381673
13690	31 34 32 33 31 33 39 36  2c 0d 0a 20 20 20 20 20   14231396,..     
136a0	20 20 20 20 20 30 2e 30  30 35 37 33 32 31 38 31        0.005732181
136b0	39 34 37 36 37 38 33 32  37 36 2c 0d 0a 20 20 20   9476783276,..   
136c0	20 20 20 20 20 20 20 2d  30 2e 30 33 36 37 39 32          -0.036792
136d0	39 31 39 30 33 39 37 32  36 32 36 2c 0d 0a 20 20   91903972626,..  
136e0	20 20 20 20 20 20 20 20  30 2e 30 31 31 36 31 31           0.011611
136f0	34 32 38 31 31 31 37 39  31 36 31 2c 0d 0a 20 20   42811179161,..  
13700	20 20 20 20 20 20 20 20  2d 30 2e 33 33 34 33 34           -0.33434
13710	34 39 35 33 32 39 38 35  36 38 37 2c 0d 0a 20 20   49532985687,..  
13720	20 20 20 20 20 20 20 20  2d 30 2e 30 34 36 39 32           -0.04692
13730	37 30 31 36 32 32 38 34  33 37 34 32 34 2c 0d 0a   7016228437424,..
13740	20 20 20 20 20 20 20 20  20 20 30 2e 30 33 37 36             0.0376
13750	37 35 33 30 36 32 30 30  39 38 31 31 34 2c 0d 0a   7530620098114,..
13760	20 20 20 20 20 20 20 20  20 20 30 2e 30 30 36 33             0.0063
13770	33 37 31 35 32 33 32 38  33 34 32 31 39 39 2c 0d   37152328342199,.
13780	0a 20 20 20 20 20 20 20  20 20 20 30 2e 30 34 38   .          0.048
13790	39 35 39 31 38 34 34 33  37 39 39 30 31 39 2c 0d   95918443799019,.
137a0	0a 20 20 20 20 20 20 20  20 20 20 2d 30 2e 30 33   .          -0.03
137b0	36 36 30 35 37 34 35 35  35 33 39 37 30 33 34 2c   660574555397034,
137c0	0d 0a 20 20 20 20 20 20  20 20 20 20 30 2e 30 36   ..          0.06
137d0	32 34 36 32 33 39 36 39  31 39 37 32 37 33 32 35   2462396919727325
137e0	2c 0d 0a 20 20 20 20 20  20 20 20 20 20 30 2e 30   ,..          0.0
137f0	31 36 34 30 34 34 30 31  35 31 30 39 35 33 39 30   1640440151095390
13800	33 2c 0d 0a 20 20 20 20  20 20 20 20 20 20 30 2e   3,..          0.
13810	30 33 37 36 34 38 35 36  39 37 39 32 35 30 39 30   0376485697925090
13820	38 2c 0d 0a 20 20 20 20  20 20 20 20 20 20 30 2e   8,..          0.
13830	30 32 39 30 31 31 38 35  38 36 32 37 32 30 30 31   0290118586272001
13840	32 37 2c 0d 0a 20 20 20  20 20 20 20 20 20 20 2d   27,..          -
13850	30 2e 30 31 32 38 36 38  31 36 33 31 37 35 38 38   0.01286816317588
13860	30 39 30 39 2c 0d 0a 20  20 20 20 20 20 20 20 20   0909,..         
13870	20 2d 30 2e 30 30 35 31  33 33 38 39 35 36 36 39    -0.005133895669
13880	31 33 32 34 37 31 2c 0d  0a 20 20 20 20 20 20 20   132471,..       
13890	20 20 20 2d 30 2e 30 30  38 34 35 36 32 32 31 37      -0.0084562217
138a0	38 31 36 37 31 30 34 37  2c 0d 0a 20 20 20 20 20   81671047,..     
138b0	20 20 20 20 20 30 2e 30  35 37 32 37 35 30 32 33        0.057275023
138c0	33 31 31 33 37 36 35 37  2c 0d 0a 20 20 20 20 20   31137657,..     
138d0	20 20 20 20 20 30 2e 30  35 34 32 32 36 37 37 34        0.054226774
138e0	37 32 32 33 33 37 37 32  2c 0d 0a 20 20 20 20 20   72233772,..     
138f0	20 20 20 20 20 30 2e 30  31 34 34 35 32 34 35 30        0.014452450
13900	39 30 38 37 32 30 34 39  33 2c 0d 0a 20 20 20 20   908720493,..    
13910	20 20 20 20 20 20 30 2e  30 31 38 36 33 37 31 31         0.01863711
13920	31 34 31 30 34 39 38 36  32 2c 0d 0a 20 20 20 20   141049862,..    
13930	20 20 20 20 20 20 30 2e  30 30 39 33 39 32 30 38         0.00939208
13940	38 32 37 39 31 32 38 30  37 35 2c 0d 0a 20 20 20   8279128075,..   
13950	20 20 20 20 20 20 20 30  2e 30 31 39 33 30 35 35          0.0193055
13960	38 36 38 31 34 38 38 30  33 37 2c 0d 0a 20 20 20   8681488037,..   
13970	20 20 20 20 20 20 20 30  2e 30 32 30 37 37 36 32          0.0207762
13980	33 34 35 36 37 31 36 35  33 37 35 2c 0d 0a 20 20   34567165375,..  
13990	20 20 20 20 20 20 20 20  2d 30 2e 30 33 31 30 39           -0.03109
139a0	37 35 30 33 33 37 38 39  38 37 33 31 32 2c 0d 0a   7503378987312,..
139b0	20 20 20 20 20 20 20 20  20 20 30 2e 30 34 37 37             0.0477
139c0	30 32 34 34 36 35 37 39  39 33 33 31 36 37 2c 0d   02446579933167,.
139d0	0a 20 20 20 20 20 20 20  20 20 20 2d 30 2e 30 34   .          -0.04
139e0	36 32 35 38 35 33 38 39  36 31 34 31 30 35 32 2c   625853896141052,
139f0	0d 0a 20 20 20 20 20 20  20 20 20 20 2d 30 2e 30   ..          -0.0
13a00	31 36 35 33 38 30 39 36  35 39 31 38 33 30 32 35   1653809659183025
13a10	34 2c 0d 0a 20 20 20 20  20 20 20 20 20 20 2d 30   4,..          -0
13a20	2e 30 30 35 36 37 32 30  31 38 39 37 35 30 31 39   .005672018975019
13a30	34 35 35 2c 0d 0a 20 20  20 20 20 20 20 20 20 20   455,..          
13a40	30 2e 30 31 37 34 34 37  32 32 33 38 38 36 38 34   0.01744722388684
13a50	37 34 39 36 2c 0d 0a 20  20 20 20 20 20 20 20 20   7496,..         
13a60	20 30 2e 31 32 32 32 35  30 38 39 32 32 32 31 39    0.1222508922219
13a70	32 37 36 34 2c 0d 0a 20  20 20 20 20 20 20 20 20   2764,..         
13a80	20 2d 30 2e 30 30 32 32  31 37 36 36 39 32 37 32    -0.002217669272
13a90	37 39 35 33 31 39 36 2c  0d 0a 20 20 20 20 20 20   7953196,..      
13aa0	20 20 20 20 30 2e 30 30  37 30 31 32 33 31 33 32       0.0070123132
13ab0	33 31 38 32 35 38 32 38  36 2c 0d 0a 20 20 20 20   318258286,..    
13ac0	20 20 20 20 20 20 30 2e  30 34 35 38 38 34 31 39         0.04588419
13ad0	31 39 38 39 38 39 38 36  38 2c 0d 0a 20 20 20 20   198989868,..    
13ae0	20 20 20 20 20 20 30 2e  30 37 39 33 36 31 34 36         0.07936146
13af0	38 35 35 33 35 34 33 30  39 2c 0d 0a 20 20 20 20   855354309,..    
13b00	20 20 20 20 20 20 30 2e  30 31 38 37 39 37 35 34         0.01879754
13b10	34 37 36 32 34 39 32 31  38 2c 0d 0a 20 20 20 20   476249218,..    
13b20	20 20 20 20 20 20 30 2e  30 30 32 39 38 38 30 38         0.00298808
13b30	37 37 31 31 38 35 35 37  36 39 2c 0d 0a 20 20 20   7711855769,..   
13b40	20 20 20 20 20 20 20 2d  30 2e 30 34 31 31 35 31          -0.041151
13b50	33 38 32 30 32 39 30 35  36 35 35 2c 0d 0a 20 20   38202905655,..  
13b60	20 20 20 20 20 20 20 20  30 2e 31 30 33 31 35 39           0.103159
13b70	32 31 39 30 32 36 35 36  35 35 35 2c 0d 0a 20 20   21902656555,..  
13b80	20 20 20 20 20 20 20 20  30 2e 30 36 31 37 36 37           0.061767
13b90	31 38 33 32 34 34 32 32  38 33 36 2c 0d 0a 20 20   18324422836,..  
13ba0	20 20 20 20 20 20 20 20  2d 30 2e 30 34 37 36 37           -0.04767
13bb0	35 37 31 30 31 37 31 34  36 31 31 30 35 2c 0d 0a   5710171461105,..
13bc0	20 20 20 20 20 20 20 20  20 20 2d 30 2e 30 34 31             -0.041
13bd0	33 39 32 30 33 35 37 38  32 33 33 37 31 39 2c 0d   39203578233719,.
13be0	0a 20 20 20 20 20 20 20  20 20 20 30 2e 30 30 31   .          0.001
13bf0	37 39 33 31 38 36 38 37  38 37 38 35 34 39 31 2c   793186878785491,
13c00	0d 0a 20 20 20 20 20 20  20 20 20 20 30 2e 30 33   ..          0.03
13c10	37 33 30 30 39 36 32 39  35 34 37 35 39 36 2c 0d   73009629547596,.
13c20	0a 20 20 20 20 20 20 20  20 20 20 30 2e 30 33 33   .          0.033
13c30	39 35 38 35 38 30 33 34  34 39 31 35 33 39 2c 0d   95858034491539,.
13c40	0a 20 20 20 20 20 20 20  20 20 20 2d 30 2e 30 30   .          -0.00
13c50	35 37 30 38 37 38 35 32  36 31 39 35 38 38 33 37   5708785261958837
13c60	35 2c 0d 0a 20 20 20 20  20 20 20 20 20 20 2d 30   5,..          -0
13c70	2e 30 33 33 38 32 34 38  38 37 31 32 36 36 38 34   .033824887126684
13c80	31 39 2c 0d 0a 20 20 20  20 20 20 20 20 20 20 2d   19,..          -
13c90	30 2e 30 33 31 30 39 37  35 30 33 33 37 38 39 38   0.03109750337898
13ca0	37 33 31 32 2c 0d 0a 20  20 20 20 20 20 20 20 20   7312,..         
13cb0	20 2d 30 2e 30 30 34 33  36 31 38 30 35 39 37 31    -0.004361805971
13cc0	37 31 31 38 37 34 2c 0d  0a 20 20 20 20 20 20 20   711874,..       
13cd0	20 20 20 30 2e 30 33 30  33 34 38 38 31 31 32 39      0.03034881129
13ce0	38 36 30 38 37 38 2c 0d  0a 20 20 20 20 20 20 20   860878,..       
13cf0	20 20 20 2d 30 2e 30 32  37 33 36 37 34 30 37 34      -0.0273674074
13d00	35 36 30 34 30 33 38 32  2c 0d 0a 20 20 20 20 20   56040382,..     
13d10	20 20 20 20 20 2d 30 2e  30 32 36 35 37 38 36 30        -0.02657860
13d20	35 31 37 35 30 31 38 33  31 2c 0d 0a 20 20 20 20   517501831,..    
13d30	20 20 20 20 20 20 2d 30  2e 30 33 35 35 38 39 36         -0.0355896
13d40	36 31 34 34 39 31 39 33  39 35 34 2c 0d 0a 20 20   61449193954,..  
13d50	20 20 20 20 20 20 20 20  2d 30 2e 30 32 35 30 35           -0.02505
13d60	34 34 38 30 38 38 30 34  39 38 38 38 36 2c 0d 0a   4480880498886,..
13d70	20 20 20 20 20 20 20 20  20 20 30 2e 30 32 36 33             0.0263
13d80	36 34 36 39 33 34 31 38  31 34 35 31 38 2c 0d 0a   6469341814518,..
13d90	20 20 20 20 20 20 20 20  20 20 30 2e 30 34 37 35             0.0475
13da0	36 38 37 35 33 33 36 31  37 30 31 39 36 35 2c 0d   68753361701965,.
13db0	0a 20 20 20 20 20 20 20  20 20 20 2d 30 2e 30 37   .          -0.07
13dc0	36 33 36 36 37 30 30 32  33 32 30 32 38 39 36 2c   636670023202896,
13dd0	0d 0a 20 20 20 20 20 20  20 20 20 20 30 2e 30 32   ..          0.02
13de0	38 36 33 37 35 31 31 36  35 35 36 38 38 32 38 36   8637511655688286
13df0	2c 0d 0a 20 20 20 20 20  20 20 20 20 20 2d 30 2e   ,..          -0.
13e00	30 30 32 34 37 36 37 30  33 36 30 38 34 30 38 35   0024767036084085
13e10	37 30 33 2c 0d 0a 20 20  20 20 20 20 20 20 20 20   703,..          
13e20	30 2e 30 31 31 31 33 30  31 32 35 32 36 31 38 34   0.01113012526184
13e30	33 32 30 34 2c 0d 0a 20  20 20 20 20 20 20 20 20   3204,..         
13e40	20 30 2e 30 31 30 30 32  37 31 34 30 33 37 38 39    0.0100271403789
13e50	35 32 30 32 36 2c 0d 0a  20 20 20 20 20 20 20 20   52026,..        
13e60	20 20 30 2e 30 31 38 31  35 35 38 30 37 36 32 39     0.018155807629
13e70	32 32 37 36 33 38 2c 0d  0a 20 20 20 20 20 20 20   227638,..       
13e80	20 20 20 2d 30 2e 30 33  30 37 34 39 38 39 36 35      -0.0307498965
13e90	34 31 32 33 37 38 33 2c  0d 0a 20 20 20 20 20 20   4123783,..      
13ea0	20 20 20 20 30 2e 30 32  38 36 39 30 39 39 30 30       0.0286909900
13eb0	36 30 35 36 37 38 35 36  2c 0d 0a 20 20 20 20 20   60567856,..     
13ec0	20 20 20 20 20 30 2e 30  31 33 35 31 36 35 38 35        0.013516585
13ed0	33 34 32 35 38 36 30 34  2c 0d 0a 20 20 20 20 20   34258604,..     
13ee0	20 20 20 20 20 30 2e 30  31 31 35 31 31 31 35 37        0.011511157
13ef0	32 36 36 37 39 35 36 33  35 2c 0d 0a 20 20 20 20   266795635,..    
13f00	20 20 20 20 20 20 30 2e  30 32 36 30 33 30 34 35         0.02603045
13f10	36 36 34 37 32 37 36 38  38 2c 0d 0a 20 20 20 20   664727688,..    
13f20	20 20 20 20 20 20 30 2e  30 31 34 33 33 32 31 32         0.01433212
13f30	35 38 39 34 37 32 35 33  32 33 2c 0d 0a 20 20 20   5894725323,..   
13f40	20 20 20 20 20 20 20 2d  30 2e 30 33 36 37 33 39          -0.036739
13f50	34 34 32 34 39 37 34 39  31 38 34 2c 0d 0a 20 20   44249749184,..  
13f60	20 20 20 20 20 20 20 20  2d 30 2e 30 30 30 33 36           -0.00036
13f70	36 34 30 38 34 30 36 39  38 39 36 34 38 39 34 2c   640840698964894,
13f80	0d 0a 20 20 20 20 20 20  20 20 20 20 30 2e 30 30   ..          0.00
13f90	31 33 30 36 30 33 34 39  37 33 38 32 32 35 33 34   1306034973822534
13fa0	2c 0d 0a 20 20 20 20 20  20 20 20 20 20 30 2e 30   ,..          0.0
13fb0	30 30 32 36 33 32 31 32  34 32 33 33 30 35 39 35   0026321242330595
13fc0	38 35 2c 0d 0a 20 20 20  20 20 20 20 20 20 20 30   85,..          0
13fd0	2e 30 34 30 38 33 30 35  31 35 33 32 35 30 36 39   .040830515325069
13fe0	34 33 2c 0d 0a 20 20 20  20 20 20 20 20 20 20 30   43,..          0
13ff0	2e 30 33 39 33 38 36 36  30 37 37 30 36 35 34 36   .039386607706546
14000	37 38 2c 0d 0a 20 20 20  20 20 20 20 20 20 20 2d   78,..          -
14010	30 2e 30 35 34 32 32 36  37 37 34 37 32 32 33 33   0.05422677472233
14020	37 37 32 2c 0d 0a 20 20  20 20 20 20 20 20 20 20   772,..          
14030	30 2e 30 32 31 32 37 30  39 30 36 35 35 32 36 37   0.02127090655267
14040	32 33 38 36 2c 0d 0a 20  20 20 20 20 20 20 20 20   2386,..         
14050	20 2d 30 2e 30 35 35 36  31 37 32 30 32 30 37 33    -0.055617202073
14060	33 33 35 36 35 2c 0d 0a  20 20 20 20 20 20 20 20   33565,..        
14070	20 20 2d 30 2e 30 32 35  38 38 33 33 39 31 34 39     -0.02588339149
14080	39 35 31 39 33 34 38 2c  0d 0a 20 20 20 20 20 20   9519348,..      
14090	20 20 20 20 30 2e 30 33  31 39 35 33 31 35 32 32       0.0319531522
140a0	36 39 31 32 34 39 38 35  2c 0d 0a 20 20 20 20 20   69124985,..     
140b0	20 20 20 20 20 30 2e 30  31 32 32 31 33 30 35 36        0.012213056
140c0	39 30 37 30 35 37 37 36  32 2c 0d 0a 20 20 20 20   907057762,..    
140d0	20 20 20 20 20 20 30 2e  30 31 36 34 37 31 32 34         0.01647124
140e0	38 31 32 30 30 36 39 35  30 34 2c 0d 0a 20 20 20   8120069504,..   
140f0	20 20 20 20 20 20 20 2d  30 2e 30 32 38 35 33 30          -0.028530
14100	35 35 36 37 30 38 35 37  34 32 39 35 2c 0d 0a 20   556708574295,.. 
14110	20 20 20 20 20 20 20 20  20 30 2e 30 33 32 36 32            0.03262
14120	31 36 32 39 35 33 36 31  35 31 38 38 36 2c 0d 0a   1629536151886,..
14130	20 20 20 20 20 20 20 20  20 20 2d 30 2e 30 30 32             -0.002
14140	39 35 36 33 33 35 31 39  39 39 39 36 38 32 39 2c   956335199996829,
14150	0d 0a 20 20 20 20 20 20  20 20 20 20 30 2e 30 36   ..          0.06
14160	31 35 35 33 32 36 39 36  32 34 37 31 30 30 38 2c   155326962471008,
14170	0d 0a 20 20 20 20 20 20  20 20 20 20 2d 30 2e 30   ..          -0.0
14180	36 35 38 33 31 35 31 39  36 36 33 33 33 33 38 39   6583151966333389
14190	2c 0d 0a 20 20 20 20 20  20 20 20 20 20 30 2e 30   ,..          0.0
141a0	33 33 31 38 33 31 34 39  39 39 33 34 31 39 36 35   3318314999341965
141b0	2c 0d 0a 20 20 20 20 20  20 20 20 20 20 2d 30 2e   ,..          -0.
141c0	30 32 39 38 36 37 35 30  37 35 31 37 33 33 37 38   0298675075173378
141d0	2c 0d 0a 20 20 20 20 20  20 20 20 20 20 2d 30 2e   ,..          -0.
141e0	30 33 36 36 33 32 34 38  35 36 38 37 37 33 32 37   0366324856877327
141f0	2c 0d 0a 20 20 20 20 20  20 20 20 20 20 2d 30 2e   ,..          -0.
14200	30 32 31 39 35 32 37 35  32 30 32 33 39 33 35 33   0219527520239353
14210	31 38 2c 0d 0a 20 20 20  20 20 20 20 20 20 20 30   18,..          0
14220	2e 30 31 30 38 38 39 34  37 34 33 30 32 35 33 30   .010889474302530
14230	32 38 39 2c 0d 0a 20 20  20 20 20 20 20 20 20 20   289,..          
14240	30 2e 30 34 32 32 32 30  39 34 36 34 30 31 33 35   0.04222094640135
14250	37 36 35 2c 0d 0a 20 20  20 20 20 20 20 20 20 20   765,..          
14260	30 2e 30 36 39 33 30 37  35 39 35 34 39 31 34 30   0.06930759549140
14270	39 33 2c 0d 0a 20 20 20  20 20 20 20 20 20 20 30   93,..          0
14280	2e 30 30 31 34 38 30 36  37 34 33 37 31 31 32 33   .001480674371123
14290	33 31 34 2c 0d 0a 20 20  20 20 20 20 20 20 20 20   314,..          
142a0	2d 30 2e 30 31 34 31 33  31 35 38 33 32 37 33 34   -0.0141315832734
142b0	31 30 37 39 37 2c 0d 0a  20 20 20 20 20 20 20 20   10797,..        
142c0	20 20 2d 30 2e 30 34 31  38 37 33 33 33 35 38 33     -0.04187333583
142d0	38 33 31 37 38 37 2c 0d  0a 20 20 20 20 20 20 20   831787,..       
142e0	20 20 20 2d 30 2e 30 31  38 37 31 37 33 32 38 30      -0.0187173280
142f0	38 36 34 39 35 34 2c 0d  0a 20 20 20 20 20 20 20   864954,..       
14300	20 20 20 2d 30 2e 30 35  30 32 34 32 36 35 34 39      -0.0502426549
14310	37 39 32 32 38 39 37 2c  0d 0a 20 20 20 20 20 20   7922897,..      
14320	20 20 20 20 30 2e 30 32  37 37 32 38 33 38 34 33       0.0277283843
14330	36 30 36 37 31 30 34 33  2c 0d 0a 20 20 20 20 20   60671043,..     
14340	20 20 20 20 20 30 2e 30  31 36 39 31 32 34 34 33        0.016912443
14350	35 36 33 33 34 32 30 39  34 2c 0d 0a 20 20 20 20   563342094,..    
14360	20 20 20 20 20 20 2d 30  2e 32 37 36 38 30 32 35         -0.2768025
14370	33 39 38 32 35 34 33 39  34 35 2c 0d 0a 20 20 20   3982543945,..   
14380	20 20 20 20 20 20 20 2d  30 2e 30 30 34 38 31 39          -0.004819
14390	37 31 32 31 33 35 39 34  30 37 39 2c 0d 0a 20 20   71213594079,..  
143a0	20 20 20 20 20 20 20 20  30 2e 30 30 31 33 32 32           0.001322
143b0	37 34 36 38 35 38 39 33  32 30 37 37 39 2c 0d 0a   7468589320779,..
143c0	20 20 20 20 20 20 20 20  20 20 30 2e 30 36 30 37             0.0607
143d0	35 31 30 39 39 31 33 39  34 35 31 39 38 2c 0d 0a   5109913945198,..
143e0	20 20 20 20 20 20 20 20  20 20 2d 30 2e 30 32 34             -0.024
143f0	30 37 38 35 30 35 31 31  33 37 32 30 38 39 34 2c   078505113720894,
14400	0d 0a 20 20 20 20 20 20  20 20 20 20 30 2e 30 31   ..          0.01
14410	36 35 36 34 38 33 34 38  36 32 39 34 37 34 36 34   6564834862947464
14420	2c 0d 0a 20 20 20 20 20  20 20 20 20 20 30 2e 30   ,..          0.0
14430	32 33 34 33 36 37 36 37  39 38 30 34 35 36 33 35   2343676798045635
14440	32 2c 0d 0a 20 20 20 20  20 20 20 20 20 20 30 2e   2,..          0.
14450	30 37 31 38 37 34 35 34  34 30 32 34 34 36 37 34   0718745440244674
14460	37 2c 0d 0a 20 20 20 20  20 20 20 20 20 20 2d 30   7,..          -0
14470	2e 30 34 35 39 31 30 39  33 32 31 32 33 36 36 31   .045910932123661
14480	30 34 2c 0d 0a 20 20 20  20 20 20 20 20 20 20 30   04,..          0
14490	2e 30 33 32 32 32 30 35  34 32 34 33 30 38 37 37   .032220542430877
144a0	36 38 36 2c 0d 0a 20 20  20 20 20 20 20 20 20 20   686,..          
144b0	30 2e 30 31 32 33 35 33  34 33 37 30 32 31 33 37   0.01235343702137
144c0	34 37 30 32 2c 0d 0a 20  20 20 20 20 20 20 20 20   4702,..         
144d0	20 30 2e 30 37 36 34 37  33 36 35 33 33 31 36 34    0.0764736533164
144e0	39 37 38 2c 0d 0a 20 20  20 20 20 20 20 20 20 20   978,..          
144f0	2d 30 2e 30 35 38 32 39  31 31 30 37 34 31 36 31   -0.0582911074161
14500	35 32 39 35 34 2c 0d 0a  20 20 20 20 20 20 20 20   52954,..        
14510	20 20 2d 30 2e 30 33 38  30 37 36 33 39 33 33 30     -0.03807639330
14520	36 32 35 35 33 34 2c 0d  0a 20 20 20 20 20 20 20   625534,..       
14530	20 20 20 2d 30 2e 30 31  33 39 34 34 34 30 39 37      -0.0139444097
14540	38 37 36 35 34 38 37 37  2c 0d 0a 20 20 20 20 20   87654877,..     
14550	20 20 20 20 20 2d 30 2e  30 32 30 36 30 32 34 33        -0.02060243
14560	31 31 34 38 32 39 30 36  33 34 2c 0d 0a 20 20 20   1148290634,..   
14570	20 20 20 20 20 20 20 2d  30 2e 30 30 32 35 36 35          -0.002565
14580	32 37 36 35 37 36 32 30  36 30 38 38 2c 0d 0a 20   276576206088,.. 
14590	20 20 20 20 20 20 20 20  20 2d 30 2e 30 32 38 35            -0.0285
145a0	35 37 32 39 34 39 37 39  36 39 31 35 30 35 2c 0d   57294979691505,.
145b0	0a 20 20 20 20 20 20 20  20 20 20 30 2e 30 36 37   .          0.067
145c0	34 33 35 38 36 30 36 33  33 38 35 30 31 2c 0d 0a   4358606338501,..
145d0	20 20 20 20 20 20 20 20  20 20 30 2e 30 32 39 38             0.0298
145e0	31 34 30 32 39 31 31 32  34 35 38 32 33 2c 0d 0a   1402911245823,..
145f0	20 20 20 20 20 20 20 20  20 20 2d 30 2e 30 31 30             -0.010
14600	31 38 30 38 38 39 36 32  38 38 32 37 35 37 32 2c   180889628827572,
14610	0d 0a 20 20 20 20 20 20  20 20 20 20 30 2e 30 32   ..          0.02
14620	32 33 34 30 34 36 39 30  36 32 33 32 38 33 34 2c   234046906232834,
14630	0d 0a 20 20 20 20 20 20  20 20 20 20 30 2e 31 32   ..          0.12
14640	37 30 36 33 39 31 35 31  33 33 34 37 36 32 36 2c   706391513347626,
14650	0d 0a 20 20 20 20 20 20  20 20 20 20 30 2e 30 30   ..          0.00
14660	38 35 37 36 35 34 36 37  39 35 36 36 36 32 31 38   8576546795666218
14670	2c 0d 0a 20 20 20 20 20  20 20 20 20 20 30 2e 30   ,..          0.0
14680	31 34 31 35 38 33 32 31  35 34 34 35 32 38 30 30   1415832154452800
14690	38 2c 0d 0a 20 20 20 20  20 20 20 20 20 20 30 2e   8,..          0.
146a0	30 31 33 39 30 34 33 30  30 35 31 38 33 33 33 39   0139043005183339
146b0	31 32 2c 0d 0a 20 20 20  20 20 20 20 20 20 20 2d   12,..          -
146c0	30 2e 30 34 31 37 36 36  33 38 32 37 35 33 38 34   0.04176638275384
146d0	39 30 33 2c 0d 0a 20 20  20 20 20 20 20 20 20 20   903,..          
146e0	2d 30 2e 30 33 35 38 33  30 33 31 35 32 30 32 34   -0.0358303152024
146f0	37 34 35 39 34 2c 0d 0a  20 20 20 20 20 20 20 20   74594,..        
14700	20 20 2d 30 2e 30 31 33  36 35 36 39 36 34 35 32     -0.01365696452
14710	35 35 38 30 34 30 36 2c  0d 0a 20 20 20 20 20 20   5580406,..      
14720	20 20 20 20 2d 30 2e 30  36 37 35 39 36 32 39 33       -0.067596293
14730	39 38 35 38 34 33 36 36  2c 0d 0a 20 20 20 20 20   98584366,..     
14740	20 20 20 20 20 30 2e 30  33 30 36 34 32 39 33 39        0.030642939
14750	37 33 31 34 37 38 36 39  2c 0d 0a 20 20 20 20 20   73147869,..     
14760	20 20 20 20 20 2d 30 2e  30 32 31 39 31 32 36 34        -0.02191264
14770	33 36 38 35 39 33 36 39  32 38 2c 0d 0a 20 20 20   3685936928,..   
14780	20 20 20 20 20 20 20 30  2e 30 37 34 30 31 33 36          0.0740136
14790	36 35 33 31 38 34 38 39  30 37 2c 0d 0a 20 20 20   6531848907,..   
147a0	20 20 20 20 20 20 20 2d  30 2e 30 32 35 34 32 38          -0.025428
147b0	38 32 37 38 35 32 30 31  30 37 32 37 2c 0d 0a 20   827852010727,.. 
147c0	20 20 20 20 20 20 20 20  20 30 2e 30 35 31 31 35            0.05115
147d0	31 37 38 35 39 39 39 35  33 36 35 31 34 2c 0d 0a   1785999536514,..
147e0	20 20 20 20 20 20 20 20  20 20 30 2e 30 36 38 32             0.0682
147f0	33 38 30 32 37 33 39 33  38 31 37 39 2c 0d 0a 20   380273938179,.. 
14800	20 20 20 20 20 20 20 20  20 2d 30 2e 30 31 39 37            -0.0197
14810	32 30 30 34 32 31 32 34  33 39 30 36 30 32 2c 0d   20042124390602,.
14820	0a 20 20 20 20 20 20 20  20 20 20 30 2e 30 30 39   .          0.009
14830	38 34 36 36 35 31 39 32  36 36 33 36 36 39 36 2c   846651926636696,
14840	0d 0a 20 20 20 20 20 20  20 20 20 20 30 2e 30 33   ..          0.03
14850	37 36 34 38 35 36 39 37  39 32 35 30 39 30 38 2c   764856979250908,
14860	0d 0a 20 20 20 20 20 20  20 20 20 20 30 2e 30 31   ..          0.01
14870	32 34 38 30 34 34 37 30  36 38 38 31 30 34 36 33   2480447068810463
14880	2c 0d 0a 20 20 20 20 20  20 20 20 20 20 2d 30 2e   ,..          -0.
14890	30 33 31 36 38 35 37 36  32 31 30 37 33 37 32 32   0316857621073722
148a0	38 34 2c 0d 0a 20 20 20  20 20 20 20 20 20 20 30   84,..          0
148b0	2e 30 35 33 36 39 31 39  39 34 33 39 38 38 33 32   .053691994398832
148c0	33 32 2c 0d 0a 20 20 20  20 20 20 20 20 20 20 2d   32,..          -
148d0	30 2e 30 39 37 39 37 31  38 34 31 36 39 32 39 32   0.09797184169292
148e0	34 35 2c 0d 0a 20 20 20  20 20 20 20 20 20 20 2d   45,..          -
148f0	30 2e 30 30 33 35 34 32  39 32 32 39 30 32 38 35   0.00354292290285
14900	32 32 39 37 2c 0d 0a 20  20 20 20 20 20 20 20 20   2297,..         
14910	20 30 2e 30 36 36 31 35  32 33 38 36 33 36 37 33    0.0661523863673
14920	32 31 30 31 2c 0d 0a 20  20 20 20 20 20 20 20 20   2101,..         
14930	20 30 2e 30 31 37 39 30  31 37 38 37 35 33 34 33    0.0179017875343
14940	35 36 31 31 37 2c 0d 0a  20 20 20 20 20 20 20 20   56117,..        
14950	20 20 2d 30 2e 30 33 31  39 37 39 38 39 32 34 30     -0.03197989240
14960	32 38 38 37 33 34 34 2c  0d 0a 20 20 20 20 20 20   2887344,..      
14970	20 20 20 20 2d 30 2e 30  37 33 33 31 38 34 35 31       -0.073318451
14980	36 34 32 39 39 30 31 31  2c 0d 0a 20 20 20 20 20   64299011,..     
14990	20 20 20 20 20 30 2e 30  35 39 34 31 34 31 34 38        0.059414148
149a0	33 33 30 36 38 38 34 38  2c 0d 0a 20 20 20 20 20   33068848,..     
149b0	20 20 20 20 20 30 2e 30  37 30 35 39 31 30 36 39        0.070591069
149c0	37 35 37 39 33 38 33 39  2c 0d 0a 20 20 20 20 20   75793839,..     
149d0	20 20 20 20 20 30 2e 30  32 34 38 32 37 31 39 39        0.024827199
149e0	30 35 36 37 34 34 35 37  36 2c 0d 0a 20 20 20 20   056744576,..    
149f0	20 20 20 20 20 20 2d 30  2e 30 32 31 30 38 33 37         -0.0210837
14a00	33 33 30 36 36 39 31 36  34 36 36 2c 0d 0a 20 20   33066916466,..  
14a10	20 20 20 20 20 20 20 20  30 2e 30 35 34 33 33 33           0.054333
14a20	37 33 31 35 33 32 30 39  36 38 36 2c 0d 0a 20 20   73153209686,..  
14a30	20 20 20 20 20 20 20 20  30 2e 30 33 30 39 31 30           0.030910
14a40	33 32 39 38 39 33 32 33  31 33 39 32 2c 0d 0a 20   329893231392,.. 
14a50	20 20 20 20 20 20 20 20  20 30 2e 30 33 38 37 37            0.03877
14a60	31 36 30 36 39 38 31 37  35 34 33 2c 0d 0a 20 20   16069817543,..  
14a70	20 20 20 20 20 20 20 20  2d 30 2e 30 30 38 38 39           -0.00889
14a80	30 37 33 31 32 36 30 31  38 30 34 37 33 2c 0d 0a   0731260180473,..
14a90	20 20 20 20 20 20 20 20  20 20 30 2e 30 31 33 35             0.0135
14aa0	37 36 37 34 37 38 34 39  35 38 33 36 32 36 2c 0d   76747849583626,.
14ab0	0a 20 20 20 20 20 20 20  20 20 20 2d 30 2e 30 37   .          -0.07
14ac0	36 37 34 31 30 34 37 32  30 33 35 34 30 38 2c 0d   67410472035408,.
14ad0	0a 20 20 20 20 20 20 20  20 20 20 30 2e 30 35 32   .          0.052
14ae0	30 33 34 31 37 33 31 36  30 37 39 31 34 2c 0d 0a   0341731607914,..
14af0	20 20 20 20 20 20 20 20  20 20 30 2e 30 31 31 38             0.0118
14b00	37 38 38 31 38 32 37 33  35 34 34 33 31 32 2c 0d   78818273544312,.
14b10	0a 20 20 20 20 20 20 20  20 20 20 2d 30 2e 30 31   .          -0.01
14b20	37 30 38 36 32 34 36 39  38 32 32 31 36 38 33 35   7086246982216835
14b30	2c 0d 0a 20 20 20 20 20  20 20 20 20 20 30 2e 30   ,..          0.0
14b40	30 33 33 37 30 37 39 30  32 37 36 36 37 36 34 31   0337079027667641
14b50	36 34 2c 0d 0a 20 20 20  20 20 20 20 20 20 20 30   64,..          0
14b60	2e 30 33 38 32 39 30 33  30 36 39 32 35 37 37 33   .038290306925773
14b70	36 32 2c 0d 0a 20 20 20  20 20 20 20 20 20 20 30   62,..          0
14b80	2e 30 32 33 32 37 36 33  33 34 36 32 38 34 36 32   .023276334628462
14b90	37 39 2c 0d 0a 20 20 20  20 20 20 20 20 20 20 30   79,..          0
14ba0	2e 30 32 38 35 38 34 30  33 33 32 35 30 38 30 38   .028584033250808
14bb0	37 31 36 0d 0a 20 20 20  20 20 20 20 20 5d 2c 0d   716..        ],.
14bc0	0a 20 20 20 20 20 20 20  20 22 6b 65 79 77 6f 72   .        "keywor
14bd0	64 73 22 3a 20 7b 0d 0a  20 20 20 20 20 20 20 20   ds": {..        
14be0	20 20 22 69 6e 64 69 63  65 73 22 3a 20 5b 0d 0a     "indices": [..
14bf0	20 20 20 20 20 20 20 20  20 20 20 20 31 30 38 37               1087
14c00	30 31 36 31 38 39 2c 0d  0a 20 20 20 20 20 20 20   016189,..       
14c10	20 20 20 20 20 31 37 34  35 34 35 30 37 30 36 2c        1745450706,
14c20	0d 0a 20 20 20 20 20 20  20 20 20 20 20 20 35 33   ..            53
14c30	39 35 32 34 32 34 36 2c  0d 0a 20 20 20 20 20 20   9524246,..      
14c40	20 20 20 20 20 20 37 34  30 35 33 31 37 32 38 2c         740531728,
14c50	0d 0a 20 20 20 20 20 20  20 20 20 20 20 20 31 32   ..            12
14c60	36 30 38 38 35 32 32 33  2c 0d 0a 20 20 20 20 20   60885223,..     
14c70	20 20 20 20 20 20 20 35  33 34 38 37 39 31 31 2c          53487911,
14c80	0d 0a 20 20 20 20 20 20  20 20 20 20 20 20 31 32   ..            12
14c90	32 39 35 35 34 34 31 35  2c 0d 0a 20 20 20 20 20   29554415,..     
14ca0	20 20 20 20 20 20 20 31  33 35 34 34 34 37 31 32          135444712
14cb0	30 2c 0d 0a 20 20 20 20  20 20 20 20 20 20 20 20   0,..            
14cc0	35 37 37 37 34 35 35 34  2c 0d 0a 20 20 20 20 20   57774554,..     
14cd0	20 20 20 20 20 20 20 31  32 35 39 30 38 39 34 36          125908946
14ce0	2c 0d 0a 20 20 20 20 20  20 20 20 20 20 20 20 35   ,..            5
14cf0	30 35 37 30 38 38 36 31  2c 0d 0a 20 20 20 20 20   05708861,..     
14d00	20 20 20 20 20 20 20 31  30 30 30 36 32 39 36 34          100062964
14d10	38 2c 0d 0a 20 20 20 20  20 20 20 20 20 20 20 20   8,..            
14d20	31 33 39 34 32 32 36 36  36 30 2c 0d 0a 20 20 20   1394226660,..   
14d30	20 20 20 20 20 20 20 20  20 31 30 30 34 33 38 37            1004387
14d40	34 31 2c 0d 0a 20 20 20  20 20 20 20 20 20 20 20   41,..           
14d50	20 31 35 33 34 32 30 36  30 34 36 2c 0d 0a 20 20    1534206046,..  
14d60	20 20 20 20 20 20 20 20  20 20 31 35 30 36 38 36             150686
14d70	32 37 39 32 2c 0d 0a 20  20 20 20 20 20 20 20 20   2792,..         
14d80	20 20 20 31 37 36 37 37  34 31 34 31 39 2c 0d 0a      1767741419,..
14d90	20 20 20 20 20 20 20 20  20 20 20 20 31 32 39 35               1295
14da0	32 33 32 34 39 33 2c 0d  0a 20 20 20 20 20 20 20   232493,..       
14db0	20 20 20 20 20 31 30 33  39 36 32 38 34 35 38 2c        1039628458,
14dc0	0d 0a 20 20 20 20 20 20  20 20 20 20 20 20 31 32   ..            12
14dd0	36 31 34 35 31 39 35 34  2c 0d 0a 20 20 20 20 20   61451954,..     
14de0	20 20 20 20 20 20 20 31  31 38 38 34 38 36 36 34          118848664
14df0	33 0d 0a 20 20 20 20 20  20 20 20 20 20 5d 2c 0d   3..          ],.
14e00	0a 20 20 20 20 20 20 20  20 20 20 22 76 61 6c 75   .          "valu
14e10	65 73 22 3a 20 5b 0d 0a  20 20 20 20 20 20 20 20   es": [..        
14e20	20 20 20 20 31 2e 35 38  35 31 33 39 33 31 38 38       1.5851393188
14e30	38 35 34 34 39 2c 0d 0a  20 20 20 20 20 20 20 20   85449,..        
14e40	20 20 20 20 31 2e 35 38  35 31 33 39 33 31 38 38       1.5851393188
14e50	38 35 34 34 39 2c 0d 0a  20 20 20 20 20 20 20 20   85449,..        
14e60	20 20 20 20 31 2e 38 34  32 36 33 30 34 35 39 36       1.8426304596
14e70	37 36 31 30 30 35 2c 0d  0a 20 20 20 20 20 20 20   761005,..       
14e80	20 20 20 20 20 31 2e 38  34 32 36 33 30 34 35 39        1.842630459
14e90	36 37 36 31 30 30 35 2c  0d 0a 20 20 20 20 20 20   6761005,..      
14ea0	20 20 20 20 20 20 31 2e  39 34 38 31 31 34 38 33         1.94811483
14eb0	39 31 35 36 30 30 31 37  2c 0d 0a 20 20 20 20 20   91560017,..     
14ec0	20 20 20 20 20 20 20 31  2e 35 38 35 31 33 39 33          1.5851393
14ed0	31 38 38 38 35 34 34 39  2c 0d 0a 20 20 20 20 20   18885449,..     
14ee0	20 20 20 20 20 20 20 31  2e 35 38 35 31 33 39 33          1.5851393
14ef0	31 38 38 38 35 34 34 39  2c 0d 0a 20 20 20 20 20   18885449,..     
14f00	20 20 20 20 20 20 20 31  2e 35 38 35 31 33 39 33          1.5851393
14f10	31 38 38 38 35 34 34 39  2c 0d 0a 20 20 20 20 20   18885449,..     
14f20	20 20 20 20 20 20 20 31  2e 35 38 35 31 33 39 33          1.5851393
14f30	31 38 38 38 35 34 34 39  2c 0d 0a 20 20 20 20 20   18885449,..     
14f40	20 20 20 20 20 20 20 31  2e 35 38 35 31 33 39 33          1.5851393
14f50	31 38 38 38 35 34 34 39  2c 0d 0a 20 20 20 20 20   18885449,..     
14f60	20 20 20 20 20 20 20 31  2e 35 38 35 31 33 39 33          1.5851393
14f70	31 38 38 38 35 34 34 39  2c 0d 0a 20 20 20 20 20   18885449,..     
14f80	20 20 20 20 20 20 20 31  2e 35 38 35 31 33 39 33          1.5851393
14f90	31 38 38 38 35 34 34 39  2c 0d 0a 20 20 20 20 20   18885449,..     
14fa0	20 20 20 20 20 20 20 31  2e 35 38 35 31 33 39 33          1.5851393
14fb0	31 38 38 38 35 34 34 39  2c 0d 0a 20 20 20 20 20   18885449,..     
14fc0	20 20 20 20 20 20 20 31  2e 35 38 35 31 33 39 33          1.5851393
14fd0	31 38 38 38 35 34 34 39  2c 0d 0a 20 20 20 20 20   18885449,..     
14fe0	20 20 20 20 20 20 20 31  2e 35 38 35 31 33 39 33          1.5851393
14ff0	31 38 38 38 35 34 34 39  2c 0d 0a 20 20 20 20 20   18885449,..     
15000	20 20 20 20 20 20 20 31  2e 35 38 35 31 33 39 33          1.5851393
15010	31 38 38 38 35 34 34 39  2c 0d 0a 20 20 20 20 20   18885449,..     
15020	20 20 20 20 20 20 20 31  2e 35 38 35 31 33 39 33          1.5851393
15030	31 38 38 38 35 34 34 39  2c 0d 0a 20 20 20 20 20   18885449,..     
15040	20 20 20 20 20 20 20 31  2e 35 38 35 31 33 39 33          1.5851393
15050	31 38 38 38 35 34 34 39  2c 0d 0a 20 20 20 20 20   18885449,..     
15060	20 20 20 20 20 20 20 31  2e 35 38 35 31 33 39 33          1.5851393
15070	31 38 38 38 35 34 34 39  2c 0d 0a 20 20 20 20 20   18885449,..     
15080	20 20 20 20 20 20 20 31  2e 35 38 35 31 33 39 33          1.5851393
15090	31 38 38 38 35 34 34 39  2c 0d 0a 20 20 20 20 20   18885449,..     
150a0	20 20 20 20 20 20 20 31  2e 35 38 35 31 33 39 33          1.5851393
150b0	31 38 38 38 35 34 34 39  0d 0a 20 20 20 20 20 20   18885449..      
150c0	20 20 20 20 5d 0d 0a 20  20 20 20 20 20 20 20 7d       ]..        }
150d0	0d 0a 20 20 20 20 20 20  7d 2c 0d 0a 20 20 20 20   ..      },..    
150e0	20 20 22 70 61 79 6c 6f  61 64 22 3a 20 7b 0d 0a     "payload": {..
150f0	20 20 20 20 20 20 20 20  22 64 6f 63 75 6d 65 6e           "documen
15100	74 5f 69 64 22 3a 20 22  44 4f 43 2d 30 31 32 22   t_id": "DOC-012"
15110	2c 0d 0a 20 20 20 20 20  20 20 20 22 74 69 74 6c   ,..        "titl
15120	65 22 3a 20 22 51 75 79  20 c4 91 e1 bb 8b 6e 68   e": "Quy .....nh
15130	20 62 c3 a1 6f 20 63 c3  a1 6f 20 74 68 c3 a1 6e    b..o c..o th..n
15140	67 22 2c 0d 0a 20 20 20  20 20 20 20 20 22 64 6f   g",..        "do
15150	6d 61 69 6e 22 3a 20 22  68 61 6e 68 5f 63 68 69   main": "hanh_chi
15160	6e 68 22 2c 0d 0a 20 20  20 20 20 20 20 20 22 64   nh",..        "d
15170	65 70 61 72 74 6d 65 6e  74 22 3a 20 22 50 48 4f   epartment": "PHO
15180	4e 47 5f 48 43 22 2c 0d  0a 20 20 20 20 20 20 20   NG_HC",..       
15190	20 22 64 6f 63 5f 74 79  70 65 22 3a 20 22 71 75    "doc_type": "qu
151a0	79 5f 64 69 6e 68 22 2c  0d 0a 20 20 20 20 20 20   y_dinh",..      
151b0	20 20 22 64 6f 63 5f 73  74 61 74 75 73 22 3a 20     "doc_status": 
151c0	22 41 43 54 49 56 45 22  2c 0d 0a 20 20 20 20 20   "ACTIVE",..     
151d0	20 20 20 22 74 65 78 74  22 3a 20 22 42 c3 a1 6f      "text": "B..o
151e0	20 63 c3 a1 6f 20 74 68  c3 a1 6e 67 20 63 e1 ba    c..o th..ng c..
151f0	a7 6e 20 c4 91 c6 b0 e1  bb a3 63 20 67 e1 bb ad   .n .......c g...
15200	69 20 c4 91 c3 ba 6e 67  20 68 e1 ba a1 6e 20 76   i ....ng h...n v
15210	c3 a0 6f 20 6e 67 c3 a0  79 20 35 20 68 c3 a0 6e   ..o ng..y 5 h..n
15220	67 20 74 68 c3 a1 6e 67  20 c4 91 e1 bb 83 20 c4   g th..ng ..... .
15230	91 e1 ba a3 6d 20 62 e1  ba a3 6f 20 74 69 e1 ba   ....m b...o ti..
15240	bf 6e 20 c4 91 e1 bb 99  20 68 6f e1 ba a1 74 20   .n ..... ho...t 
15250	c4 91 e1 bb 99 6e 67 2e  22 0d 0a 20 20 20 20 20   .....ng."..     
15260	20 7d 0d 0a 20 20 20 20  7d 0d 0a 20 20 5d 0d 0a    }..    }..  ]..
15270	7d                                                 }
